player,player_id,position,player_game_count,team_name,snap_counts_kickoff_return,snap_counts_kickoff,snap_counts_punt_return,snap_counts_punt_coverage,snap_counts_field_goal_blocking,snap_counts_field_goal,grades_misc_st,grades_kickoff_kicker,grades_kick_return,grades_punter,grades_punt_return,grades_fgep_kicker,penalties,declined_penalties,tackles,assists,missed_tackles,season,week
Adam Vinatieri,226,K,1,IND,0,0,0,0,0,6,60.0,,,,,65.6,0,0,0,0,0,2016,7
Phil Dawson,422,K,1,SF,0,2,0,0,0,3,60.0,60.0,,,,63.2,0,0,0,0,0,2016,7
Sebastian Janikowski,595,K,1,OAK,0,9,0,0,0,7,60.1,52.4,,,,71.6,0,0,0,0,0,2016,7
Shane Lechler,673,P,1,HST,0,0,0,5,0,4,60.5,,,64.5,,,0,0,0,0,0,2016,7
Julius Peppers,1010,ED,1,GB,0,0,0,0,2,6,60.5,,,,,,0,0,0,0,0,2016,7
Matt Bryant,1223,K,1,ATL,0,0,0,0,0,7,60.0,,,,,57.9,0,0,0,0,0,2016,7
James Harrison,1251,ED,1,PIT,0,0,0,0,3,0,60.1,,,,,,0,0,0,0,0,2016,7
Terence Newman,1321,CB,1,MIN,0,0,0,0,3,0,60.5,,,,,,0,0,0,0,0,2016,7
Jon Dorenbos,1600,LS,1,PHI,0,0,0,4,0,4,58.4,,,,,,0,0,0,0,0,2016,7
Cullen Jenkins,1637,DI,1,WAS,0,0,0,0,5,0,60.2,,,,,,0,0,0,0,0,2016,7
Vince Wilfork,1742,DI,1,HST,0,0,0,0,4,0,59.5,,,,,,0,0,0,0,0,2016,7
Karlos Dansby,1754,LB,1,CIN,0,0,1,0,3,0,60.1,,,,,,0,0,0,0,0,2016,7
Daryl Smith,1760,LB,1,TB,0,0,0,0,3,0,60.1,,,,,,0,0,0,0,0,2016,7
Donnie Jones,1939,P,1,PHI,0,0,0,4,0,4,60.5,,,67.5,,,0,0,0,0,0,2016,7
Mike Adams,1972,S,1,IND,1,0,2,0,4,0,60.2,,,,,,0,0,0,0,0,2016,7
Don Muhlbach,2130,LS,1,DET,0,0,0,3,0,5,54.6,,,,,,0,0,0,0,0,2016,7
Adam Jones,2223,CB,1,CIN,2,0,1,0,0,0,60.0,,59.5,,60.0,,0,0,0,0,0,2016,7
Derrick Johnson,2232,LB,1,KC,0,0,1,0,0,0,60.0,,,,,,0,0,0,0,0,2016,7
Mike Nugent,2264,K,1,CIN,0,5,0,0,0,7,60.0,60.0,,,,40.9,0,0,0,0,0,2016,7
Jonathan Babineaux,2276,DI,1,ATL,0,0,0,0,0,7,60.8,,,,,,0,0,0,0,0,2016,7
Richie Incognito,2298,G,1,BUF,0,0,0,0,0,3,60.4,,,,,,0,0,0,0,0,2016,7
Dustin Colquitt,2316,P,1,KC,0,0,0,4,0,5,60.6,,,72.8,,,0,0,0,0,0,2016,7
Darren Sproles,2347,HB,1,PHI,1,0,5,0,0,0,60.1,,,,61.0,,0,0,0,0,0,2016,7
Joe Berger,2424,C,1,MIN,0,0,0,0,0,2,60.0,,,,,,0,0,0,0,0,2016,7
Lorenzo Alexander,2476,ED,1,BUF,0,6,5,7,4,0,66.0,,,,,,0,0,1,0,1,2016,7
Jon Condo,2539,LS,1,OAK,0,0,0,5,0,7,30.0,,,,,,0,0,0,0,0,2016,7
John Denney,2561,LS,1,MIA,0,0,0,6,0,4,60.6,,,,,,0,0,0,0,0,2016,7
Robbie Gould,2607,K,1,NYG,0,4,0,0,0,3,60.0,60.0,,,,63.3,0,0,0,0,0,2016,7
John Kuhn,2686,FB,1,NO,6,0,0,0,0,0,57.9,,,,,,0,0,0,0,0,2016,7
Nick Novak,2726,K,1,HST,0,4,0,0,0,4,60.0,60.0,,,,67.1,0,0,0,0,0,2016,7
Greg Warren,2831,LS,1,PIT,0,0,0,5,0,6,73.1,,,,,,0,0,0,0,0,2016,7
Ahmad Brooks,2945,ED,1,SF,0,0,0,0,7,0,58.7,,,,,,0,0,0,0,0,2016,7
Mario Williams,2946,ED,1,MIA,0,0,1,0,0,0,60.0,,,,,,0,0,0,0,0,2016,7
Reggie Bush,2947,HB,1,BUF,6,0,0,0,0,0,59.7,,59.0,,,,0,0,0,0,0,2016,7
Chad Greenway,2962,LB,1,MIN,0,0,0,0,4,0,60.1,,,,,,0,0,0,0,0,2016,7
Marcedes Lewis,2973,TE,1,JAX,0,0,0,0,0,4,60.3,,,,,,0,0,0,0,0,2016,7
D'Qwell Jackson,2979,LB,1,IND,0,0,0,0,4,0,60.1,,,,,,0,0,0,0,0,2016,7
Roman Harper,2988,S,1,NO,6,4,0,0,0,0,61.2,,,,,,0,0,0,0,0,2016,7
Kellen Clemens,2994,QB,1,SD,0,0,0,0,0,7,60.7,,,,,,0,0,0,0,0,2016,7
Anthony Fasano,2998,TE,1,TEN,0,0,0,0,0,4,60.2,,,,,,0,0,0,0,0,2016,7
Andrew Whitworth,3000,T,1,CIN,0,0,0,0,0,7,61.0,,,,,,0,0,0,0,0,2016,7
Chris Chester,3001,G,1,ATL,0,0,0,0,0,7,61.5,,,,,,0,0,0,0,0,2016,7
Devin Hester,3002,WR,1,BLT,5,0,6,0,0,0,60.3,,57.8,,54.8,,0,0,0,0,0,2016,7
Darryl Tapp,3008,ED,1,NO,6,0,1,0,5,0,56.0,,,,,,0,0,0,0,0,2016,7
Eric Winston,3011,T,1,CIN,0,0,0,0,0,7,60.5,,,,,,0,0,0,0,0,2016,7
Jahri Evans,3053,G,1,NO,0,0,0,0,0,3,60.7,,,,,,0,0,0,0,0,2016,7
Will Blackmon,3060,S,1,WAS,5,3,2,0,0,0,60.1,,58.3,,60.5,,0,0,0,0,0,2016,7
Stephen Gostkowski,3063,K,1,NE,0,5,0,0,0,4,60.0,60.0,,,,47.2,0,0,0,0,0,2016,7
Domata Peko Sr.,3068,DI,1,CIN,0,0,1,0,3,7,60.0,,,,,,0,0,0,0,0,2016,7
Kyle Williams,3079,DI,1,BUF,0,0,0,0,4,0,59.8,,,,,,0,0,0,0,0,2016,7
Rob Ninkovich,3080,ED,1,NE,0,0,0,0,6,0,60.4,,,,,,0,0,0,0,0,2016,7
Sam Koch,3148,P,1,BLT,0,0,0,6,0,4,60.6,,,71.7,,,0,0,0,0,0,2016,7
Zach Strief,3155,T,1,NO,0,0,0,0,0,3,60.1,,,,,,0,0,0,0,0,2016,7
Tom Johnson,3378,DI,1,MIN,0,0,0,0,1,0,60.0,,,,,,0,0,0,0,0,2016,7
Tony McDaniel,3423,DI,1,SEA,0,0,0,0,4,0,60.0,,,,,,0,0,0,0,0,2016,7
Donald Penn,3459,T,1,OAK,0,0,0,0,0,6,60.9,,,,,,0,0,0,0,0,2016,7
Matt Prater,3471,K,1,DET,0,0,0,0,0,5,60.0,,,,,53.7,0,0,0,0,0,2016,7
Jon Ryan,3493,P,1,SEA,0,0,0,9,0,3,60.6,,,69.4,,,0,0,0,0,0,2016,7
Tramon Williams,3558,CB,1,CLV,0,0,1,0,0,0,60.0,,,,60.0,,0,0,0,0,0,2016,7
Brent Grimes,3589,CB,1,TB,0,0,0,0,3,0,60.0,,,,,,0,0,0,0,0,2016,7
Darrelle Revis,3630,CB,1,NYJ,0,0,1,0,0,0,60.0,,,,,,0,0,0,0,0,2016,7
Lawrence Timmons,3631,LB,1,PIT,0,0,0,0,4,0,59.9,,,,,,0,0,0,0,0,2016,7
Leon Hall,3634,CB,1,NYG,0,3,7,0,0,0,61.2,,,,,,0,0,0,0,0,2016,7
Joe Staley,3644,T,1,SF,0,0,0,0,0,3,60.4,,,,,,0,0,0,0,0,2016,7
Alan Branch,3649,DI,1,NE,0,0,0,0,6,4,60.0,,,,,,0,0,0,0,0,2016,7
Paul Posluszny,3650,LB,1,JAX,0,0,0,0,7,0,60.3,,,,,,0,0,0,0,0,2016,7
David Harris,3663,LB,1,NYJ,0,0,1,0,4,0,60.2,,,,,,0,0,0,0,0,2016,7
Brian Robison,3718,ED,1,MIN,0,0,0,0,3,0,60.0,,,,,,0,0,0,0,0,2016,7
Zak DeOssie,3732,LS,1,NYG,0,0,0,8,0,3,60.2,,,,,,0,0,0,0,0,2016,7
Allen Barbre,3735,G,1,PHI,0,0,0,0,0,4,60.6,,,,,,0,0,0,0,0,2016,7
Jermon Bushrod,3741,G,1,MIA,0,0,0,0,0,4,60.6,,,,,,0,0,0,0,0,2016,7
Brent Celek,3778,TE,1,PHI,3,0,0,2,0,4,73.2,,,,,,0,0,0,0,0,2016,7
Corey Graham,3784,S,1,BUF,0,0,0,5,4,0,57.9,,,,,,0,0,0,0,0,2016,7
William Gay,3786,CB,1,PIT,0,0,0,0,4,0,60.8,,,,,,0,0,0,0,0,2016,7
Nick Folk,3794,K,1,NYJ,0,5,0,0,0,5,60.0,60.0,,,,63.8,0,0,0,0,0,2016,7
Mason Crosby,3809,K,1,GB,0,6,0,0,0,6,60.0,60.0,,,,49.9,0,0,0,0,0,2016,7
Clark Harris,3859,LS,1,CIN,0,0,0,2,0,7,64.6,,,,,,0,0,0,0,0,2016,7
Eric Weems,4097,WR,1,ATL,8,7,2,2,0,0,61.4,,57.4,,60.5,,0,0,0,0,0,2016,7
Brett Goode,4222,LS,1,GB,0,0,0,2,0,6,64.3,,,,,,0,0,0,0,0,2016,7
Leodis McKelvin,4325,CB,1,PHI,0,0,0,0,2,0,60.2,,,,,,0,0,0,0,0,2016,7
Ryan Clady,4326,T,1,NYJ,0,0,0,0,0,5,60.8,,,,,,0,0,0,0,0,2016,7
Dominique Rodgers-Cromartie,4330,CB,1,NYG,0,0,3,0,0,0,60.0,,,,,,0,0,0,0,0,2016,7
Gosder Cherilus,4331,T,1,TB,0,0,0,0,0,7,61.1,,,,,,0,0,0,0,0,2016,7
Aqib Talib,4334,CB,1,DEN,0,0,0,0,4,0,29.5,,,,,,1,0,0,0,0,2016,7
Duane Brown,4340,T,1,HST,0,0,0,0,0,4,60.6,,,,,,0,0,0,0,0,2016,7
Calais Campbell,4364,DI,1,ARZ,0,0,0,0,3,4,60.3,,,,,,0,0,0,0,0,2016,7
Jason Jones,4368,ED,1,MIA,0,0,0,0,3,0,59.6,,,,,,0,0,0,0,0,2016,7
Martellus Bennett,4375,TE,1,NE,0,0,0,0,0,4,60.4,,,,,,0,0,0,0,0,2016,7
John Greco,4379,G,1,CLV,0,0,0,0,0,3,60.4,,,,,,0,0,0,0,0,2016,7
Philip Wheeler,4407,LB,1,ATL,0,0,0,0,7,0,60.2,,,,,,0,0,0,0,0,2016,7
Dwight Lowery,4427,S,1,SD,0,1,0,0,0,0,60.0,,,,,,0,0,0,0,0,2016,7
Jacob Tamme,4441,TE,1,ATL,1,0,0,0,0,0,60.0,,,,,,0,0,0,0,0,2016,7
Tony Hills,4444,T,1,NO,0,0,0,0,0,3,60.4,,,,,,0,0,0,0,0,2016,7
Gary Barnidge,4455,TE,1,CLV,0,0,0,0,0,3,60.2,,,,,,0,0,0,0,0,2016,7
Tim Hightower,4463,HB,1,NO,0,3,3,0,0,0,61.2,,,,,,0,0,0,0,0,2016,7
Matthew Slater,4467,WR,1,NE,5,5,5,5,0,0,65.0,,,,,,0,0,0,0,0,2016,7
Kellen Davis,4472,TE,1,NYJ,0,0,0,6,0,5,74.8,,,,,,0,0,1,0,0,2016,7
Erik Walden,4481,ED,1,IND,0,0,0,0,4,0,60.2,,,,,,0,0,0,0,0,2016,7
John Sullivan,4501,C,1,WAS,0,0,0,0,0,4,60.2,,,,,,0,0,0,0,0,2016,7
Ahtyba Rubin,4504,DI,1,SEA,0,0,0,0,4,0,59.6,,,,,,0,0,0,0,0,2016,7
King Dunlap,4544,T,1,SD,0,0,0,0,1,1,59.8,,,,,,0,0,0,0,0,2016,7
Brett Kern,4580,P,1,TEN,0,0,0,4,0,4,60.5,,,70.7,,,0,0,0,0,0,2016,7
Wesley Woodyard,4583,LB,1,TEN,7,0,4,4,6,0,60.2,,,,,,0,0,0,0,0,2016,7
Chris Clark,4623,T,1,HST,0,0,0,0,0,4,60.6,,,,,,0,0,0,0,0,2016,7
Leger Douzable,4654,DI,1,BUF,0,0,0,0,4,3,60.0,,,,,,0,0,0,0,0,2016,7
Stephen Hauschka,4655,K,1,SEA,0,4,0,0,0,3,60.0,60.0,,,,37.2,0,0,0,0,0,2016,7
Dan Carpenter,4697,K,1,BUF,0,6,0,0,0,3,60.0,60.0,,,,63.3,0,0,0,0,0,2016,7
Danny Amendola,4717,WR,1,NE,5,0,1,0,0,0,60.0,,58.1,,60.1,,0,0,0,0,0,2016,7
Connor Barth,4777,K,1,CHI,0,3,0,0,0,2,60.0,60.0,,,,62.7,0,0,0,0,0,2016,7
Joe Reitz,4789,T,1,IND,0,0,0,0,0,6,60.9,,,,,,0,0,0,0,0,2016,7
Tyson Jackson,4926,DI,1,ATL,0,0,0,0,7,0,58.7,,,,,,0,0,0,0,0,2016,7
Darrius Heyward-Bey,4930,WR,1,PIT,0,4,5,3,0,0,56.4,,,,,,0,0,0,0,0,2016,7
Malcolm Jenkins,4937,S,1,PHI,1,5,1,0,2,0,60.4,,,,,,0,0,0,0,0,2016,7
Jeremy Maclin,4942,WR,1,KC,1,0,0,0,0,0,60.0,,,,,,0,0,0,0,0,2016,7
Clay Matthews,4949,ED,1,GB,0,0,0,0,2,0,60.0,,,,,,0,0,0,0,0,2016,7
Ziggy Hood,4955,DI,1,WAS,0,0,0,0,0,4,60.2,,,,,,0,0,0,0,0,2016,7
Patrick Chung,4957,S,1,NE,3,5,3,0,5,0,83.0,,,,,,0,0,1,0,0,2016,7
James Laurinaitis,4958,LB,1,NO,0,3,0,0,0,0,61.2,,,,,,0,0,0,0,0,2016,7
Rey Maualuga,4961,LB,1,CIN,0,0,1,0,3,0,60.2,,,,,,0,0,0,0,0,2016,7
Jairus Byrd,4965,S,1,NO,0,0,2,0,5,0,59.7,,,,60.1,,0,0,0,0,0,2016,7
Connor Barwin,4969,ED,1,PHI,1,0,1,0,0,0,60.0,,,,,,0,0,0,0,0,2016,7
Mike Mitchell,4970,S,1,PIT,0,0,0,0,4,0,60.1,,,,,,0,0,0,0,0,2016,7
Max Unger,4972,C,1,NO,0,0,0,0,0,3,60.3,,,,,,0,0,0,0,0,2016,7
Andy Levitre,4974,G,1,ATL,0,0,0,0,0,7,61.0,,,,,,0,0,0,0,0,2016,7
Paul Kruger,4980,ED,1,NO,0,0,1,0,5,0,58.9,,,,,,0,0,0,0,0,2016,7
Sen'Derrick Marks,4985,DI,1,JAX,0,0,0,0,6,0,59.0,,,,,,0,0,0,0,0,2016,7
Michael Johnson,4993,ED,1,CIN,0,0,1,0,3,0,59.7,,,,,,0,0,0,0,0,2016,7
Kraig Urbik,5002,C,1,MIA,0,0,0,0,0,4,60.6,,,,,,0,0,0,0,0,2016,7
Brandon Tate,5006,WR,1,BUF,6,2,6,2,0,0,70.5,,62.3,,61.7,,0,0,0,0,0,2016,7
Jerraud Powers,5015,CB,1,BLT,0,0,6,0,5,0,60.3,,,,,,0,0,0,0,0,2016,7
Rashad Johnson,5018,S,1,TEN,7,0,0,0,0,0,60.5,,,,,,0,0,0,0,0,2016,7
Chase Coffman,5021,TE,1,IND,6,0,2,0,0,0,60.2,,,,,,0,0,0,0,0,2016,7
T.J. Lang,5032,G,1,GB,0,0,0,0,0,2,60.0,,,,,,0,0,0,0,0,2016,7
Glover Quin,5035,S,1,DET,0,0,0,0,4,0,59.9,,,,,,0,0,0,0,0,2016,7
Greg Toler,5055,CB,1,WAS,0,2,3,0,1,0,60.4,,,,,,0,0,0,0,0,2016,7
Kevin Huber,5066,P,1,CIN,0,0,0,2,0,7,60.8,,,58.8,,,0,0,0,0,0,2016,7
Thomas Morstead,5088,P,1,NO,0,0,0,4,0,3,60.3,,,74.2,,,0,0,0,0,0,2016,7
Don Carey,5101,CB,1,DET,3,5,2,3,4,0,61.6,,,,,,0,0,0,0,0,2016,7
Brice McCain,5112,CB,1,TEN,0,6,4,0,0,0,60.5,,,,,,0,0,0,0,0,2016,7
Matt Slauson,5117,C,1,SD,0,0,0,0,0,4,60.6,,,,,,0,0,0,0,0,2016,7
Brandon Myers,5126,TE,1,TB,3,0,0,3,0,7,56.8,,,,,,0,0,0,0,0,2016,7
Jason McCourty,5127,CB,1,TEN,0,6,0,0,2,0,61.1,,,,,,0,0,0,0,0,2016,7
John Phillips,5132,TE,1,DEN,4,0,0,0,0,5,59.1,,,,,,0,0,0,0,0,2016,7
Pat McAfee,5146,P,1,IND,0,7,0,4,0,6,60.8,60.5,,62.0,,,0,0,0,0,0,2016,7
Julian Edelman,5156,WR,1,NE,0,0,4,0,0,0,60.0,,,,38.5,,0,0,0,0,0,2016,7
David Johnson,5165,TE,1,PIT,5,0,0,0,0,6,72.4,,,,,,0,0,0,0,0,2016,7
Ricky Jean Francois,5168,DI,1,WAS,0,0,1,0,5,0,60.2,,,,,,0,0,0,0,0,2016,7
Rashad Jennings,5174,HB,1,NYG,0,0,1,0,0,0,60.0,,,,,,0,0,0,0,0,2016,7
Ryan Succop,5180,K,1,TEN,0,6,0,0,0,4,60.0,60.0,,,,69.8,0,0,0,0,0,2016,7
Britton Colquitt,5192,P,1,CLV,0,0,0,6,0,3,60.5,,,63.4,,,0,0,0,0,0,2016,7
Ramon Foster,5229,G,1,PIT,0,0,0,0,0,6,60.9,,,,,,0,0,0,0,0,2016,7
Steve McLendon,5232,DI,1,NYJ,0,0,0,0,4,0,59.5,,,,,,0,0,0,0,0,2016,7
Ramon Humber,5310,LB,1,BUF,6,6,6,7,0,0,66.1,,,,,,0,0,0,2,0,2016,7
Dan Skuta,5349,ED,1,JAX,9,5,2,5,7,0,71.4,,,,,,0,0,0,0,0,2016,7
Jordan Norwood,5358,WR,1,DEN,4,0,5,0,0,0,60.2,,58.5,,62.3,,0,0,0,0,0,2016,7
Evan Smith,5390,C,1,TB,0,0,0,0,0,7,60.5,,,,,,0,0,0,0,0,2016,7
Demar Dotson,5410,T,1,TB,0,0,0,0,0,7,60.5,,,,,,0,0,0,0,0,2016,7
Jonathan Casillas,5422,LB,1,NYG,0,0,0,8,0,0,59.0,,,,,,0,0,0,0,0,2016,7
Jermey Parnell,5426,T,1,JAX,0,0,0,0,0,4,60.6,,,,,,0,0,0,0,0,2016,7
Garrison Sanborn,5430,LS,1,BUF,0,0,0,7,0,3,76.3,,,,,,0,0,1,0,0,2016,7
Antone Smith,5440,HB,1,TB,0,7,0,0,0,0,61.7,,,,,,0,0,0,0,0,2016,7
Tanner Purdum,5508,LS,1,NYJ,0,0,0,6,0,5,53.6,,,,,,0,0,0,0,0,2016,7
Nick Sundberg,5512,LS,1,WAS,0,0,0,2,0,4,63.6,,,,,,0,0,0,0,0,2016,7
Ndamukong Suh,5527,DI,1,MIA,0,0,1,0,3,0,59.4,,,,,,0,0,0,0,0,2016,7
Gerald McCoy,5528,DI,1,TB,0,0,0,0,3,0,59.8,,,,,,1,0,0,0,0,2016,7
Russell Okung,5531,T,1,DEN,0,0,0,0,0,5,60.3,,,,,,0,0,0,0,0,2016,7
Tyson Alualu,5535,DI,1,JAX,9,0,0,0,1,0,81.3,,,,,,0,0,0,0,0,2016,7
Brandon Graham,5538,ED,1,PHI,1,0,0,0,2,0,60.1,,,,,,0,0,0,0,0,2016,7
Earl Thomas III,5539,S,1,SEA,0,4,0,0,0,0,60.0,,,,,,0,0,0,0,0,2016,7
Jason Pierre-Paul,5540,ED,1,NYG,0,0,0,0,2,0,60.0,,,,,,0,0,0,0,0,2016,7
Mike Iupati,5542,G,1,ARZ,0,0,0,0,0,4,60.6,,,,,,0,0,0,0,0,2016,7
Bryan Bulaga,5548,T,1,GB,0,0,0,0,0,6,60.5,,,,,,0,0,0,0,0,2016,7
Dan Williams,5551,DI,1,OAK,0,0,0,0,4,0,59.7,,,,,,0,0,0,0,0,2016,7
Devin McCourty,5552,S,1,NE,0,5,0,0,6,0,60.5,,,,,,0,0,0,0,0,2016,7
Jared Odrick,5553,DI,1,JAX,0,0,0,0,7,0,59.1,,,,,,0,0,0,0,0,2016,7
Jerry Hughes,5556,ED,1,BUF,0,0,1,0,0,0,59.8,,,,,,0,0,0,0,0,2016,7
Patrick Robinson,5557,CB,1,IND,0,0,4,0,4,0,39.9,,,,,,1,0,0,0,0,2016,7
Rodger Saffold,5558,G,1,LA,0,0,0,0,0,2,60.2,,,,,,0,0,0,0,0,2016,7
Dexter McCluster,5561,HB,1,SD,3,0,2,0,0,0,59.6,,,,60.1,,0,0,0,0,0,2016,7
Nate Allen,5562,S,1,OAK,5,9,5,5,4,0,63.6,,,,,,0,0,1,1,1,2016,7
Arrelious Benn,5564,WR,1,JAX,9,5,5,5,0,0,56.6,,59.9,,,,0,0,0,0,1,2016,7
Zane Beadles,5570,G,1,SF,0,0,0,0,0,3,60.1,,,,,,0,0,0,0,0,2016,7
Linval Joseph,5571,DI,1,MIN,0,0,0,0,4,0,59.5,,,,,,0,0,0,0,0,2016,7
Carlos Dunlap,5579,ED,1,CIN,0,0,1,0,3,0,59.9,,,,,,0,0,0,0,0,2016,7
Vladimir Ducasse,5586,G,1,BLT,0,0,0,0,0,4,61.0,,,,,,0,0,0,0,0,2016,7
Brandon Spikes,5587,ED,1,BUF,0,0,1,0,0,0,60.0,,,,,,0,0,0,0,0,2016,7
Jared Veldheer,5594,T,1,ARZ,0,0,0,0,0,4,60.3,,,,,,0,0,0,0,0,2016,7
Morgan Burnett,5596,S,1,GB,0,0,0,0,2,0,60.0,,,,,,0,0,0,0,0,2016,7
John Jerry,5598,G,1,NYG,0,0,0,0,0,3,60.7,,,,,,0,0,0,0,0,2016,7
Donald Butler,5603,LB,1,MIA,0,0,1,0,0,0,60.0,,,,,,0,0,0,0,0,2016,7
Corey Peters,5607,DI,1,ARZ,0,0,0,0,3,4,59.7,,,,,,0,0,0,0,0,2016,7
Andre Roberts,5612,WR,1,DET,3,0,2,0,0,0,60.0,,58.8,,60.1,,0,0,0,0,0,2016,7
Shawn Lauvao,5616,G,1,WAS,0,0,0,0,0,4,61.0,,,,,,0,0,0,0,0,2016,7
Everson Griffen,5624,ED,1,MIN,0,0,0,0,4,0,59.3,,,,,,0,0,0,0,0,2016,7
Alterraun Verner,5628,CB,1,TB,2,7,6,0,0,0,73.1,,,,,,0,0,0,0,0,2016,7
Darrell Stuckey,5634,S,1,SD,7,8,2,2,7,0,58.4,,,,,,0,0,0,0,0,2016,7
Geno Atkins,5643,DI,1,CIN,0,0,1,0,0,0,60.0,,,,,,0,0,0,0,0,2016,7
Clay Harbor,5648,TE,1,DET,3,0,0,0,0,0,58.8,,,,,,0,0,0,0,0,2016,7
Perrish Cox,5660,CB,1,TEN,0,0,0,0,4,0,60.6,,,,,,0,0,0,0,0,2016,7
Sherrick McManis,5667,CB,1,CHI,6,3,2,5,6,0,67.7,,,,,,0,0,1,0,0,2016,7
Nolan Carroll,5668,CB,1,PHI,0,0,5,1,2,0,60.3,,,,,,0,0,0,0,0,2016,7
Cam Thomas,5669,DI,1,LA,0,0,0,0,3,0,59.5,,,,,,0,0,0,0,0,2016,7
Arthur Moats,5701,ED,1,PIT,5,0,0,0,0,0,60.4,,,,,,0,0,0,0,0,2016,7
Sam Young,5702,T,1,MIA,0,0,0,0,0,4,60.3,,,,,,0,0,0,0,0,2016,7
Eugene Sims,5712,ED,1,LA,3,0,0,0,3,2,59.3,,,,,,0,0,0,0,0,2016,7
Antonio Brown,5718,WR,1,PIT,0,0,5,0,0,0,60.0,,,,60.6,,0,0,0,0,0,2016,7
Ted Larsen,5728,G,1,CHI,0,0,0,0,0,2,60.2,,,,,,0,0,0,0,0,2016,7
Dekoda Watson,5740,ED,1,DEN,4,6,4,5,4,0,64.1,,,,,,0,0,1,0,0,2016,7
J'Marcus Webb,5741,T,1,SEA,0,0,0,0,0,3,60.4,,,,,,0,0,0,0,0,2016,7
Marc Mariani,5745,WR,1,TEN,7,0,4,0,0,0,60.2,,57.4,,60.9,,0,0,0,0,0,2016,7
Ricardo Mathews,5761,DI,1,PIT,0,0,0,0,3,0,60.1,,,,,,0,0,0,0,0,2016,7
Rafael Bush,5779,S,1,DET,2,3,2,0,0,0,61.0,,,,,,0,0,0,0,0,2016,7
Logan Paulsen,5795,TE,1,CHI,6,0,0,0,0,2,55.3,,,,,,0,0,0,0,0,2016,7
Joique Bell,5797,HB,1,CHI,6,0,2,0,0,0,58.7,,,,,,0,0,0,0,0,2016,7
Jon Weeks,5800,LS,1,HST,0,0,0,5,0,4,64.5,,,,,,0,0,0,0,0,2016,7
Vincent Rey,5811,LB,1,CIN,4,5,0,2,3,0,61.4,,,,,,0,0,0,0,0,2016,7
Mike Windt,5813,LS,1,SD,0,0,0,2,0,7,64.6,,,,,,0,0,0,0,0,2016,7
Darian Stewart,5820,S,1,DEN,0,0,0,0,4,0,59.9,,,,,,0,0,0,0,0,2016,7
Ben Garland,5839,DI,1,ATL,7,0,0,0,0,7,57.4,,,,,,0,0,0,0,0,2016,7
Austin Howard,5847,T,1,OAK,0,0,0,0,0,1,60.0,,,,,,0,0,0,0,0,2016,7
Chris Maragos,5906,S,1,PHI,3,5,4,4,2,0,69.7,,,,,,0,0,0,0,0,2016,7
Frank Zombo,5945,ED,1,KC,4,0,1,4,3,0,59.2,,,,,,0,0,0,0,0,2016,7
Anthony Levine,6013,S,1,BLT,5,0,1,6,5,0,58.0,,,,,,0,0,0,0,0,2016,7
Marcus Sherels,6017,CB,1,MIN,5,3,4,5,4,0,62.7,,,,37.2,,0,0,0,0,0,2016,7
Morgan Cox,6020,LS,1,BLT,0,0,0,6,0,4,73.0,,,,,,0,0,0,1,0,2016,7
Albert McClellan,6022,ED,1,BLT,0,0,0,6,5,0,58.7,,,,,,0,0,0,0,0,2016,7
Mitch Unrein,6031,DI,1,CHI,0,0,0,0,6,2,59.4,,,,,,0,0,0,0,0,2016,7
Justin Drescher,6117,LS,1,NO,0,0,0,4,0,3,63.9,,,,,,0,0,0,0,0,2016,7
Andrew Sendejo,6118,S,1,MIN,0,1,1,0,0,0,67.4,,,,,,0,0,0,0,0,2016,7
James Develin,6142,FB,1,NE,5,0,0,5,0,4,57.8,,,,,,0,0,0,0,0,2016,7
Patrick Peterson,6157,CB,1,ARZ,0,0,2,0,3,0,60.4,,,,60.5,,0,0,0,0,0,2016,7
Julio Jones,6158,WR,1,ATL,1,0,0,0,0,0,60.0,,,,,,0,0,0,0,0,2016,7
Mike Pouncey,6167,C,1,MIA,0,0,0,0,0,4,60.4,,,,,,0,0,0,0,0,2016,7
Ryan Kerrigan,6168,ED,1,WAS,0,0,0,0,5,0,60.0,,,,,,0,0,0,0,0,2016,7
Nate Solder,6169,T,1,NE,0,0,0,0,0,4,60.2,,,,,,0,0,0,0,0,2016,7
Prince Amukamara,6171,CB,1,JAX,0,1,1,0,1,0,60.5,,,,,,0,0,0,0,0,2016,7
Cameron Jordan,6176,ED,1,NO,0,0,1,0,5,0,58.8,,,,,,0,0,0,0,0,2016,7
James Carpenter,6177,G,1,NYJ,0,0,0,0,0,5,60.7,,,,,,0,0,0,0,0,2016,7
Aaron Williams,6186,S,1,BUF,0,0,0,0,1,0,60.0,,,,,,0,0,0,0,0,2016,7
Akeem Ayers,6191,ED,1,IND,5,0,2,0,0,0,76.7,,,,,,0,0,0,0,0,2016,7
Bruce Carter,6192,LB,1,NYJ,3,0,0,2,0,0,59.7,,,,,,0,0,0,0,0,2016,7
Jarvis Jenkins,6193,DI,1,NYJ,0,0,0,0,4,0,59.3,,,,,,0,0,0,0,0,2016,7
Brooks Reed,6194,ED,1,ATL,8,7,2,2,7,0,60.6,,,,,,0,0,0,0,0,2016,7
Kyle Rudolph,6195,TE,1,MIN,0,0,0,0,0,2,60.0,,,,,,0,0,0,0,0,2016,7
Orlando Franklin,6198,G,1,SD,0,0,0,0,0,3,60.3,,,,,,0,0,0,0,0,2016,7
Stefen Wisniewski,6200,G,1,PHI,0,0,0,0,0,4,60.6,,,,,,0,0,0,0,0,2016,7
Ben Ijalana,6201,T,1,NYJ,0,0,0,0,0,5,60.3,,,,,,0,0,0,0,0,2016,7
Marcus Gilchrist,6202,S,1,NYJ,0,4,0,0,0,0,60.6,,,,,,0,0,0,0,0,2016,7
Kelvin Sheppard,6220,LB,1,NYG,3,0,0,8,0,0,58.4,,,,,,0,0,0,0,0,2016,7
Jurrell Casey,6229,DI,1,TEN,0,0,0,0,6,0,59.6,,,,,,0,0,0,0,0,2016,7
Mason Foster,6236,LB,1,WAS,0,0,0,2,5,0,59.9,,,,,,0,0,0,0,0,2016,7
Jah Reid,6237,T,1,KC,0,0,0,0,0,1,60.0,,,,,,0,0,0,0,0,2016,7
Akeem Dent,6243,LB,1,HST,6,4,6,5,1,0,64.5,,,,,,0,0,0,0,0,2016,7
Chris Conte,6245,S,1,TB,0,6,0,0,3,0,60.0,,,,,,0,0,0,0,0,2016,7
K.J. Wright,6251,LB,1,SEA,0,0,0,5,4,0,58.8,,,,,,0,0,0,0,0,2016,7
Da'Norris Searcy,6252,S,1,TEN,0,0,0,0,3,0,59.9,,,,,,0,0,0,0,0,2016,7
Sam Acho,6255,ED,1,CHI,0,0,0,5,6,0,59.2,,,,,,0,0,0,0,0,2016,7
Luke Stocker,6256,TE,1,TB,3,0,0,0,0,7,56.6,,,,,,0,0,0,0,0,2016,7
Chimdi Chekwa,6265,CB,1,MIA,0,6,6,1,0,0,65.1,,,,,,0,0,0,0,0,2016,7
Cecil Shorts,6266,WR,1,TB,1,0,0,0,0,0,60.0,,,,,,0,0,0,0,0,2016,7
Chris Prosinski,6273,S,1,CHI,6,3,2,5,6,0,70.8,,,,,,0,0,0,1,0,2016,7
Chris Hairston,6274,T,1,SD,0,0,0,0,0,7,61.0,,,,,,0,0,0,0,0,2016,7
Bilal Powell,6278,HB,1,NYJ,3,0,0,0,0,0,59.1,,,,,,0,0,0,0,0,2016,7
Davon House,6283,CB,1,JAX,0,5,5,0,0,0,60.5,,,,,,0,0,0,0,0,2016,7
Anthony Sherman,6288,FB,1,KC,4,6,1,4,0,5,53.7,,,,,,0,0,1,0,0,2016,7
Buster Skrine,6289,CB,1,NYJ,0,0,3,0,4,0,60.1,,,,,,0,0,0,0,0,2016,7
Marcus Cannon,6290,T,1,NE,0,0,0,0,0,4,60.6,,,,,,0,0,0,0,0,2016,7
Karl Klug,6294,DI,1,TEN,0,0,3,0,6,4,60.1,,,,,,0,0,0,0,0,2016,7
Jeremy Kerley,6305,WR,1,SF,0,0,3,0,0,0,60.0,,,,60.3,,0,0,0,0,0,2016,7
Richard Sherman,6306,CB,1,SEA,0,0,0,0,4,0,60.3,,,,,,0,0,0,0,0,2016,7
Niles Paul,6307,TE,1,WAS,5,3,3,2,0,0,58.6,,,,,,0,0,0,0,0,2016,7
Chris Carter,6314,ED,1,IND,6,7,4,4,0,0,61.2,,,,,,0,0,0,0,0,2016,7
Brandon Fusco,6324,G,1,MIN,0,0,0,0,0,2,60.2,,,,,,0,0,0,0,0,2016,7
Byron Maxwell,6325,CB,1,MIA,0,0,1,0,0,0,60.0,,,,,,0,0,0,0,0,2016,7
Dwayne Harris,6328,WR,1,NYG,3,2,5,6,0,0,41.7,,58.8,,61.7,,0,0,0,0,0,2016,7
Aldrick Robinson,6330,WR,1,ATL,0,0,2,0,0,0,60.0,,,,,,0,0,0,0,0,2016,7
Jordan Todman,6335,HB,1,IND,5,7,2,4,0,0,73.7,,62.1,,,,0,0,0,1,0,2016,7
Matt Bosher,6344,P,1,ATL,0,7,0,2,0,7,60.9,60.5,,60.4,,,0,0,0,0,0,2016,7
Virgil Green,6356,TE,1,DEN,0,0,0,0,0,5,60.3,,,,,,0,0,0,0,0,2016,7
Lawrence Guy,6385,DI,1,BLT,0,0,1,0,5,4,59.5,,,,,,0,0,0,0,0,2016,7
Spencer Paysinger,6419,LB,1,MIA,6,6,6,6,3,0,68.0,,,,,,0,0,0,0,0,2016,7
Kyle Nelson,6428,LS,1,SF,0,0,0,6,0,3,73.0,,,,,,0,0,0,1,0,2016,7
Matt Asiata,6432,HB,1,MIN,5,0,3,2,0,0,58.2,,,,,,0,0,0,0,0,2016,7
Shaun Draughn,6440,HB,1,SF,0,4,3,6,0,0,66.0,,,,,,0,0,1,0,0,2016,7
Chris Hogan,6468,WR,1,NE,1,0,0,0,0,0,60.0,,,,,,0,0,0,0,0,2016,7
Kenny Wiggins,6471,G,1,SD,7,0,0,0,7,7,58.6,,,,,,0,0,0,0,0,2016,7
Andre Holmes,6489,WR,1,OAK,5,9,5,5,0,0,77.4,,,,,,0,0,1,1,0,2016,7
Patrick Scales,6508,LS,1,CHI,0,0,0,5,0,2,63.9,,,,,,0,0,0,0,0,2016,7
Nick Bellore,6515,LB,1,SF,0,0,0,6,6,0,58.7,,,,,,0,0,0,0,0,2016,7
Jake McQuaide,6586,LS,1,LA,0,0,0,7,0,2,64.4,,,,,,0,0,0,0,0,2016,7
DuJuan Harris,6595,HB,1,SF,7,0,0,0,0,0,60.0,,57.4,,,,0,0,0,0,0,2016,7
Doug Baldwin,6615,WR,1,SEA,0,0,7,0,0,0,61.7,,,,,,0,0,0,0,0,2016,7
Ron Parker,6625,S,1,KC,1,0,1,0,0,0,60.1,,,,,,0,0,0,0,0,2016,7
Justin Trattou,6669,ED,1,MIN,4,3,4,5,0,0,50.1,,,,,,0,0,0,0,0,2016,7
Bryan Braman,6699,ED,1,PHI,3,5,4,4,2,0,70.8,,,,,,0,0,0,0,0,2016,7
Mark Herzlich,6767,LB,1,NYG,3,4,7,8,2,3,64.7,,,,,,0,0,0,1,0,2016,7
Corbin Bryant,6825,DI,1,BUF,6,0,0,0,4,3,68.5,,,,,,0,0,0,0,0,2016,7
Chase Reynolds,6892,HB,1,LA,4,3,8,7,3,0,74.6,,,,,,0,0,1,0,0,2016,7
Matt Overton,6979,LS,1,IND,0,0,0,4,0,6,64.8,,,,,,0,0,0,0,0,2016,7
Dominique Jones,6988,TE,1,MIA,5,0,0,0,0,0,58.1,,,,,,0,0,0,0,0,2016,7
Michael Wilhoite,6989,LB,1,SF,7,4,3,6,1,0,57.6,,,,,,0,0,0,0,0,2016,7
Patrick DiMarco,6997,FB,1,ATL,8,0,0,2,0,0,59.0,,59.9,,,,0,0,0,0,0,2016,7
Craig Robertson,7003,LB,1,NO,0,1,1,4,5,0,59.9,,,,,,0,0,0,0,0,2016,7
Mark Barron,7013,LB,1,LA,0,3,0,0,0,0,59.8,,,,,,0,0,0,0,0,2016,7
Stephon Gilmore,7016,CB,1,BUF,0,0,2,0,4,0,60.7,,,,,,0,0,0,0,0,2016,7
Dontari Poe,7017,DI,1,KC,0,0,1,0,3,0,59.4,,,,,,0,0,0,0,0,2016,7
Fletcher Cox,7018,DI,1,PHI,0,0,1,0,0,0,60.0,,,,,,0,0,0,0,0,2016,7
Bruce Irvin,7021,ED,1,OAK,0,0,0,0,4,0,60.2,,,,,,0,0,0,0,0,2016,7
Melvin Ingram III,7024,ED,1,SD,0,0,0,0,7,0,60.5,,,,,,0,0,0,0,0,2016,7
Shea McClellin,7025,ED,1,NE,5,0,5,5,0,0,59.8,,,,,,0,0,0,0,0,2016,7
Chandler Jones,7027,ED,1,ARZ,0,0,0,0,3,0,60.0,,,,,,0,0,0,0,0,2016,7
Riley Reiff,7029,T,1,DET,0,0,0,0,0,5,60.7,,,,,,0,0,0,0,0,2016,7
Dont'a Hightower,7030,LB,1,NE,0,0,0,0,6,0,60.2,,,,,,0,0,0,0,0,2016,7
Whitney Mercilus,7031,ED,1,HST,0,0,3,1,5,0,60.1,,,,,,0,0,0,0,0,2016,7
Kevin Zeitler,7032,G,1,CIN,0,0,0,0,0,7,61.5,,,,,,0,0,0,0,0,2016,7
Coby Fleener,7038,TE,1,NO,0,1,0,0,0,0,60.0,,,,,,0,0,0,0,0,2016,7
Derek Wolfe,7040,DI,1,DEN,0,0,0,0,3,0,59.1,,,,,,0,0,0,0,0,2016,7
Mitchell Schwartz,7041,T,1,KC,0,0,0,0,0,4,60.6,,,,,,0,0,0,0,0,2016,7
Andre Branch,7042,ED,1,MIA,0,0,1,0,3,0,60.4,,,,,,0,0,0,0,0,2016,7
Janoris Jenkins,7043,CB,1,NYG,0,0,4,0,2,0,66.1,,,,,,0,0,0,0,0,2016,7
Cordy Glenn,7045,T,1,BUF,0,0,0,0,0,3,60.3,,,,,,0,0,0,0,0,2016,7
Mychal Kendricks,7049,LB,1,PHI,0,5,0,0,0,0,61.5,,,,,,0,0,0,0,0,2016,7
Bobby Wagner,7050,LB,1,SEA,0,0,0,4,4,0,92.3,,,,,,0,0,0,0,0,2016,7
Tavon Wilson,7051,S,1,DET,0,0,0,3,0,0,59.5,,,,,,0,0,0,0,0,2016,7
Zach Brown,7055,LB,1,BUF,0,0,0,3,4,0,59.7,,,,,,0,0,0,0,0,2016,7
Lavonte David,7060,LB,1,TB,0,0,0,0,3,0,59.9,,,,,,0,0,0,0,0,2016,7
Vinny Curry,7061,ED,1,PHI,0,0,1,0,2,0,60.1,,,,,,0,0,0,0,0,2016,7
Kelechi Osemele,7062,G,1,OAK,0,0,0,0,0,7,61.0,,,,,,0,0,0,0,0,2016,7
Josh Robinson,7068,CB,1,TB,4,7,6,3,0,0,68.5,,,,,,0,0,1,0,0,2016,7
Bryan Anger,7072,P,1,TB,0,0,0,3,0,7,60.8,,,60.3,,,0,0,0,0,0,2016,7
Donald Stephenson,7076,T,1,DEN,0,0,0,0,0,5,60.8,,,,,,0,0,0,0,0,2016,7
Brandon Brooks,7078,G,1,PHI,0,0,0,0,0,4,61.0,,,,,,0,0,0,0,0,2016,7
Demario Davis,7079,LB,1,CLV,0,0,0,0,7,0,60.2,,,,,,0,0,0,0,0,2016,7
Mohamed Sanu,7084,WR,1,ATL,1,0,0,0,0,0,60.0,,,,,,0,0,0,0,0,2016,7
Sean Spence,7087,LB,1,TEN,7,4,0,4,0,0,59.5,,,,,,0,0,0,0,0,2016,7
John Hughes,7088,DI,1,TB,0,0,0,0,1,0,59.8,,,,,,0,0,0,0,0,2016,7
Akiem Hicks,7090,DI,1,CHI,0,0,0,0,6,0,92.9,,,,,,0,0,0,0,0,2016,7
T.Y. Hilton,7092,WR,1,IND,1,0,0,0,0,0,60.0,,60.0,,,,0,0,0,0,0,2016,7
Tony Bergstrom,7095,C,1,HST,0,0,0,0,0,4,60.2,,,,,,0,0,0,0,0,2016,7
Nigel Bradham,7105,LB,1,PHI,1,0,1,4,0,0,41.3,,,,,,0,0,0,0,1,2016,7
Robert Turbin,7106,HB,1,IND,0,7,0,4,0,0,63.4,,,,,,0,0,0,0,0,2016,7
Bobby Massie,7112,T,1,CHI,0,0,0,0,0,2,60.0,,,,,,0,0,0,0,0,2016,7
Jaye Howard Jr.,7114,DI,1,KC,0,0,1,0,3,0,60.2,,,,,,0,0,0,0,0,2016,7
Coty Sensabaugh,7115,CB,1,NYG,0,4,7,2,2,0,41.7,,,,,,1,0,0,0,0,2016,7
Jared Crick,7126,DI,1,DEN,0,0,1,0,4,0,60.0,,,,,,0,0,0,0,0,2016,7
Rhett Ellison,7128,TE,1,MIN,0,1,0,5,0,2,59.1,,,,,,0,0,0,0,0,2016,7
Mike Daniels,7132,DI,1,GB,0,0,0,0,2,0,59.5,,,,,,0,0,0,0,0,2016,7
Tahir Whitehead,7135,LB,1,DET,0,0,0,0,4,0,60.1,,,,,,0,0,0,0,0,2016,7
Robert Blanton,7136,S,1,BUF,5,6,6,6,1,0,76.3,,,,,,0,0,3,0,0,2016,7
Najee Goode,7137,LB,1,PHI,2,5,4,4,0,0,60.8,,,,,,0,0,0,0,0,2016,7
Tank Carder,7141,ED,1,CLV,5,4,2,6,7,0,51.8,,,,,,0,0,0,0,0,2016,7
Senio Kelemete,7144,G,1,NO,0,0,0,0,0,1,60.0,,,,,,0,0,0,0,0,2016,7
Dennis Kelly,7146,T,1,TEN,0,0,0,0,0,4,60.6,,,,,,0,0,0,0,0,2016,7
Korey Toomer,7147,LB,1,SD,3,8,2,2,2,0,61.4,,,,,,0,0,0,0,0,2016,7
George Iloka,7159,S,1,CIN,0,0,1,0,3,0,60.1,,,,,,0,0,0,0,0,2016,7
Greg Zuerlein,7163,K,1,LA,0,3,0,0,0,2,60.0,60.0,,,,62.5,0,0,0,0,0,2016,7
Jeremy Lane,7164,CB,1,SEA,0,0,0,0,4,0,60.8,,,,,,0,0,0,0,0,2016,7
Keith Tandy,7166,S,1,TB,4,7,6,3,0,0,64.5,,,,,,0,0,0,0,0,2016,7
Blair Walsh,7167,K,1,MIN,0,3,0,0,0,2,60.0,60.0,,,,65.6,0,0,0,0,1,2016,7
Andrew Tiller,7169,G,1,SF,0,0,0,0,0,3,60.3,,,,,,0,0,0,0,0,2016,7
Tom Compton,7181,T,1,ATL,7,0,0,0,0,7,58.8,,,,,,0,0,0,0,0,2016,7
Billy Winn,7190,DI,1,DEN,0,0,1,0,1,5,61.0,,,,,,0,0,0,0,0,2016,7
Brad Nortman,7192,P,1,JAX,0,0,0,5,0,4,60.5,,,62.6,,,0,0,0,0,0,2016,7
Nate Ebner,7193,S,1,NE,5,5,5,5,6,0,51.5,,,,,,0,0,1,0,0,2016,7
Audie Cole,7195,LB,1,MIN,5,3,4,5,0,0,60.6,,,,,,0,0,0,0,0,2016,7
Nate Stupar,7214,LB,1,NO,6,1,4,4,5,0,59.3,,,,,,0,0,0,0,0,2016,7
Cam Johnson,7221,ED,1,CLV,5,0,0,0,0,0,58.2,,,,,,0,0,0,0,0,2016,7
Antonio Allen,7224,S,1,NYJ,4,5,5,6,0,0,61.6,,,,,,0,0,0,0,0,2016,7
Trevin Wade,7227,CB,1,NYG,0,1,0,0,0,0,60.0,,,,,,0,0,0,0,0,2016,7
Kelvin Beachum,7229,T,1,JAX,0,0,0,0,0,4,60.6,,,,,,0,0,0,0,0,2016,7
Peyton Thompson,7235,S,1,JAX,9,5,5,5,2,0,37.5,,,,,,1,0,0,0,0,2016,7
Johnny Hekker,7252,P,1,LA,0,0,0,7,0,2,60.4,,,77.1,,,0,0,0,0,0,2016,7
Rodney McLeod,7271,S,1,PHI,0,5,1,0,0,0,60.4,,,,,,0,0,0,0,0,2016,7
Garrett Celek,7274,TE,1,SF,7,0,0,6,0,3,59.4,,,,,,0,0,0,0,0,2016,7
Michael Thomas,7279,S,1,MIA,1,6,1,6,3,0,54.3,,,,,,0,0,0,1,1,2016,7
Vontaze Burfict,7280,LB,1,CIN,0,0,1,0,0,0,60.0,,,,,,0,0,0,0,0,2016,7
L.J. Fort,7292,LB,1,PIT,5,5,2,0,0,0,85.7,,,,,,0,0,0,0,0,2016,7
Duke Ihenacho,7297,S,1,WAS,0,3,0,0,5,0,60.6,,,,,,0,0,0,0,0,2016,7
Steven Johnson,7298,LB,1,PIT,5,5,5,5,0,0,90.3,,,,,,0,0,2,0,1,2016,7
Aaron Brewer,7301,LS,1,ARZ,0,0,0,7,0,4,64.9,,,,,,0,0,0,0,0,2016,7
Robert Golden,7303,S,1,PIT,0,0,0,0,4,0,60.0,,,,,,0,0,0,0,0,2016,7
Cory Harkey,7306,FB,1,LA,4,0,0,4,0,2,68.0,,,,,,0,0,0,0,0,2016,7
Phillip Supernaw,7324,TE,1,TEN,7,6,1,4,0,0,47.4,,,,,,0,0,0,0,0,2016,7
Charley Hughlett,7336,LS,1,CLV,0,0,0,6,0,3,48.5,,,,,,1,0,0,0,0,2016,7
Griff Whalen,7351,WR,1,SD,7,7,1,1,0,0,60.3,,53.0,,,,0,0,0,0,0,2016,7
Damon Harrison Sr.,7355,DI,1,NYG,0,0,0,0,2,0,59.4,,,,,,0,0,0,0,0,2016,7
Valentino Blake,7362,CB,1,TEN,7,6,4,4,6,0,55.2,,,,,,0,0,0,0,1,2016,7
Julian Stanford,7372,LB,1,NYJ,4,5,3,6,4,0,60.6,,,,,,0,0,0,0,0,2016,7
Johnson Bademosi,7374,CB,1,DET,1,2,2,3,4,0,68.3,,,,,,0,0,0,0,0,2016,7
Kelcie McCray,7396,S,1,SEA,0,0,0,9,4,0,72.0,,,,,,0,0,1,0,0,2016,7
Marquette King,7410,P,1,OAK,0,0,0,5,0,7,60.9,,,70.8,,,0,0,0,0,0,2016,7
Rod Streater,7416,WR,1,SF,7,4,0,6,0,0,39.0,,,,,,0,0,0,0,1,2016,7
Beau Brinkley,7418,LS,1,TEN,0,0,0,4,0,4,81.0,,,,,,0,0,2,0,0,2016,7
Travaris Cadet,7457,HB,1,NO,6,4,3,4,0,0,60.3,,,,,,0,0,0,0,0,2016,7
Tyrunn Walker,7459,DI,1,DET,0,0,0,0,3,0,59.5,,,,,,0,0,0,0,0,2016,7
Brandon Bolden,7469,HB,1,NE,5,5,5,5,0,0,51.4,,,,,,0,0,0,0,0,2016,7
Josh Bellamy,7472,WR,1,CHI,6,3,2,4,0,0,90.8,,,,,,0,0,1,0,0,2016,7
Brittan Golden,7481,WR,1,ARZ,4,3,8,7,0,0,65.1,,58.8,,62.4,,0,0,0,0,0,2016,7
Bobby Rainey Jr.,7511,HB,1,NYG,3,0,7,8,0,0,51.9,,,,,,0,0,0,0,0,2016,7
Deonte Thompson,7513,WR,1,CHI,6,0,0,1,0,0,60.2,,58.0,,,,0,0,0,0,0,2016,7
Sean McGrath,7515,TE,1,SD,4,0,0,2,0,7,59.2,,,,,,0,0,0,0,0,2016,7
Emmanuel Lamur,7561,LB,1,MIN,3,3,4,5,0,0,60.3,,,,,,0,0,0,0,0,2016,7
Jamize Olawale,7572,FB,1,OAK,5,9,5,5,0,0,45.4,,,,,,0,0,0,0,0,2016,7
Ryan Quigley,7573,P,1,ARZ,0,0,0,7,0,4,40.2,,,52.4,,,1,0,0,0,0,2016,7
Eddie Pleasant,7593,S,1,HST,0,3,1,0,3,0,61.2,,,,,,0,0,0,0,0,2016,7
Justin Tucker,7604,K,1,BLT,0,4,0,0,0,4,60.0,60.0,,,,74.3,0,0,0,0,0,2016,7
Brandon Bostick,7605,TE,1,NYJ,4,0,5,4,0,0,59.0,,,,,,0,0,0,0,0,2016,7
Andrew DePaola,7633,LS,1,TB,0,0,0,3,0,7,64.8,,,,,,0,0,0,0,0,2016,7
Ty Nsekhe,7636,T,1,WAS,0,0,0,0,5,4,60.2,,,,,,0,0,0,0,0,2016,7
Larry Donnell,7638,TE,1,NYG,0,0,0,0,0,3,60.1,,,,,,0,0,0,0,0,2016,7
David DeCastro,7640,G,1,PIT,0,0,0,0,0,6,61.3,,,,,,0,0,0,0,0,2016,7
Harrison Smith,7641,S,1,MIN,0,0,0,0,4,0,29.3,,,,,,1,0,0,0,0,2016,7
Jeff Allen,7642,G,1,HST,0,0,0,0,0,4,60.6,,,,,,0,0,0,0,0,2016,7
Mike Adams,7643,T,1,CHI,0,0,0,0,0,2,60.0,,,,,,0,0,0,0,0,2016,7
Malik Jackson,7647,DI,1,JAX,0,0,0,0,4,0,28.0,,,,,,1,0,0,0,0,2016,7
Brandon Marshall,7648,LB,1,DEN,0,0,1,0,4,0,60.4,,,,,,0,0,0,0,0,2016,7
Josh Norman,7649,CB,1,WAS,0,0,0,0,2,0,60.1,,,,,,0,0,0,0,0,2016,7
Corey White,7652,CB,1,BUF,6,6,6,0,0,0,49.0,,,,,,1,0,0,0,0,2016,7
Justin Bethel,7654,CB,1,ARZ,4,3,9,7,3,0,72.8,,,,,,1,0,2,0,1,2016,7
Matt McCants,7657,T,1,OAK,0,0,0,0,0,7,60.5,,,,,,0,0,0,0,0,2016,7
Austin Pasztor,7689,T,1,CLV,0,0,0,0,0,3,60.4,,,,,,0,0,0,0,0,2016,7
Don Barclay,7703,G,1,GB,0,0,0,0,0,6,61.0,,,,,,0,0,0,0,0,2016,7
Neiko Thorpe,7716,CB,1,SEA,3,4,7,9,0,0,71.7,,,,,,0,0,2,0,0,2016,7
Josh Harris,7748,LS,1,ATL,0,0,0,2,0,7,59.8,,,,,,0,0,0,0,0,2016,7
Eric Fisher,7783,T,1,KC,0,0,0,0,0,5,60.8,,,,,,0,0,0,0,0,2016,7
Barkevious Mingo,7787,ED,1,NE,5,5,5,5,6,0,35.8,,,,,,0,0,0,0,0,2016,7
Jonathan Cooper,7788,G,1,CLV,0,0,0,0,0,3,60.8,,,,,,0,0,0,0,0,2016,7
Tavon Austin,7789,WR,1,LA,0,0,8,0,0,0,60.3,,,,62.4,,0,0,0,0,0,2016,7
D.J. Fluker,7792,G,1,SD,0,0,0,0,0,7,61.5,,,,,,0,0,0,0,0,2016,7
D.J. Hayden,7793,CB,1,OAK,0,0,5,0,4,0,74.1,,,,,,0,0,0,0,0,2016,7
Sheldon Richardson,7794,ED,1,NYJ,0,0,1,0,0,0,60.0,,,,,,0,0,0,0,0,2016,7
Kenny Vaccaro,7796,S,1,NO,0,1,0,0,0,0,60.0,,,,,,0,0,0,0,0,2016,7
Jarvis Jones,7798,ED,1,PIT,0,0,0,0,1,0,60.0,,,,,,0,0,0,0,0,2016,7
Eric Reid,7799,S,1,SF,0,0,0,0,7,0,59.7,,,,,,0,0,0,0,0,2016,7
Justin Pugh,7800,G,1,NYG,0,0,0,0,0,3,60.1,,,,,,0,0,0,0,0,2016,7
Desmond Trufant,7803,CB,1,ATL,1,7,0,0,1,0,60.1,,,,,,0,0,0,0,0,2016,7
Datone Jones,7807,ED,1,GB,0,0,0,0,2,4,59.7,,,,,,0,0,0,0,0,2016,7
Sylvester Williams,7809,DI,1,DEN,0,0,1,0,4,0,60.0,,,,,,0,0,0,0,0,2016,7
Cordarrelle Patterson,7810,WR,1,MIN,5,0,0,5,0,0,70.3,,57.8,,,,0,0,0,0,0,2016,7
Johnathan Cyprien,7814,S,1,JAX,0,4,0,0,7,0,59.9,,,,,,0,0,0,0,0,2016,7
Zach Ertz,7816,TE,1,PHI,3,0,0,0,0,4,75.0,,,,,,0,0,0,0,0,2016,7
Tank Carradine,7821,ED,1,SF,0,0,0,0,7,0,60.2,,,,,,0,0,0,0,0,2016,7
Kevin Minter,7826,LB,1,ARZ,0,0,0,0,3,0,60.0,,,,,,0,0,0,0,0,2016,7
Kiko Alonso,7827,LB,1,MIA,0,0,1,0,0,0,60.0,,,,,,0,0,0,0,0,2016,7
Johnathan Hankins,7830,DI,1,NYG,0,0,0,0,2,1,60.0,,,,,,0,0,0,0,0,2016,7
Margus Hunt,7834,ED,1,CIN,4,5,5,0,3,0,74.2,,,,,,0,0,0,0,0,2016,7
Jamar Taylor,7835,CB,1,CLV,0,0,2,0,7,0,61.0,,,,,,0,0,0,0,0,2016,7
Arthur Brown,7837,LB,1,JAX,9,5,5,5,7,0,76.4,,,,,,0,0,1,0,0,2016,7
D.J. Swearinger Sr.,7838,S,1,ARZ,0,0,9,0,0,0,60.2,,,,,,0,0,0,0,0,2016,7
Robert Alford,7841,CB,1,ATL,0,7,0,0,1,0,60.4,,,,,,0,0,0,0,0,2016,7
Dwayne Gratz,7845,CB,1,LA,0,0,8,0,0,0,59.9,,,,,,0,0,0,0,0,2016,7
Larry Warford,7846,G,1,DET,0,0,0,0,0,5,61.2,,,,,,0,0,0,0,0,2016,7
Tyrann Mathieu,7850,S,1,ARZ,0,3,0,0,3,0,59.0,,,,,,0,0,0,0,0,2016,7
T.J. McDonald,7852,S,1,LA,0,3,0,0,3,0,59.9,,,,,,0,0,0,0,0,2016,7
Brian Winters,7853,G,1,NYJ,0,0,0,0,0,5,60.7,,,,,,0,0,0,0,0,2016,7
Terron Armstead,7856,T,1,NO,0,0,0,0,0,2,60.0,,,,,,0,0,0,0,0,2016,7
Kayvon Webster,7871,CB,1,DEN,0,6,5,6,4,0,66.6,,,,,,0,0,1,0,0,2016,7
Duron Harmon,7872,S,1,NE,0,5,2,0,1,0,67.1,,,,,,0,0,0,0,0,2016,7
Will Davis,7874,CB,1,BLT,0,0,0,0,1,0,60.0,,,,,,0,0,0,0,0,2016,7
Brandon Williams,7875,DI,1,BLT,0,0,1,0,5,0,93.4,,,,,,0,0,0,0,0,2016,7
Brandon Williams,7876,TE,1,SEA,3,4,7,9,0,3,60.6,,,,,,0,0,0,0,0,2016,7
Knile Davis,7878,HB,1,GB,3,0,0,0,0,0,60.0,,59.5,,,,0,0,0,0,0,2016,7
Akeem Spence,7882,DI,1,TB,0,0,1,0,2,7,60.9,,,,,,0,0,0,0,0,2016,7
Alex Okafor,7885,ED,1,ARZ,0,0,9,6,0,0,60.5,,,,,,0,0,0,0,0,2016,7
Jelani Jenkins,7886,LB,1,MIA,1,0,1,0,0,0,60.0,,,,,,0,0,0,0,0,2016,7
Duke Williams,7887,S,1,BUF,6,6,6,0,0,0,63.3,,,,,,0,0,0,0,1,2016,7
Brian Schwenke,7889,G,1,TEN,0,0,0,0,0,4,61.0,,,,,,0,0,0,0,0,2016,7
David Bakhtiari,7891,T,1,GB,0,0,0,0,0,6,60.9,,,,,,0,0,0,0,0,2016,7
Earl Watford,7898,G,1,ARZ,0,0,0,0,0,4,61.0,,,,,,0,0,0,0,0,2016,7
Gerald Hodges,7902,LB,1,SF,0,0,0,5,0,0,74.6,,,,,,0,0,1,0,0,2016,7
William Gholston,7908,ED,1,TB,0,0,1,0,3,0,59.9,,,,,,0,0,0,0,0,2016,7
John Simon,7911,ED,1,HST,0,0,6,1,5,0,64.2,,,,,,0,0,0,0,0,2016,7
Kyle Juszczyk,7912,FB,1,BLT,5,4,5,6,0,0,68.0,,,,,,0,0,2,0,0,2016,7
Devin Taylor,7914,ED,1,DET,0,0,0,0,3,0,59.7,,,,,,0,0,0,0,0,2016,7
Levine Toilolo,7915,TE,1,ATL,1,0,0,2,0,7,60.0,,,,,,0,0,0,0,0,2016,7
Denard Robinson,7917,HB,1,JAX,0,4,5,5,0,0,59.8,,,,,,0,0,1,0,1,2016,7
Tharold Simon,7920,CB,1,ARZ,3,0,5,0,0,0,81.9,,,,,,0,0,0,0,0,2016,7
Stepfan Taylor,7922,HB,1,ARZ,4,3,5,7,0,0,60.8,,,,,,0,0,0,0,0,2016,7
Lavar Edwards,7924,ED,1,IND,0,0,0,0,4,0,59.9,,,,,,0,0,0,0,0,2016,7
Jonathan Meeks,7925,S,1,BUF,6,6,6,7,2,0,57.3,,,,,,0,0,2,0,0,2016,7
Steve Williams,7927,CB,1,SD,0,8,2,0,7,0,61.0,,,,,,0,0,0,0,0,2016,7
Steven Means,7929,ED,1,PHI,0,0,2,0,2,0,60.7,,,,,,0,0,0,0,0,2016,7
Chris Thompson,7936,HB,1,WAS,5,0,0,0,0,0,59.8,,58.8,,,,0,0,0,0,0,2016,7
Jeff Locke,7937,P,1,MIN,0,0,0,5,0,2,60.2,,,59.9,,,0,0,0,0,0,2016,7
Quinton Dial,7939,DI,1,SF,0,0,0,0,7,3,59.5,,,,,,0,0,0,0,0,2016,7
Micah Hyde,7941,CB,1,GB,0,6,0,2,2,0,60.0,,,,,,0,0,0,0,0,2016,7
Jordan Mills,7945,T,1,BUF,0,0,0,0,0,3,60.4,,,,,,0,0,0,0,0,2016,7
Mike Gillislee,7946,HB,1,BUF,6,0,0,7,0,0,71.3,,,,,,0,0,1,0,0,2016,7
Sam Martin,7947,P,1,DET,0,5,0,3,0,5,60.7,60.0,,65.5,,,0,0,0,0,0,2016,7
Caleb Sturgis,7948,K,1,PHI,0,5,0,0,0,4,60.0,60.0,,,,63.8,0,0,0,0,0,2016,7
Rick Wagner,7950,T,1,BLT,0,0,0,0,0,4,60.6,,,,,,0,0,0,0,0,2016,7
Eric Kush,7952,C,1,CHI,0,0,0,0,0,2,60.0,,,,,,0,0,0,0,0,2016,7
Dustin Hopkins,7958,K,1,WAS,0,3,0,0,0,4,60.0,60.0,,,,49.9,0,0,0,0,0,2016,7
Tourek Williams,7960,ED,1,SD,0,8,2,2,1,0,63.2,,,,,,0,0,0,0,0,2016,7
Kenjon Barner,7963,HB,1,PHI,0,5,4,0,0,0,61.4,,,,,,0,0,0,0,0,2016,7
Mychal Rivera,7965,TE,1,OAK,5,0,5,5,0,7,60.3,,,,,,0,0,0,0,0,2016,7
Rex Burkhead,7971,HB,1,CIN,4,5,5,2,0,0,73.1,,,,,,0,0,1,1,0,2016,7
Nate Palmer,7974,LB,1,TEN,7,6,4,4,0,0,50.6,,,,,,0,0,0,0,1,2016,7
Chris Jones,7979,DI,1,MIA,5,0,0,0,3,0,72.0,,,,,,0,0,0,0,0,2016,7
Ryan Griffin,7982,TE,1,HST,0,0,0,0,0,4,60.2,,,,,,0,0,0,0,0,2016,7
Ryan Jensen,7985,G,1,BLT,0,0,0,0,0,4,60.2,,,,,,0,0,0,0,0,2016,7
Vince Williams,7988,LB,1,PIT,0,0,0,5,2,0,41.3,,,,,,1,0,0,0,0,2016,7
Mike Catapano,7989,ED,1,NYJ,4,5,1,6,0,0,59.0,,,,,,0,0,0,0,0,2016,7
Michael Mauti,7995,ED,1,NO,6,3,4,4,5,0,60.8,,,,,,0,0,0,0,0,2016,7
Charles Johnson,7998,WR,1,MIN,1,1,3,0,0,0,45.2,,,,,,0,0,0,0,0,2016,7
Kerwynn Williams,8013,HB,1,ARZ,0,3,7,4,0,0,45.0,,,,,,0,0,0,0,0,2016,7
David Bass,8016,ED,1,TEN,0,6,4,0,6,0,68.2,,,,,,0,0,1,0,0,2016,7
Kemal Ishmael,8026,S,1,ATL,0,7,2,2,7,0,66.0,,,,,,0,0,0,0,0,2016,7
Daimion Stafford,8031,S,1,TEN,7,6,4,0,3,0,60.5,,,,,,0,0,0,0,0,2016,7
Don Jones,8033,S,1,HST,6,4,3,5,0,0,52.9,,,,,,0,0,1,0,0,2016,7
T.J. Johnson,8034,C,1,CIN,0,0,0,0,0,7,61.0,,,,,,0,0,0,0,0,2016,7
Marcus Cooper,8035,CB,1,ARZ,1,0,8,0,0,0,64.6,,,,,,0,0,0,0,0,2016,7
Damion Square,8042,DI,1,SD,0,0,1,0,7,0,58.9,,,,,,0,0,0,0,0,2016,7
Carson Tinker,8043,LS,1,JAX,0,0,0,5,0,4,59.1,,,,,,0,0,0,0,0,2016,7
Chris Hubbard,8051,T,1,PIT,0,0,0,0,0,6,60.9,,,,,,0,0,0,0,0,2016,7
Alvin Bailey,8071,G,1,CLV,0,0,0,0,0,3,60.1,,,,,,0,0,0,0,0,2016,7
Josh McNary,8073,LB,1,IND,6,7,2,4,4,0,59.2,,,,,,0,0,0,0,0,2016,7
Daren Bates,8077,LB,1,OAK,5,9,5,5,4,0,42.2,,,,,,1,0,2,0,0,2016,7
John Wetzel,8088,T,1,ARZ,0,0,0,0,0,4,60.6,,,,,,0,0,0,0,0,2016,7
Rontez Miles,8102,S,1,NYJ,4,5,6,6,4,0,60.1,,,,,,0,0,0,0,0,2016,7
Colton Schmidt,8104,P,1,BUF,0,0,0,7,0,3,60.5,,,61.4,,,1,0,0,0,0,2016,7
A.J. Bouye,8110,CB,1,HST,0,0,0,0,3,0,60.5,,,,,,0,0,0,0,0,2016,7
Charles James II,8120,CB,1,HST,6,4,6,0,3,0,62.6,,,,,,0,0,0,0,0,2016,7
Jaron Brown,8128,WR,1,ARZ,0,0,0,3,0,0,59.6,,,,,,0,0,0,0,0,2016,7
Josh Martin,8138,ED,1,NYJ,4,5,5,6,4,0,70.8,,,,,,0,0,0,1,0,2016,7
Paul Worrilow,8141,LB,1,ATL,7,7,2,2,7,0,61.0,,,,,,0,0,0,0,0,2016,7
Lerentee McCray,8159,ED,1,BUF,6,6,6,7,0,0,91.0,,,,,,0,0,0,1,0,2016,7
Abry Jones,8177,DI,1,JAX,0,0,1,0,7,4,59.6,,,,,,0,0,0,0,0,2016,7
Tim Lelito,8189,G,1,NO,2,0,0,0,0,3,59.6,,,,,,0,0,0,0,0,2016,7
Josh Hill,8200,TE,1,NO,6,1,0,4,0,3,59.0,,,,,,0,0,0,0,0,2016,7
Matt Tobin,8211,T,1,PHI,0,0,0,0,0,4,60.2,,,,,,0,0,0,0,0,2016,7
Bradley McDougald,8220,S,1,TB,1,1,0,0,3,0,60.1,,,,,,0,0,0,0,0,2016,7
Josh Kline,8230,G,1,TEN,0,0,0,0,0,4,60.6,,,,,,0,0,0,0,0,2016,7
Ryan Allen,8242,P,1,NE,0,0,0,5,0,4,60.5,,,58.7,,,0,0,0,0,0,2016,7
Russell Shepard,8254,WR,1,TB,4,7,3,3,0,0,60.5,,,,,,0,0,0,0,0,2016,7
Brad Wing,8256,P,1,NYG,0,0,0,8,0,3,60.5,,,70.5,,,0,0,0,0,0,2016,7
Patrick Omameh,8277,G,1,JAX,0,0,0,0,0,4,60.2,,,,,,0,0,0,0,0,2016,7
Benny Cunningham,8283,HB,1,LA,4,0,0,7,0,0,59.0,,59.1,,,,0,0,0,0,0,2016,7
MarQueis Gray,8286,TE,1,MIA,1,0,0,6,0,4,71.2,,,,,,0,0,0,1,0,2016,7
Adam Thielen,8288,WR,1,MIN,3,0,1,0,0,0,60.3,,,,,,0,0,0,0,0,2016,7
Will Compton,8308,LB,1,WAS,0,0,0,2,5,0,59.9,,,,,,0,0,0,0,0,2016,7
Rashaan Melvin,8334,CB,1,IND,0,0,4,0,0,0,66.4,,,,,,0,0,0,0,0,2016,7
Tress Way,8358,P,1,WAS,0,0,0,2,0,4,60.3,,,60.2,,,0,0,0,0,0,2016,7
Tony Jefferson,8361,S,1,ARZ,0,3,0,7,3,0,62.9,,,,,,0,0,1,0,0,2016,7
Lane Taylor,8365,G,1,GB,0,0,0,0,0,6,26.0,,,,,,0,0,0,0,0,2016,7
Brandon Copeland,8378,LB,1,DET,3,5,2,3,0,0,60.9,,,,,,0,0,0,0,0,2016,7
Stefan Charles,8387,DI,1,DET,0,0,0,0,2,0,59.7,,,,,,0,0,0,0,0,2016,7
Zach Line,8420,FB,1,MIN,5,1,0,1,0,0,58.8,,,,,,0,0,0,0,0,2016,7
Brandon McManus,8437,K,1,DEN,0,6,0,0,0,5,60.0,60.0,,,,64.5,0,0,0,0,0,2016,7
Steven Terrell,8450,S,1,SEA,3,4,0,0,4,0,60.4,,,,,,0,0,0,0,0,2016,7
Joplo Bartu,8455,LB,1,ARZ,4,3,9,0,0,0,62.1,,,,,,0,0,0,0,0,2016,7
Cody Davis,8458,S,1,LA,4,3,8,7,3,0,79.6,,,,,,0,0,1,0,0,2016,7
Jordan Dangerfield,8468,S,1,PIT,5,5,0,5,0,0,59.8,,,,,,0,0,0,0,0,2016,7
Kevin McDermott,8476,LS,1,MIN,0,0,0,5,0,2,63.9,,,,,,0,0,0,0,0,2016,7
Nickell Robey-Coleman,8483,CB,1,BUF,0,6,2,0,0,0,60.3,,,,,,0,0,0,0,0,2016,7
Ryan Schraeder,8496,T,1,ATL,0,0,0,0,0,7,61.0,,,,,,0,0,0,0,0,2016,7
LaRoy Reynolds,8500,LB,1,ATL,7,7,2,2,0,0,66.4,,,,,,0,0,0,1,0,2016,7
Terence Garvin,8515,LB,1,WAS,5,3,3,2,0,0,61.4,,,,,,0,0,0,0,0,2016,7
Jack Doyle,8520,TE,1,IND,1,0,0,4,0,6,59.6,,,,,,0,0,0,0,0,2016,7
Demetrius Harris,8524,TE,1,KC,4,6,3,0,0,5,61.0,,61.2,,,,0,0,0,0,0,2016,7
Mike Purcell,8530,DI,1,SF,7,0,0,0,7,3,56.4,,,,,,0,0,0,0,0,2016,7
Ifeanyi Momah,8557,TE,1,ARZ,4,3,9,7,0,0,59.8,,,,,,0,0,0,0,0,2016,7
James Winchester,8580,LS,1,KC,0,0,0,4,0,5,77.4,,,,,,0,0,1,0,0,2016,7
Jadeveon Clowney,8636,ED,1,HST,0,0,3,0,4,0,58.2,,,,,,0,0,0,0,0,2016,7
Greg Robinson,8637,T,1,LA,0,0,0,0,0,2,60.1,,,,,,0,0,0,0,0,2016,7
Khalil Mack,8640,ED,1,OAK,0,0,0,0,4,0,60.1,,,,,,0,0,0,0,0,2016,7
Jake Matthews,8641,T,1,ATL,0,0,0,0,0,7,61.1,,,,,,0,0,0,0,0,2016,7
Justin Gilbert,8643,CB,1,PIT,5,5,3,2,0,0,55.4,,59.5,,,,0,0,0,0,0,2016,7
Anthony Barr,8644,LB,1,MIN,0,0,0,0,4,0,60.3,,,,,,0,0,0,0,0,2016,7
Taylor Lewan,8646,T,1,TEN,0,0,0,0,0,4,60.4,,,,,,0,0,0,0,0,2016,7
Odell Beckham Jr.,8647,WR,1,NYG,0,0,2,0,0,0,60.0,,,,60.5,,0,0,0,0,0,2016,7
Aaron Donald,8648,DI,1,LA,0,0,0,0,3,0,59.4,,,,,,0,0,0,0,0,2016,7
Ryan Shazier,8650,LB,1,PIT,0,0,5,0,2,0,60.7,,,,,,0,0,0,0,0,2016,7
Calvin Pryor,8653,S,1,NYJ,0,0,0,0,4,0,59.9,,,,,,0,0,0,0,0,2016,7
Ja'Wuan James,8654,T,1,MIA,0,0,0,0,0,4,60.6,,,,,,0,0,0,0,0,2016,7
Ha Ha Clinton-Dix,8656,S,1,GB,0,6,0,0,2,0,60.2,,,,,,0,0,0,0,0,2016,7
Dee Ford,8658,ED,1,KC,0,0,1,0,0,0,60.0,,,,,,0,0,0,0,0,2016,7
Darqueze Dennard,8659,CB,1,CIN,0,5,6,1,3,0,64.7,,,,,,0,0,0,0,0,2016,7
Marcus Smith,8661,ED,1,PHI,2,5,0,0,0,0,60.7,,,,,,0,0,0,0,0,2016,7
Jimmie Ward,8665,CB,1,SF,0,0,0,0,7,0,60.2,,,,,,0,0,0,0,0,2016,7
Ra'Shede Hageman,8672,DI,1,ATL,0,0,0,0,7,0,59.8,,,,,,0,0,0,0,0,2016,7
Marqise Lee,8674,WR,1,JAX,9,0,0,0,0,0,60.0,,64.7,,,,0,0,0,0,0,2016,7
Kyle Van Noy,8675,LB,1,DET,3,5,2,3,4,0,61.0,,,,,,0,0,0,0,0,2016,7
Weston Richburg,8678,C,1,NYG,0,0,0,0,0,2,60.2,,,,,,0,0,0,0,0,2016,7
Cyrus Kouandjio,8679,T,1,BUF,0,0,0,0,0,3,60.1,,,,,,0,0,0,0,0,2016,7
Stephon Tuitt,8681,DI,1,PIT,0,0,0,0,3,6,60.1,,,,,,0,0,0,0,0,2016,7
Trent Murphy,8682,ED,1,WAS,0,0,0,2,0,0,59.5,,,,,,0,0,0,0,0,2016,7
Jarvis Landry,8698,WR,1,MIA,1,0,4,0,0,0,60.1,,59.9,,61.9,,0,0,0,0,0,2016,7
Justin Britt,8699,C,1,SEA,0,0,0,0,0,3,60.1,,,,,,0,0,0,0,0,2016,7
Morgan Moses,8701,T,1,WAS,0,0,0,0,0,4,60.4,,,,,,0,0,0,0,0,2016,7
Christian Kirksey,8706,LB,1,CLV,0,0,0,6,7,0,68.2,,,,,,0,0,0,0,0,2016,7
Preston Brown,8708,LB,1,BUF,0,0,0,7,4,0,47.5,,,,,,0,0,0,0,1,2016,7
Travis Swanson,8711,C,1,DET,0,0,0,0,0,5,60.4,,,,,,0,0,0,0,0,2016,7
Spencer Long,8713,C,1,WAS,0,0,0,0,0,4,60.6,,,,,,0,0,0,0,0,2016,7
Gabe Jackson,8716,G,1,OAK,0,0,0,0,0,7,61.5,,,,,,0,0,0,0,0,2016,7
Will Sutton III,8717,DI,1,CHI,6,0,0,0,6,0,43.8,,,,,,0,0,0,0,0,2016,7
Kareem Martin,8719,DI,1,ARZ,4,3,9,7,3,4,60.3,,,,,,0,0,0,0,0,2016,7
Khyri Thornton,8720,DI,1,DET,0,0,0,0,4,0,59.8,,,,,,0,0,0,0,0,2016,7
Josh Huff,8721,WR,1,PHI,2,0,0,4,0,0,54.0,,71.5,,,,0,0,0,0,0,2016,7
Michael Schofield III,8730,G,1,DEN,0,0,0,0,0,5,60.4,,,,,,0,0,0,0,0,2016,7
Richard Rodgers,8733,TE,1,GB,3,0,0,0,0,0,55.3,,,,,,0,0,0,0,0,2016,7
Crockett Gillmore,8734,TE,1,BLT,0,0,0,0,0,4,60.4,,,,,,0,0,0,0,0,2016,7
Jaylen Watkins,8736,S,1,PHI,2,5,4,3,0,0,70.9,,,,,,0,0,0,0,0,2016,7
Bashaud Breeland,8737,CB,1,WAS,0,1,1,0,3,0,60.7,,,,,,0,0,0,0,0,2016,7
Justin Ellis,8742,DI,1,OAK,0,0,0,0,3,0,91.8,,,,,,0,0,0,0,0,2016,7
Cassius Marsh,8743,ED,1,SEA,3,1,7,9,4,0,59.0,,,,,,0,0,0,0,0,2016,7
Ross Cockrell,8744,CB,1,PIT,0,1,0,0,4,0,60.3,,,,,,0,0,0,0,0,2016,7
Maurice Alexander,8745,S,1,LA,0,0,0,0,3,0,59.9,,,,,,0,0,0,0,0,2016,7
DaQuan Jones,8747,DI,1,TEN,0,0,0,0,6,4,59.9,,,,,,0,0,0,0,0,2016,7
Aaron Colvin,8749,CB,1,JAX,0,0,1,0,5,0,60.6,,,,,,0,0,0,0,0,2016,7
Keith McGill,8751,S,1,OAK,1,9,5,5,4,0,52.6,,,,,,0,0,0,0,1,2016,7
Ka'Deem Carey,8752,HB,1,CHI,0,0,0,5,0,0,59.4,,,,,,0,0,0,0,0,2016,7
Marqueston Huff,8757,S,1,BLT,5,4,6,3,5,0,70.9,,,,,,0,0,1,0,0,2016,7
De'Anthony Thomas,8759,WR,1,KC,0,0,0,0,3,0,60.5,,,,,,0,0,0,0,0,2016,7
Walt Aikens,8760,S,1,MIA,6,6,6,5,3,0,55.0,,,,,,1,0,1,0,0,2016,7
Dontae Johnson,8764,CB,1,SF,7,4,3,6,7,0,51.0,,,,,,0,0,0,0,1,2016,7
Nevin Lawson,8768,CB,1,DET,0,5,0,0,4,0,60.2,,,,,,0,0,0,0,0,2016,7
Brent Urban,8769,DI,1,BLT,0,0,1,0,5,0,59.6,,,,,,0,0,0,0,0,2016,7
Dakota Dozier,8772,G,1,NYJ,3,0,0,0,0,0,55.2,,,,,,0,0,0,0,0,2016,7
Lorenzo Taliaferro,8773,HB,1,BLT,5,4,5,6,0,0,59.5,,,,,,0,0,0,0,0,2016,7
Cameron Fleming,8775,T,1,NE,0,0,0,0,0,4,61.0,,,,,,0,0,0,0,0,2016,7
Ryan Grant,8777,WR,1,WAS,5,2,3,0,0,0,60.9,,,,,,0,0,0,0,0,2016,7
Telvin Smith Sr.,8779,LB,1,JAX,0,1,0,0,7,0,59.9,,,,,,0,0,0,0,0,2016,7
Ricardo Allen,8782,S,1,ATL,1,0,0,0,0,0,60.0,,,,,,0,0,0,0,0,2016,7
Kevin Pamphile,8784,G,1,TB,0,0,0,0,0,7,61.0,,,,,,0,0,0,0,0,2016,7
Aaron Lynch,8785,ED,1,SF,0,0,0,0,5,0,60.0,,,,,,0,0,0,0,0,2016,7
Avery Williamson,8786,LB,1,TEN,0,0,0,0,6,0,60.2,,,,,,0,0,0,0,0,2016,7
Ed Reynolds Jr.,8797,S,1,CLV,5,4,2,6,0,0,71.4,,,,,,0,0,0,1,0,2016,7
Keith Reaser,8805,CB,1,SF,0,4,3,0,2,0,60.3,,,,,,0,0,0,0,0,2016,7
Jordan Tripp,8806,LB,1,SEA,3,4,7,9,0,0,59.9,,,,,,0,0,0,0,0,2016,7
Wesley Johnson,8808,C,1,NYJ,1,0,0,0,0,5,60.0,,,,,,0,0,0,0,0,2016,7
Devon Kennard,8809,LB,1,NYG,0,0,0,8,2,0,58.0,,,,,,0,0,0,0,0,2016,7
John Urschel,8810,G,1,BLT,0,0,0,0,0,4,60.6,,,,,,0,0,0,0,0,2016,7
Kenneth Acker,8815,CB,1,KC,3,6,3,0,0,0,60.6,,,,,,0,0,0,0,0,2016,7
Alfred Blue,8816,HB,1,HST,6,3,3,5,0,0,60.0,,,,,,0,0,0,0,0,2016,7
E.J. Gaines,8823,CB,1,LA,0,0,0,0,3,0,60.1,,,,,,0,0,0,0,0,2016,7
Pat O'Donnell,8826,P,1,CHI,0,0,0,5,0,2,60.2,,,63.3,,,0,0,0,0,0,2016,7
Zach Fulton,8828,G,1,KC,0,0,0,0,0,5,61.2,,,,,,0,0,0,0,0,2016,7
Walter Powell,8831,WR,1,BUF,0,6,0,0,0,0,48.2,,,,,,0,0,0,0,0,2016,7
Demetri Goodson,8832,CB,1,GB,0,0,5,0,2,0,60.0,,,,,,0,0,0,0,0,2016,7
Laurent Duvernay-Tardif,8834,G,1,KC,0,0,0,0,0,5,60.3,,,,,,0,0,0,0,0,2016,7
Matt Paradis,8841,C,1,DEN,0,0,0,0,0,5,60.7,,,,,,0,0,0,0,0,2016,7
Jay Prosch,8845,FB,1,HST,6,4,3,5,0,4,70.3,,,,,,0,0,1,0,0,2016,7
Marquis Flowers,8846,LB,1,CIN,4,5,5,2,0,0,60.5,,,,,,0,0,0,0,0,2016,7
Dan McCullers,8849,DI,1,PIT,0,0,0,0,4,0,59.2,,,,,,0,0,0,0,0,2016,7
Andre Hal,8850,S,1,HST,0,3,3,1,4,0,42.1,,,,,,0,0,0,0,0,2016,7
T.J. Carrie,8853,CB,1,OAK,0,0,0,0,4,0,60.6,,,,,,0,0,0,0,0,2016,7
Shamar Stephen,8854,DI,1,MIN,0,0,0,0,3,2,59.7,,,,,,0,0,0,0,0,2016,7
Beau Allen,8858,DI,1,PHI,0,0,1,0,2,4,59.9,,,,,,0,0,0,0,0,2016,7
Jeff Janis,8870,WR,1,GB,3,6,5,2,0,0,61.9,,59.9,,,,0,0,0,0,0,2016,7
James Wright,8873,WR,1,CIN,4,5,5,2,0,0,52.9,,,,,,1,0,1,0,0,2016,7
Corey Nelson,8876,LB,1,DEN,4,6,4,6,0,0,80.9,,,,,,0,0,3,0,0,2016,7
Charles Leno Jr.,8880,T,1,CHI,0,0,0,0,0,2,60.1,,,,,,0,0,0,0,0,2016,7
Demetrius Rhaney,8884,C,1,LA,4,0,0,0,0,2,58.6,,,,,,0,0,0,0,0,2016,7
Lonnie Ballentine,8890,S,1,HST,6,4,3,4,1,0,61.0,,,,,,0,0,0,0,0,2016,7
Kapri Bibbs,8906,HB,1,DEN,4,6,4,6,0,0,60.8,,,,,,0,0,0,0,0,2016,7
Howard Jones,8909,ED,1,TB,0,7,6,3,0,0,61.3,,,,,,0,0,0,0,0,2016,7
Dewey McDonald,8913,S,1,SEA,3,4,7,9,0,0,74.6,,,,,,0,0,1,0,0,2016,7
Bennie Fowler,8914,WR,1,DEN,4,6,4,0,0,0,61.0,,,,,,0,0,0,0,0,2016,7
Max Bullough,8919,LB,1,HST,6,4,6,5,5,0,69.3,,,,,,0,0,1,0,0,2016,7
Brock Coyle,8929,LB,1,SEA,3,4,7,9,4,0,69.6,,,,,,0,0,0,1,0,2016,7
Cairo Santos,8932,K,1,KC,0,6,0,0,0,5,60.0,60.0,,,,66.8,0,0,0,0,0,2016,7
Kerry Wynn,8938,ED,1,NYG,3,4,6,0,0,0,60.8,,,,,,0,0,0,0,0,2016,7
Jamie Meder,8940,DI,1,CLV,0,0,0,0,7,3,59.7,,,,,,0,0,0,0,0,2016,7
Albert Wilson,8943,WR,1,KC,1,6,3,1,0,0,61.4,,,,,,0,0,0,0,0,2016,7
Casey Kreiter,8959,LS,1,DEN,0,0,0,6,0,5,50.0,,,,,,1,0,0,0,0,2016,7
Zac Kerin,8960,G,1,MIN,0,0,0,0,0,2,60.0,,,,,,0,0,0,0,0,2016,7
Ethan Westbrooks,8976,ED,1,LA,0,0,0,0,3,0,59.7,,,,,,0,0,0,0,0,2016,7
Denico Autry,8982,DI,1,OAK,0,0,0,0,4,0,59.1,,,,,,0,0,0,0,0,2016,7
Robert Nelson,8989,CB,1,HST,6,4,6,2,4,0,69.7,,,,,,0,0,1,0,0,2016,7
Chris Boswell,8990,K,1,PIT,0,5,0,0,0,6,60.0,60.0,,,,45.2,0,0,0,0,0,2016,7
Willie Snead IV,8999,WR,1,NO,0,1,3,0,0,0,60.3,,,,,,0,0,0,0,0,2016,7
Shaquil Barrett,9000,ED,1,DEN,4,0,5,6,4,0,91.2,,,,,,0,0,0,0,0,2016,7
James Hurst,9001,T,1,BLT,0,0,0,0,0,4,60.2,,,,,,0,0,0,0,0,2016,7
Josh Mauro,9003,ED,1,ARZ,0,0,0,7,3,0,58.1,,,,,,0,0,0,0,0,2016,7
Todd Davis,9007,LB,1,DEN,0,0,1,1,4,0,60.1,,,,,,0,0,0,0,0,2016,7
Kasim Edebali,9011,ED,1,NO,4,3,3,4,0,0,58.7,,,,,,0,0,0,0,0,2016,7
Antonio Andrews,9014,HB,1,TEN,7,0,1,4,0,0,58.6,,,,,,0,0,0,0,0,2016,7
Christian Jones,9020,ED,1,CHI,6,3,2,5,6,0,57.6,,,,,,0,0,0,0,0,2016,7
Cornelius Lucas,9025,T,1,DET,0,0,0,0,0,5,60.3,,,,,,0,0,0,0,0,2016,7
Tenny Palepoi,9028,DI,1,SD,0,0,1,0,7,7,59.5,,,,,,0,0,0,0,0,2016,7
Cody Parkey,9030,K,1,CLV,0,4,0,0,0,3,60.0,60.0,,,,63.2,0,0,0,0,0,2016,7
Kerry Hyder,9045,ED,1,DET,0,0,0,0,1,0,60.0,,,,,,0,0,0,0,0,2016,7
Charcandrick West,9047,HB,1,KC,0,0,0,3,0,0,40.8,,,,,,0,0,0,0,1,2016,7
Chris McCain,9063,ED,1,NO,6,3,3,0,0,0,65.8,,,,,,0,0,1,0,0,2016,7
Adarius Taylor,9074,LB,1,TB,4,7,6,3,0,0,71.5,,,,,,0,0,0,0,0,2016,7
Brandon Coleman,9086,WR,1,NO,6,0,0,4,0,0,58.2,,,,,,0,0,0,0,0,2016,7
Alejandro Villanueva,9091,T,1,PIT,0,0,0,0,0,6,60.4,,,,,,0,0,0,0,0,2016,7
Xavier Grimble,9092,TE,1,PIT,5,0,0,0,0,0,58.4,,,,,,0,0,0,0,0,2016,7
Ryan Hewitt,9107,FB,1,CIN,4,0,0,2,0,7,59.0,,,,,,0,0,0,0,0,2016,7
Anthony Johnson,9109,DI,1,NE,4,0,0,0,6,0,58.4,,,,,,0,0,0,0,0,2016,7
Marcus Williams,9115,CB,1,NYJ,0,5,1,0,0,0,60.4,,,,,,0,0,0,0,0,2016,7
Jonotthan Harrison,9132,G,1,IND,0,0,0,0,0,6,60.9,,,,,,0,0,0,0,0,2016,7
Garry Gilliam,9137,T,1,SEA,0,0,0,0,0,3,60.3,,,,,,0,0,0,0,0,2016,7
Chandler Catanzaro,9140,K,1,ARZ,0,3,0,0,0,4,60.0,60.0,,,,31.8,0,0,0,0,0,2016,7
Brian Dixon,9146,CB,1,NO,0,3,4,4,5,0,65.3,,,,,,0,0,1,0,1,2016,7
Orleans Darkwa,9173,HB,1,NYG,3,4,7,5,0,0,78.1,,,,,,0,0,3,0,0,2016,7
Adrian Phillips,9177,S,1,SD,7,0,0,0,7,0,59.9,,,,,,0,0,0,0,0,2016,7
Trey Burton,9185,TE,1,PHI,3,5,4,4,0,0,79.7,,,,,,0,0,1,0,0,2016,7
George Atkinson,9187,HB,1,CLV,5,4,2,6,0,0,61.6,,58.3,,,,0,0,0,0,0,2016,7
Damien Williams,9205,HB,1,MIA,6,6,5,6,0,0,28.7,,,,,,0,0,0,0,0,2016,7
Cameron Brate,9207,TE,1,TB,0,0,0,3,0,0,59.0,,,,,,0,0,0,0,0,2016,7
Ryan Groy,9221,C,1,BUF,0,0,0,0,0,3,60.1,,,,,,0,0,0,0,0,2016,7
Fitzgerald Toussaint,9244,HB,1,PIT,5,5,5,5,0,0,59.8,,58.8,,,,0,0,0,0,0,2016,7
Justin Perillo,9248,TE,1,GB,3,0,0,0,0,0,55.7,,,,,,0,0,0,0,0,2016,7
Daniel Sorensen,9253,S,1,KC,4,6,3,4,3,0,61.9,,,,,,0,0,0,0,0,2016,7
Tyler Shatley,9257,G,1,JAX,0,0,0,0,0,4,60.2,,,,,,0,0,0,0,0,2016,7
Brandon Dunn,9262,DI,1,HST,0,0,0,0,1,0,60.0,,,,,,0,0,0,0,0,2016,7
Joe Thomas,9272,LB,1,GB,3,6,5,2,0,0,51.1,,,,,,0,0,0,0,0,2016,7
Freddie Martino,9292,WR,1,TB,0,0,2,0,0,0,60.1,,,,,,0,0,0,0,0,2016,7
Erik Swoope,9303,TE,1,IND,6,7,0,0,0,6,61.3,,,,,,0,0,0,0,0,2016,7
Jeremiah Sirles,9305,T,1,MIN,0,0,0,0,0,2,60.3,,,,,,0,0,0,0,0,2016,7
Anthony Steen,9315,C,1,MIA,0,0,0,0,0,4,61.0,,,,,,0,0,0,0,0,2016,7
Mike Pennel,9316,DI,1,GB,0,0,0,0,0,6,61.4,,,,,,0,0,0,0,0,2016,7
Shayne Skov,9317,LB,1,SF,7,4,3,6,7,0,56.0,,,,,,0,0,1,0,1,2016,7
Zachary Orr,9326,LB,1,BLT,0,0,1,6,5,0,64.5,,,,,,0,0,1,0,0,2016,7
Jayrone Elliott,9336,ED,1,GB,0,6,5,2,2,0,62.3,,,,,,0,0,0,0,0,2016,7
Jacob Schum,9373,P,1,GB,0,0,0,2,0,6,60.7,,,60.2,,,0,0,0,0,0,2016,7
Amari Cooper,9437,WR,1,OAK,1,0,0,0,0,0,60.0,,60.0,,,,0,0,0,0,0,2016,7
Leonard Williams,9439,DI,1,NYJ,0,0,1,0,4,0,59.9,,,,,,0,0,0,0,0,2016,7
Ereck Flowers,9442,T,1,NYG,0,0,0,0,0,3,60.4,,,,,,0,0,0,0,0,2016,7
Trae Waynes,9444,CB,1,MIN,0,3,4,0,1,0,60.5,,,,,,0,0,0,0,0,2016,7
Marcus Peters,9451,CB,1,KC,0,0,1,0,0,0,60.0,,,,,,0,0,0,0,0,2016,7
Cedric Ogbuehi,9454,T,1,CIN,0,0,0,0,0,7,61.1,,,,,,0,0,0,0,0,2016,7
D.J. Humphries,9457,T,1,ARZ,0,0,0,0,0,4,60.6,,,,,,0,0,0,0,0,2016,7
Laken Tomlinson,9461,G,1,DET,0,0,0,0,0,5,60.7,,,,,,0,0,0,0,0,2016,7
Malcom Brown,9465,DI,1,NE,0,0,0,0,6,0,59.6,,,,,,0,0,0,0,0,2016,7
Landon Collins,9466,S,1,NYG,0,0,0,3,2,0,59.6,,,,,,0,0,0,0,0,2016,7
Preston Smith,9471,ED,1,WAS,0,0,0,0,5,0,58.8,,,,,,0,0,0,0,0,2016,7
Jalen Collins,9475,CB,1,ATL,7,0,2,2,6,0,66.9,,,,,,0,0,0,0,0,2016,7
Benardrick McKinney,9476,LB,1,HST,0,0,3,0,4,0,60.5,,,,,,0,0,0,0,0,2016,7
Eric Kendricks,9478,LB,1,MIN,0,0,0,0,4,0,60.1,,,,,,0,0,0,0,0,2016,7
Jaquiski Tartt,9479,S,1,SF,7,0,3,0,0,0,59.5,,,,,,0,0,0,0,0,2016,7
Eric Rowe,9480,CB,1,NE,2,0,0,0,0,0,60.0,,,,,,0,0,0,0,0,2016,7
Mitch Morse,9482,C,1,KC,0,0,0,0,0,5,60.4,,,,,,0,0,0,0,0,2016,7
Ronald Darby,9483,CB,1,BUF,0,0,4,0,4,0,60.2,,,,,,0,0,0,0,0,2016,7
Jordan Phillips,9485,DI,1,MIA,0,0,1,0,3,0,59.6,,,,,,0,0,0,0,0,2016,7
Rob Havenstein,9490,T,1,LA,0,0,0,0,0,2,60.0,,,,,,0,0,0,0,0,2016,7
Markus Golden,9491,ED,1,ARZ,4,0,0,0,0,0,59.7,,,,,,0,0,0,0,0,2016,7
Ali Marpet,9494,G,1,TB,0,0,0,0,0,7,61.0,,,,,,0,0,0,0,0,2016,7
A.J. Cann,9500,G,1,JAX,0,0,0,0,0,4,46.0,,,,,,0,0,0,0,0,2016,7
Clive Walford,9501,TE,1,OAK,5,0,0,0,0,7,60.0,,,,,,0,0,0,0,0,2016,7
Tyler Lockett,9502,WR,1,SEA,3,0,7,0,0,0,60.3,,59.2,,61.1,,0,0,0,0,0,2016,7
Owa Odighizuwa,9507,ED,1,NYG,0,2,7,0,0,0,61.8,,,,,,0,0,0,0,0,2016,7
Chris Conley,9509,WR,1,KC,1,0,0,0,0,0,60.0,,,,,,0,0,0,0,0,2016,7
Duke Johnson Jr.,9510,HB,1,CLV,0,0,1,0,0,0,60.0,,,,60.1,,0,0,0,0,0,2016,7
Eli Harold,9512,ED,1,SF,0,4,3,0,0,0,64.6,,,,,,0,0,0,0,0,2016,7
John Miller,9514,G,1,BUF,0,0,0,0,0,3,60.7,,,,,,0,0,0,0,0,2016,7
Lorenzo Mauldin,9515,ED,1,NYJ,0,0,1,0,0,0,60.0,,,,,,0,0,0,0,0,2016,7
Jordan Hicks,9517,LB,1,PHI,1,0,1,0,2,0,60.2,,,,,,0,0,0,0,0,2016,7
Tyler Kroft,9518,TE,1,CIN,4,0,0,2,0,7,58.9,,,,,,0,0,0,0,0,2016,7
Sammie Coates,9520,WR,1,PIT,0,0,5,5,0,0,39.0,,,,,,0,0,0,0,0,2016,7
Danielle Hunter,9521,ED,1,MIN,0,0,0,0,1,0,60.0,,,,,,0,0,0,0,0,2016,7
Xavier Cooper,9529,DI,1,CLV,0,0,0,0,7,0,59.0,,,,,,0,0,0,0,0,2016,7
Geneo Grissom,9530,ED,1,NE,5,5,5,5,6,0,63.3,,,,,,0,0,1,0,0,2016,7
Steven Nelson,9531,CB,1,KC,3,0,4,0,0,0,60.2,,,,,,0,0,0,0,0,2016,7
Angelo Blackson,9533,DI,1,TEN,0,0,3,0,6,0,59.8,,,,,,0,0,0,0,0,2016,7
Jamison Crowder,9538,WR,1,WAS,0,0,1,0,0,0,60.0,,,,60.0,,0,0,0,0,0,2016,7
Justin Hardy,9540,WR,1,ATL,8,7,2,0,0,0,34.6,,60.0,,,,1,0,0,0,0,2016,7
Jalston Fowler,9541,FB,1,TEN,0,2,0,4,0,0,40.7,,,,,,1,0,0,0,0,2016,7
Clayton Geathers,9542,S,1,IND,1,0,0,4,0,0,58.1,,,,,,0,0,0,0,0,2016,7
T.J. Clemmings,9543,T,1,MIN,0,0,0,0,0,2,60.1,,,,,,0,0,0,0,0,2016,7
Arie Kouandjio,9545,G,1,WAS,0,0,0,0,0,4,60.6,,,,,,0,0,0,0,0,2016,7
Ibraheim Campbell,9548,S,1,CLV,5,4,0,6,4,0,64.4,,,,,,0,0,0,1,0,2016,7
Rodney Gunter,9549,DI,1,ARZ,0,0,0,0,3,0,60.2,,,,,,0,0,0,0,0,2016,7
Blake Bell,9550,TE,1,SF,7,4,3,1,0,0,61.7,,,,,,0,0,1,0,0,2016,7
Ramik Wilson,9551,LB,1,KC,0,0,1,0,3,0,60.3,,,,,,0,0,0,0,0,2016,7
Andrew Donnal,9552,T,1,LA,0,0,0,0,0,2,60.0,,,,,,0,0,0,0,0,2016,7
Josh Shaw,9553,CB,1,CIN,0,5,6,1,3,0,52.5,,,,,,0,0,0,0,1,2016,7
Za'Darius Smith,9555,ED,1,BLT,0,0,1,0,5,0,59.4,,,,,,0,0,0,0,0,2016,7
Kwon Alexander,9557,LB,1,TB,0,0,0,0,3,0,60.1,,,,,,0,0,0,0,0,2016,7
Javorius Allen,9558,HB,1,BLT,0,4,5,0,0,0,62.1,,,,,,0,0,0,0,0,2016,7
Mike Davis,9559,HB,1,SF,7,4,0,0,0,0,59.7,,,,,,0,0,0,0,0,2016,7
Jon Feliciano,9561,G,1,OAK,4,0,0,0,0,7,59.0,,,,,,0,0,0,0,0,2016,7
Jake Ryan,9562,LB,1,GB,3,0,0,2,0,0,90.1,,,,,,0,0,0,0,0,2016,7
Max Garcia,9566,G,1,DEN,0,0,0,0,0,5,60.7,,,,,,0,0,0,0,0,2016,7
Mark Glowinski,9567,G,1,SEA,3,0,0,0,0,3,59.5,,,,,,0,0,0,0,0,2016,7
Grady Jarrett,9570,DI,1,ATL,0,0,0,0,7,0,59.3,,,,,,0,0,0,0,0,2016,7
Rashad Greene Sr.,9572,WR,1,JAX,0,0,5,0,0,0,60.1,,,,28.7,,0,0,0,0,0,2016,7
Martrell Spaight,9574,LB,1,WAS,5,3,3,2,0,0,60.7,,,,,,0,0,0,0,0,2016,7
Adrian Amos,9575,S,1,CHI,0,3,0,0,6,0,60.2,,,,,,0,0,0,0,0,2016,7
Bobby McCain,9578,CB,1,MIA,0,0,7,5,3,0,64.2,,,,,,0,0,0,0,0,2016,7
David Parry,9584,DI,1,IND,0,0,2,0,4,0,59.8,,,,,,0,0,0,0,0,2016,7
Kyle Emanuel,9586,ED,1,SD,7,8,2,2,6,0,60.3,,,,,,0,0,0,0,0,2016,7
Tyeler Davison,9587,DI,1,NO,0,0,1,0,5,0,59.8,,,,,,0,0,0,0,0,2016,7
Tony Lippett,9589,CB,1,MIA,1,0,1,0,0,0,59.6,,,,,,0,0,0,0,0,2016,7
C.J. Uzomah,9590,TE,1,CIN,0,0,5,0,0,0,61.1,,,,,,0,0,0,0,0,2016,7
J.J. Nelson,9592,WR,1,ARZ,4,0,0,0,0,0,60.0,,58.3,,,,0,0,0,0,0,2016,7
Jesse James,9593,TE,1,PIT,0,0,0,0,0,6,60.7,,,,,,0,0,0,0,0,2016,7
Bradley Pinion,9598,P,1,SF,0,2,0,6,0,3,60.5,60.0,,58.5,,,0,0,0,0,0,2016,7
Joe Cardona,9599,LS,1,NE,0,0,0,5,0,4,60.1,,,,,,0,0,0,0,0,2016,7
Michael Burton,9601,FB,1,DET,3,5,0,0,0,0,61.5,,,,,,0,0,0,0,0,2016,7
D.J. Alexander,9605,LB,1,KC,4,6,3,4,3,0,60.5,,,,,,0,0,0,0,0,2016,7
James O'Shaughnessy,9606,TE,1,KC,3,6,3,4,0,0,61.3,,,,,,0,0,0,0,0,2016,7
JaCorey Shepherd,9624,CB,1,SF,0,0,3,0,0,0,60.0,,,,,,0,0,0,0,0,2016,7
Nick O'Leary,9627,TE,1,BUF,6,0,5,0,0,0,72.1,,,,,,0,0,0,0,0,2016,7
Malcolm Johnson,9628,FB,1,CLV,5,4,2,0,0,0,59.7,,,,,,0,0,0,0,0,2016,7
Derron Smith,9630,S,1,CIN,4,5,5,0,3,0,37.0,,,,,,1,0,0,0,0,2016,7
L.T. Walton,9632,DI,1,PIT,0,0,0,0,3,0,59.9,,,,,,0,0,0,0,0,2016,7
Quandre Diggs,9633,CB,1,DET,0,5,2,0,0,0,60.0,,,,,,0,0,0,0,0,2016,7
Darren Waller,9637,TE,1,BLT,5,4,5,6,0,0,66.3,,,,,,0,0,1,0,0,2016,7
Aaron Ripkowski,9639,FB,1,GB,3,6,5,2,0,0,48.8,,,,,,0,0,0,0,0,2016,7
Anthony Chickillo,9645,ED,1,PIT,5,5,5,5,0,0,60.7,,,,,,0,0,0,0,0,2016,7
Cody Wichmann,9648,G,1,LA,0,0,0,0,0,2,60.3,,,,,,0,0,0,0,0,2016,7
Christian Covington,9649,DI,1,HST,6,0,0,0,5,0,53.7,,,,,,0,0,0,0,0,2016,7
Rakeem Nunez-Roches,9650,DI,1,KC,0,0,0,0,3,0,59.7,,,,,,0,0,0,0,0,2016,7
Hayes Pullard,9652,LB,1,JAX,9,4,4,5,0,0,60.3,,,,,,0,0,0,0,2,2016,7
Deon Simon,9656,DI,1,NYJ,0,0,0,0,4,5,26.7,,,,,,0,0,0,0,0,2016,7
Bryce Hager,9657,LB,1,LA,4,3,8,7,0,0,73.7,,,,,,0,0,1,0,0,2016,7
Bobby Hart,9659,T,1,NYG,0,0,0,0,0,3,60.3,,,,,,0,0,0,0,0,2016,7
Ben Koyack,9662,TE,1,JAX,9,4,5,5,0,0,58.6,,,,,,0,0,0,0,0,2016,7
Edmond Robinson,9665,LB,1,MIN,5,3,4,5,0,0,60.5,,,,,,0,0,0,0,0,2016,7
Trent Brown,9677,T,1,SF,0,0,0,0,0,3,60.4,,,,,,0,0,0,0,0,2016,7
Darryl Roberts,9680,CB,1,NYJ,0,1,3,0,0,0,60.2,,,,,,0,0,0,0,0,2016,7
Denzelle Good,9688,G,1,IND,0,0,0,0,0,5,60.7,,,,,,0,0,0,0,0,2016,7
Zach Zenner,9761,HB,1,DET,0,0,0,3,0,0,75.7,,,,,,0,0,1,0,0,2016,7
Robenson Therezie,9776,S,1,ATL,0,7,2,2,7,0,50.6,,,,,,1,0,0,0,0,2016,7
Zaire Anderson,9792,LB,1,DEN,4,6,1,6,0,0,52.5,,,,,,0,0,0,0,1,2016,7
Jordan Taylor,9793,WR,1,DEN,0,6,4,0,0,0,61.2,,,,,,0,0,0,0,0,2016,7
Edwin Jackson,9800,LB,1,IND,6,7,2,4,0,0,60.8,,,,,,0,0,0,0,0,2016,7
Matt Darr,9812,P,1,MIA,0,0,0,6,0,4,60.6,,,62.3,,,0,0,0,0,0,2016,7
Andrew Franks,9814,K,1,MIA,0,6,0,0,0,4,60.0,60.0,,,,64.7,0,0,0,0,0,2016,7
Mike Hull,9815,LB,1,MIA,5,6,6,6,0,0,64.1,,,,,,0,0,1,0,0,2016,7
Thurston Armbrister,9825,LB,1,DET,0,5,2,3,3,0,61.5,,,,,,0,0,0,0,0,2016,7
Nick Marshall,9829,CB,1,NYJ,1,5,5,0,0,0,60.3,,,,,,0,0,0,0,0,2016,7
Chris Reed,9830,G,1,JAX,0,0,0,0,0,4,60.6,,,,,,0,0,0,0,0,2016,7
Neville Hewitt,9836,LB,1,MIA,6,6,6,6,0,0,78.5,,,,,,0,0,0,1,0,2016,7
B.J. Finney,9875,G,1,PIT,0,0,0,0,0,6,60.9,,,,,,0,0,0,0,0,2016,7
Troy Hill,9881,CB,1,LA,0,0,0,0,3,0,60.5,,,,,,0,0,0,0,0,2016,7
Justin Coleman,9892,CB,1,NE,0,0,5,0,0,0,83.5,,,,,,0,0,0,0,0,2016,7
Anthony Harris,9895,S,1,MIN,5,3,4,5,0,0,63.1,,,,,,0,0,0,0,0,2016,7
Malcolm Brown,9902,HB,1,LA,2,0,8,0,0,0,29.9,,,,,,1,0,0,0,0,2016,7
Matt Longacre,9910,ED,1,LA,1,0,0,0,3,0,59.7,,,,,,0,0,0,0,0,2016,7
Cameron Lynch,9911,LB,1,TB,4,7,6,3,0,0,60.4,,,,,,0,0,0,0,0,2016,7
Bradley Marquez,9914,WR,1,LA,4,3,8,7,0,0,72.8,,,,,,0,0,0,1,0,2016,7
LaDarius Gunter,9925,CB,1,GB,0,0,5,0,2,0,61.4,,,,,,0,0,0,0,0,2016,7
Deshazor Everett,9940,S,1,WAS,5,3,3,2,0,0,61.6,,,,,,0,0,0,0,0,2016,7
Brandon King,9952,S,1,NE,5,5,5,5,0,0,61.1,,,,,,0,0,0,0,0,2016,7
Robertson Daniel,9974,CB,1,BLT,5,4,6,3,0,0,56.2,,,,,,0,0,0,0,1,2016,7
Leon Orr,9984,DI,1,MIA,0,0,0,0,3,0,60.0,,,,,,0,0,0,0,0,2016,7
Bryce Callahan,10000,CB,1,CHI,0,0,1,0,0,0,60.0,,,,60.0,,0,0,0,0,0,2016,7
Jacoby Glenn,10003,CB,1,CHI,0,3,2,0,6,0,65.6,,,,,,0,0,0,0,0,2016,7
John Timu,10011,LB,1,CHI,6,0,2,5,6,0,59.9,,,,,,0,0,0,0,0,2016,7
Kendall Lamm,10017,T,1,HST,0,0,0,0,0,4,60.2,,,,,,0,0,0,0,0,2016,7
Khari Lee,10018,TE,1,DET,3,0,0,0,0,5,59.5,,,,,,0,0,0,0,0,2016,7
Harold Jones-Quartey,10055,S,1,CHI,0,3,0,0,0,0,60.7,,,,,,0,0,0,0,0,2016,7
Quinton Dunbar,10073,CB,1,WAS,0,1,2,2,3,0,60.5,,,,,,0,0,0,0,0,2016,7
Adam Humphries,10075,WR,1,TB,1,0,6,0,0,0,60.1,,59.9,,47.2,,0,0,0,0,0,2016,7
Corey Moore,10117,S,1,HST,0,0,2,4,2,0,58.0,,,,,,0,0,0,0,0,2016,7
Josh Lambo,10133,K,1,SD,0,8,0,0,0,7,60.1,59.5,,,,83.1,0,0,0,0,0,2016,7
T.Y. McGill,10156,DI,1,IND,0,0,2,0,4,0,59.8,,,,,,0,0,0,0,0,2016,7
Houston Bates,10167,ED,1,WAS,5,3,3,2,5,0,61.0,,,,,,0,0,0,0,0,2016,7
Jason Myers,10207,K,1,JAX,0,5,0,0,0,4,60.0,60.0,,,,66.2,0,0,0,0,0,2016,7
Jordan Berry,10236,P,1,PIT,0,0,0,5,0,6,60.8,,,62.1,,,0,0,0,0,0,2016,7
Brett Jones,10247,G,1,NYG,3,0,0,0,0,3,59.5,,,,,,0,0,0,0,0,2016,7
Roosevelt Nix,10269,FB,1,PIT,5,5,5,0,0,0,83.2,,,,,,1,0,0,0,0,2016,7
Jude Adjei-Barimah,10298,CB,1,TB,4,0,6,0,0,0,57.5,,,,,,0,0,0,0,0,2016,7
Dexter McCoil,10341,S,1,SD,7,8,1,0,0,0,67.7,,,,,,0,0,1,0,0,2016,7
Joey Bosa,10637,ED,1,SD,0,0,0,0,6,0,59.9,,,,,,0,0,0,0,0,2016,7
Jalen Ramsey,10639,CB,1,JAX,0,1,5,0,6,0,37.8,,,,,,1,0,0,0,0,2016,7
Jack Conklin,10642,T,1,TEN,0,0,0,0,0,4,60.6,,,,,,0,0,0,0,0,2016,7
Vernon Hargreaves III,10645,CB,1,TB,0,0,0,0,3,0,60.3,,,,,,0,0,0,0,0,2016,7
Laremy Tunsil,10647,G,1,MIA,0,0,0,0,0,4,42.2,,,,,,1,0,0,0,0,2016,7
Karl Joseph,10648,S,1,OAK,0,9,0,0,0,0,60.0,,,,,,0,0,0,0,1,2016,7
Taylor Decker,10650,T,1,DET,0,0,0,0,0,5,60.8,,,,,,0,0,0,0,0,2016,7
Will Fuller V,10655,WR,1,HST,3,0,1,0,0,0,60.0,,59.0,,60.0,,0,0,0,0,0,2016,7
Artie Burns,10659,CB,1,PIT,0,5,5,0,0,0,60.1,,,,,,0,0,0,0,0,2016,7
Kenny Clark,10661,DI,1,GB,0,0,0,0,2,0,59.8,,,,,,0,0,0,0,0,2016,7
Joshua Garnett,10662,G,1,SF,0,0,0,0,0,3,60.7,,,,,,0,0,0,0,0,2016,7
Germain Ifedi,10665,G,1,SEA,0,0,0,0,0,3,60.7,,,,,,0,0,0,0,0,2016,7
Emmanuel Ogbah,10666,ED,1,CLV,0,0,0,0,7,3,59.6,,,,,,0,0,0,0,0,2016,7
Hunter Henry,10669,TE,1,SD,0,0,0,0,0,6,60.4,,,,,,0,0,0,0,0,2016,7
Myles Jack,10670,LB,1,JAX,9,1,0,5,0,0,54.9,,,,,,0,0,0,0,0,2016,7
Chris Jones,10671,DI,1,KC,0,0,1,0,3,0,60.1,,,,,,0,0,0,0,0,2016,7
Kamalei Correa,10676,ED,1,BLT,5,4,6,6,5,0,59.1,,,,,,0,0,0,1,1,2016,7
Jihad Ward,10678,DI,1,OAK,0,0,0,0,1,0,60.0,,,,,,0,0,0,0,0,2016,7
A'Shawn Robinson,10680,DI,1,DET,0,0,0,0,3,0,59.8,,,,,,0,0,0,0,0,2016,7
Jason Spriggs,10682,T,1,GB,0,0,0,0,0,6,39.5,,,,,,1,0,0,0,0,2016,7
Jarran Reed,10683,DI,1,SEA,0,0,0,0,4,0,59.8,,,,,,0,0,0,0,0,2016,7
Su'a Cravens,10687,LB,1,WAS,5,3,0,0,0,0,60.2,,,,,,0,0,0,0,0,2016,7
Mackensie Alexander,10688,CB,1,MIN,0,3,4,0,0,0,72.0,,,,,,0,0,0,0,0,2016,7
Cody Whitehair,10690,C,1,CHI,0,0,0,0,0,2,60.3,,,,,,0,0,0,0,0,2016,7
T.J. Green,10691,S,1,IND,5,7,2,0,4,0,60.8,,,,,,0,0,0,0,0,2016,7
Sean Davis,10692,S,1,PIT,5,0,0,5,0,0,59.2,,,,,,0,0,0,0,0,2016,7
Roberto Aguayo,10693,K,1,TB,0,7,0,0,0,7,60.0,61.4,,,,56.3,0,0,0,0,0,2016,7
Vonn Bell,10695,S,1,NO,0,4,4,0,5,0,65.2,,,,,,0,0,0,0,0,2016,7
Kevin Byard,10698,S,1,TEN,7,6,4,4,6,0,62.2,,,,,,0,0,0,0,0,2016,7
Carl Nassib,10699,ED,1,CLV,0,0,0,0,7,0,59.6,,,,,,0,0,0,0,0,2016,7
Jonathan Bullard,10706,DI,1,CHI,0,0,0,0,6,0,59.4,,,,,,0,0,0,0,0,2016,7
Kenyan Drake,10707,HB,1,MIA,5,6,6,6,0,0,37.6,,,,,,1,0,0,0,0,2016,7
Shilique Calhoun,10709,ED,1,OAK,4,9,5,5,0,0,29.8,,,,,,2,0,0,1,1,2016,7
Joe Thuney,10712,G,1,NE,0,0,0,0,0,4,60.2,,,,,,0,0,0,0,0,2016,7
Adolphus Washington,10714,DI,1,BUF,0,0,0,0,4,0,59.6,,,,,,0,0,0,0,0,2016,7
Austin Hooper,10715,TE,1,ATL,8,7,2,0,0,0,66.1,,,,,,0,0,1,0,0,2016,7
Le'Raven Clark,10716,T,1,IND,0,0,0,0,0,6,60.5,,,,,,0,0,0,0,0,2016,7
Jordan Jenkins,10717,ED,1,NYJ,0,5,5,0,0,0,62.1,,,,,,0,0,0,0,0,2016,7
Kendall Fuller,10718,CB,1,WAS,0,0,3,0,0,0,60.4,,,,,,0,0,0,0,0,2016,7
Braxton Miller,10719,WR,1,HST,1,0,3,0,0,0,60.8,,59.9,,,,0,0,0,0,0,2016,7
Leonte Carroo,10720,WR,1,MIA,5,6,6,0,0,0,61.4,,,,,,0,0,0,0,0,2016,7
Nick Vigil,10721,LB,1,CIN,4,5,5,2,0,0,59.5,,,,,,0,0,0,0,0,2016,7
Kyler Fackrell,10722,ED,1,GB,3,6,5,2,0,0,62.2,,,,,,0,0,0,0,0,2016,7
Javon Hargrave,10723,DI,1,PIT,0,0,0,0,3,0,59.2,,,,,,0,0,0,0,0,2016,7
C.J. Prosise,10724,HB,1,SEA,0,3,0,0,0,0,61.4,,,,,,0,0,0,0,0,2016,7
Nick Vannett,10728,TE,1,SEA,0,0,0,0,0,3,60.2,,,,,,0,0,0,0,0,2016,7
Graham Glasgow,10729,C,1,DET,0,0,0,0,0,5,60.6,,,,,,0,0,0,0,0,2016,7
Justin Simmons,10732,S,1,DEN,4,6,5,6,0,0,60.4,,,,,,0,0,0,0,0,2016,7
Joe Schobert,10733,ED,1,CLV,5,4,2,6,0,0,74.6,,,,,,0,0,2,0,0,2016,7
Joshua Perry,10736,LB,1,SD,6,4,1,2,5,0,68.4,,,,,,0,0,0,0,0,2016,7
Sheldon Day,10737,DI,1,JAX,9,0,1,0,3,0,57.9,,,,,,0,0,0,0,0,2016,7
Tavon Young,10738,CB,1,BLT,0,4,0,0,4,0,60.3,,,,,,0,0,0,0,0,2016,7
Parker Ehinger,10739,G,1,KC,0,0,0,0,0,5,60.7,,,,,,0,0,0,0,0,2016,7
Eric Murray,10740,S,1,KC,4,6,3,4,3,0,60.3,,,,,,0,0,0,0,0,2016,7
Chris Moore,10741,WR,1,BLT,0,4,5,0,0,0,60.3,,,,,,0,0,0,0,0,2016,7
Ryan Smith,10742,S,1,TB,3,7,6,0,0,0,70.4,,59.2,,,,0,0,0,0,0,2016,7
B.J. Goodson,10743,LB,1,NYG,3,4,6,8,2,0,65.1,,,,,,0,0,1,0,0,2016,7
Miles Killebrew,10745,S,1,DET,3,5,2,3,0,0,62.2,,,,,,0,0,0,0,0,2016,7
Nick Kwiatkoski,10747,LB,1,CHI,6,3,1,5,0,0,65.1,,,,,,0,0,1,0,0,2016,7
Ricardo Louis,10748,WR,1,CLV,5,0,2,0,0,0,60.0,,,,,,0,0,0,0,0,2016,7
De'Vondre Campbell,10749,LB,1,ATL,0,0,0,0,6,0,60.5,,,,,,0,0,0,0,0,2016,7
Hassan Ridgeway,10750,DI,1,IND,0,0,2,0,3,1,60.2,,,,,,0,0,0,0,0,2016,7
Juston Burris,10752,CB,1,NYJ,4,5,5,6,4,0,58.3,,,,,,0,0,0,0,0,2016,7
Tyler Ervin,10753,HB,1,HST,2,3,5,3,0,0,61.5,,59.5,,61.3,,0,0,0,0,0,2016,7
Deon Bush,10758,S,1,CHI,0,3,2,0,0,0,68.3,,,,,,0,0,0,0,0,2016,7
Antonio Morrison,10759,LB,1,IND,6,7,4,4,0,0,64.0,,,,,,0,0,1,0,0,2016,7
Demarcus Robinson,10760,WR,1,KC,3,6,3,4,0,0,66.7,,,,,,0,0,1,0,0,2016,7
Evan Boehm,10762,C,1,ARZ,4,0,0,0,0,0,58.2,,,,,,0,0,0,0,0,2016,7
Derrick Kindred,10763,S,1,CLV,5,4,0,6,3,0,59.6,,,,,,0,0,0,0,0,2016,7
Alex Lewis,10764,G,1,BLT,0,0,0,0,0,4,60.6,,,,,,0,0,0,0,0,2016,7
Blake Martinez,10765,LB,1,GB,3,0,0,0,0,0,60.0,,,,,,0,0,0,0,0,2016,7
Rashard Robinson,10767,CB,1,SF,0,0,0,0,5,0,60.8,,,,,,0,0,0,0,0,2016,7
Ronald Blair III,10776,DI,1,SF,0,0,0,0,2,0,60.0,,,,,,0,0,0,0,0,2016,7
DeAndre Washington,10777,HB,1,OAK,5,1,0,0,0,0,58.7,,,,,,0,0,0,0,0,2016,7
Matthew Judon,10780,ED,1,BLT,5,0,0,0,0,0,58.3,,,,,,0,0,0,0,0,2016,7
Paul Perkins,10783,HB,1,NYG,3,4,1,0,0,0,51.5,,,,,,0,0,0,0,0,2016,7
Matt Ioannidis,10786,DI,1,WAS,5,0,0,0,0,4,58.6,,,,,,0,0,0,0,0,2016,7
Wendell Smallwood,10787,HB,1,PHI,2,0,4,4,0,0,59.8,,,,,,0,0,0,0,0,2016,7
Jordan Payton,10788,WR,1,CLV,4,0,0,0,0,0,59.9,,,,,,0,0,0,0,0,2016,7
Joe Haeg,10789,G,1,IND,0,0,0,0,0,6,60.5,,,,,,0,0,0,0,0,2016,7
LeShaun Sims,10791,CB,1,TEN,7,6,4,4,0,0,61.6,,,,,,0,0,0,0,0,2016,7
Brandon Shell,10792,T,1,NYJ,0,0,0,0,0,5,60.4,,,,,,0,0,0,0,0,2016,7
Trevor Davis,10797,WR,1,GB,0,0,5,0,0,0,60.0,,,,37.0,,0,0,0,0,0,2016,7
Halapoulivaati Vaitai,10798,T,1,PHI,0,0,0,0,0,4,60.6,,,,,,0,0,0,0,0,2016,7
Tyreek Hill,10799,WR,1,KC,4,0,4,4,0,0,60.6,,59.6,,60.7,,0,0,0,0,0,2016,7
D.J. Reader,10800,DI,1,HST,0,0,0,0,1,4,60.6,,,,,,0,0,0,0,0,2016,7
Marqui Christian,10801,S,1,LA,2,3,8,0,0,0,73.3,,,,,,0,0,0,0,0,2016,7
Spencer Drango,10802,G,1,CLV,0,0,0,0,0,3,60.1,,,,,,0,0,0,0,0,2016,7
Antwione Williams,10803,LB,1,DET,2,5,2,3,1,0,60.6,,,,,,0,0,0,0,0,2016,7
Rashard Higgins,10806,WR,1,CLV,0,0,1,0,0,0,59.9,,,,,,0,0,0,0,0,2016,7
Jatavis Brown,10809,LB,1,SD,0,0,0,1,0,0,60.0,,,,,,0,0,0,0,0,2016,7
Andy Janovich,10810,FB,1,DEN,4,6,4,6,0,0,60.4,,,,,,0,0,0,0,0,2016,7
Temarrick Hemingway,10811,TE,1,LA,0,2,8,3,0,0,61.6,,,,,,0,0,0,0,0,2016,7
D.J. White,10812,CB,1,KC,0,0,0,0,3,0,60.1,,,,,,0,0,0,0,0,2016,7
Drew Kaser,10813,P,1,SD,0,0,0,2,0,0,60.0,,,59.2,,,0,0,0,0,0,2016,7
Tyrone Holmes,10815,ED,1,CLV,0,4,0,0,0,0,61.0,,,,,,0,0,0,0,0,2016,7
Jakeem Grant,10820,WR,1,MIA,6,0,3,0,0,0,60.1,,62.2,,61.5,,0,0,0,0,0,2016,7
David Morgan,10822,TE,1,MIN,5,0,0,0,0,0,58.0,,,,,,0,0,0,0,0,2016,7
Josh Forrest,10824,LB,1,LA,2,1,8,7,0,0,60.4,,,,,,0,0,0,0,0,2016,7
Cory James,10828,LB,1,OAK,1,9,0,5,0,0,58.3,,,,,,0,0,1,0,0,2016,7
Derek Watt,10832,FB,1,SD,7,8,2,2,0,0,60.1,,,,,,0,0,0,0,0,2016,7
Anthony Zettel,10836,ED,1,DET,3,0,1,0,0,0,58.5,,,,,,0,0,0,0,0,2016,7
Dadi Nicolas,10837,ED,1,KC,0,6,2,0,0,0,61.2,,,,,,0,0,0,0,0,2016,7
Jordan Lucas,10838,CB,1,MIA,6,6,6,1,3,0,68.4,,,,,,0,0,1,0,0,2016,7
Mike Thomas,10840,WR,1,LA,2,3,0,7,0,0,39.5,,,,,,1,0,0,0,1,2016,7
Kamu Grugier-Hill,10842,LB,1,PHI,1,0,2,2,0,0,29.9,,,,,,1,0,0,0,0,2016,7
Aaron Burbridge,10847,WR,1,SF,7,4,3,6,0,0,51.8,,,,,,0,0,0,1,0,2016,7
Joey Hunt,10849,C,1,SEA,3,0,0,0,0,0,28.9,,,,,,0,0,0,0,0,2016,7
Kevon Seymour,10852,CB,1,BUF,1,4,4,5,0,0,50.1,,,,,,0,0,0,0,1,2016,7
Will Parks,10853,S,1,DEN,4,6,5,6,4,0,59.7,,,,,,0,0,0,0,0,2016,7
Ted Karras,10855,G,1,NE,0,0,0,0,0,4,60.6,,,,,,0,0,0,0,0,2016,7
Riley Dixon,10862,P,1,DEN,0,0,0,6,0,5,60.7,,,63.6,,,0,0,0,0,0,2016,7
Jalen Mills,10867,CB,1,PHI,1,0,5,0,0,0,60.0,,,,,,0,0,0,0,0,2016,7
Lachlan Edwards,10869,P,1,NYJ,0,0,0,6,0,5,60.7,,,50.6,,,0,0,0,0,0,2016,7
Charone Peake,10875,WR,1,NYJ,0,0,5,6,0,0,69.5,,,,,,0,0,1,0,0,2016,7
Jayron Kearse,10878,S,1,MIN,4,2,4,2,4,0,60.7,,,,,,0,0,0,0,0,2016,7
Clayton Fejedelem,10879,S,1,CIN,4,5,5,2,0,0,61.8,,,,,,0,0,0,0,0,2016,7
Tyler Matakevich,10880,LB,1,PIT,0,5,5,5,0,0,72.4,,,,,,0,0,1,0,0,2016,7
Austin Blythe,10882,C,1,IND,5,0,0,0,0,6,59.6,,,,,,0,0,0,0,0,2016,7
Jarrod Wilson,10902,S,1,JAX,9,5,5,5,0,0,90.8,,,,,,0,0,2,0,0,2016,7
Briean Boddy-Calhoun,10903,CB,1,CLV,0,4,2,6,7,0,57.6,,,,,,0,0,0,0,0,2016,7
Josh Ferguson,10907,HB,1,IND,0,7,0,0,0,0,62.6,,,,,,0,0,0,0,0,2016,7
Chester Rogers,10918,WR,1,IND,1,0,4,0,0,0,59.8,,,,53.8,,0,0,0,0,0,2016,7
Peyton Barber,10927,HB,1,TB,4,0,5,3,0,0,58.6,,,,,,1,0,0,0,0,2016,7
Alan Cross,10931,TE,1,TB,2,0,0,0,0,0,56.6,,,,,,0,0,0,0,0,2016,7
DaVonte Lambert,10937,ED,1,TB,0,0,0,0,3,0,60.2,,,,,,0,0,0,0,0,2016,7
Matthias Farley,10953,S,1,IND,5,7,4,4,4,0,72.2,,,,,,0,0,1,0,0,2016,7
Hakeem Valles,10960,TE,1,ARZ,4,3,9,1,0,0,50.5,,,,,,0,0,0,0,0,2016,7
Chris Landrum,10992,ED,1,SD,5,4,1,0,0,0,61.7,,,,,,0,0,0,0,0,2016,7
Spencer Pulley,10998,G,1,SD,0,0,0,0,0,7,60.5,,,,,,0,0,0,0,0,2016,7
Trevor Williams,11004,CB,1,SD,7,8,2,2,7,0,61.1,,,,,,0,0,0,0,0,2016,7
Brian Poole,11052,CB,1,ATL,7,0,2,0,6,0,65.1,,,,,,0,0,0,0,0,2016,7
Dominique Alexander,11058,LB,1,CLV,5,4,2,6,0,0,66.6,,,,,,0,0,0,0,0,2016,7
Tracy Howard,11063,S,1,CLV,1,0,1,0,7,0,59.7,,59.9,,,,0,0,0,0,0,2016,7
Destiny Vaeao,11083,DI,1,PHI,0,0,0,0,2,0,59.9,,,,,,0,0,0,0,0,2016,7
Rob Kelley,11090,HB,1,WAS,5,0,2,0,0,0,58.5,,,,,,0,0,0,0,0,2016,7
Wil Lutz,11096,K,1,NO,0,4,0,0,0,3,60.0,60.0,,,,63.5,0,0,0,0,0,2016,7
Victor Ochi,11098,ED,1,NYJ,1,0,3,0,0,0,60.8,,,,,,0,0,0,0,0,2016,7
Patrick Onwuasor,11100,LB,1,BLT,5,4,5,6,0,0,65.9,,,,,,0,0,0,1,0,2016,7
Michael Pierce,11101,DI,1,BLT,5,0,0,0,0,0,57.5,,,,,,0,0,0,0,0,2016,7
Alex Erickson,11107,WR,1,CIN,2,0,5,0,0,0,60.1,,59.6,,54.0,,0,0,0,0,0,2016,7
Cole Wick,11139,TE,1,DET,1,0,1,0,0,0,59.8,,,,,,0,0,0,0,0,2016,7
Kentrell Brice,11142,S,1,GB,3,6,5,2,0,0,85.7,,,,,,0,0,1,0,0,2016,7
Josh Hawkins,11149,CB,1,GB,0,6,5,2,0,0,48.8,,,,,,0,0,0,0,0,2016,7
Stephen Anderson,11160,TE,1,HST,6,0,0,4,0,0,59.7,,,,,,0,0,0,0,0,2016,7
Cory Littleton,11190,LB,1,LA,4,3,8,7,0,0,69.3,,,,,,0,0,1,0,0,2016,7
Jonathan Jones,11217,CB,1,NE,0,5,5,5,6,0,60.9,,,,,,0,0,0,0,0,2016,7
Cre'Von LeBlanc,11218,CB,1,CHI,0,0,1,0,0,0,60.0,,,,60.0,,0,0,0,0,0,2016,7
Ken Crawley,11224,CB,1,NO,0,1,4,0,5,0,60.2,,,,,,0,0,0,0,0,2016,7
De'Vante Harris,11227,CB,1,NO,0,1,0,4,0,0,60.9,,,,,,0,0,0,0,0,2016,7
Tommylee Lewis,11231,WR,1,NO,6,0,2,0,0,0,60.0,,57.7,,61.6,,0,0,0,0,0,2016,7
Landon Turner,11237,G,1,NO,0,0,0,0,0,3,60.1,,,,,,0,0,0,0,0,2016,7
Andrew Adams,11240,S,1,NYG,3,0,0,0,2,0,60.0,,,,,,0,0,0,0,0,2016,7
Roger Lewis Jr.,11246,WR,1,NYG,3,4,0,8,0,0,76.4,,,,,,0,0,2,0,0,2016,7
Romeo Okwara,11250,DI,1,NYG,0,4,7,0,2,0,60.4,,,,,,0,0,0,0,0,2016,7
Jalin Marshall,11259,WR,1,NYJ,4,0,6,0,0,0,60.2,,58.8,,62.4,,0,0,0,0,0,2016,7
DeAndre Elliott,11281,CB,1,SEA,0,4,7,9,0,0,66.3,,,,,,0,0,2,0,1,2016,7
George Fant,11282,T,1,SEA,0,0,0,0,0,3,60.1,,,,,,0,0,0,0,0,2016,7
Tanner McEvoy,11288,WR,1,SEA,0,0,7,0,0,0,93.3,,,,,,0,0,0,0,0,2016,7
Tyvis Powell,11291,S,1,SEA,3,4,7,0,0,0,61.4,,,,,,0,0,0,0,0,2016,7
Ben Braunecker,11335,TE,1,CHI,6,3,2,5,0,0,39.9,,,,,,0,0,0,0,0,2016,7
Marwin Evans,11343,S,1,GB,3,6,5,0,0,0,74.5,,,,,,0,0,1,0,0,2016,7
Antonio Hamilton,11353,CB,1,OAK,0,9,5,0,0,0,34.4,,,,,,1,1,0,0,0,2016,7
Johnny Holton,11354,WR,1,OAK,4,8,5,5,0,0,77.5,,,,,,0,0,2,1,1,2016,7
Darius Latham,11356,DI,1,OAK,0,0,0,0,4,0,59.4,,,,,,0,0,0,0,0,2016,7
Denver Kirkland,11370,G,1,OAK,0,0,0,0,0,7,61.1,,,,,,0,0,0,0,0,2016,7
Jake Lampman,11391,WR,1,NO,0,2,0,0,0,0,60.7,,,,,,0,0,0,0,0,2016,7
Jalen Richard,11395,HB,1,OAK,5,0,5,0,0,0,60.1,,58.3,,70.6,,0,0,0,0,0,2016,7
Nolan Frese,11446,LS,1,SEA,0,0,0,9,0,3,51.7,,,,,,0,0,0,0,1,2016,7
