season,week,team_name,team_name_games,fantasy_points
2013,1,ARZ,ARI,22.0
2013,1,ATL,ATL,20.0
2013,1,BLT,BAL,54.0
2013,1,BUF,BUF,20.0
2013,1,CAR,CAR,13.0
2013,1,CHI,CHI,25.0
2013,1,CIN,CIN,18.0
2013,1,CLV,CLE,17.0
2013,1,DAL,DAL,40.0
2013,1,DEN,DEN,24.0
2013,1,DET,DET,16.0
2013,1,GB,GB,28.0
2013,1,HST,HOU,30.0
2013,1,IND,IND,17.0
2013,1,JAX,JAX,20.0
2013,1,KC,KC,8.0
2013,1,MIA,MIA,19.0
2013,1,MIN,MIN,24.0
2013,1,NE,NE,22.0
2013,1,NO,NO,21.0
2013,1,NYG,NYG,24.0
2013,1,NYJ,NYJ,16.0
2013,1,OAK,OAK,18.0
2013,1,PHI,PHI,25.0
2013,1,PIT,PIT,10.0
2013,1,SD,LAC,30.0
2013,1,SEA,SEA,16.0
2013,1,SF,SF,26.0
2013,1,SL,LAR,29.0
2013,1,TB,TB,20.0
2013,1,TEN,TEN,14.0
2013,1,WAS,WAS,20.0
2013,2,ARZ,ARI,24.0
2013,2,ATL,ATL,24.0
2013,2,BLT,BAL,8.0
2013,2,BUF,BUF,23.0
2013,2,CAR,CAR,19.0
2013,2,CHI,CHI,18.0
2013,2,CIN,CIN,15.0
2013,2,CLV,CLE,17.0
2013,2,DAL,DAL,20.0
2013,2,DEN,DEN,26.0
2013,2,DET,DET,14.0
2013,2,GB,GB,22.0
2013,2,HST,HOU,18.0
2013,2,IND,IND,17.0
2013,2,JAX,JAX,16.0
2013,2,KC,KC,17.0
2013,2,MIA,MIA,20.0
2013,2,MIN,MIN,41.0
2013,2,NE,NE,17.0
2013,2,NO,NO,17.0
2013,2,NYG,NYG,26.0
2013,2,NYJ,NYJ,18.0
2013,2,OAK,OAK,12.0
2013,2,PHI,PHI,32.0
2013,2,PIT,PIT,14.0
2013,2,SD,LAC,26.0
2013,2,SEA,SEA,14.0
2013,2,SF,SF,18.0
2013,2,SL,LAR,18.0
2013,2,TB,TB,24.0
2013,2,TEN,TEN,30.0
2013,2,WAS,WAS,34.0
2013,3,ARZ,ARI,29.0
2013,3,ATL,ATL,22.0
2013,3,BLT,BAL,18.0
2013,3,BUF,BUF,25.0
2013,3,CAR,CAR,9.0
2013,3,CHI,CHI,31.0
2013,3,CIN,CIN,22.0
2013,3,CLV,CLE,12.0
2013,3,DAL,DAL,10.0
2013,3,DEN,DEN,14.0
2013,3,DET,DET,12.0
2013,3,GB,GB,29.0
2013,3,HST,HOU,14.0
2013,3,IND,IND,10.0
2013,3,JAX,JAX,44.0
2013,3,KC,KC,17.0
2013,3,MIA,MIA,22.0
2013,3,MIN,MIN,39.0
2013,3,NE,NE,7.0
2013,3,NO,NO,6.0
2013,3,NYG,NYG,28.0
2013,3,NYJ,NYJ,17.0
2013,3,OAK,OAK,30.0
2013,3,PHI,PHI,14.0
2013,3,PIT,PIT,18.0
2013,3,SD,LAC,18.0
2013,3,SEA,SEA,6.0
2013,3,SF,SF,12.0
2013,3,SL,LAR,28.0
2013,3,TB,TB,24.0
2013,3,TEN,TEN,14.0
2013,3,WAS,WAS,24.0
2013,4,ARZ,ARI,15.0
2013,4,ATL,ATL,20.0
2013,4,BLT,BAL,22.0
2013,4,BUF,BUF,30.0
2013,4,CHI,CHI,28.0
2013,4,CIN,CIN,23.0
2013,4,CLV,CLE,9.0
2013,4,DAL,DAL,28.0
2013,4,DEN,DEN,18.0
2013,4,DET,DET,27.0
2013,4,HST,HOU,13.0
2013,4,IND,IND,9.0
2013,4,JAX,JAX,27.0
2013,4,KC,KC,20.0
2013,4,MIA,MIA,36.0
2013,4,MIN,MIN,16.0
2013,4,NE,NE,22.0
2013,4,NO,NO,16.0
2013,4,NYG,NYG,30.0
2013,4,NYJ,NYJ,32.0
2013,4,OAK,OAK,16.0
2013,4,PHI,PHI,36.0
2013,4,PIT,PIT,24.0
2013,4,SD,LAC,23.0
2013,4,SEA,SEA,29.0
2013,4,SF,SF,12.0
2013,4,SL,LAR,24.0
2013,4,TB,TB,19.0
2013,4,TEN,TEN,16.0
2013,4,WAS,WAS,19.0
2013,5,ARZ,ARI,16.0
2013,5,ATL,ATL,26.0
2013,5,BLT,BAL,19.0
2013,5,BUF,BUF,23.0
2013,5,CAR,CAR,21.0
2013,5,CHI,CHI,22.0
2013,5,CIN,CIN,17.0
2013,5,CLV,CLE,17.0
2013,5,DAL,DAL,44.0
2013,5,DEN,DEN,42.0
2013,5,DET,DET,19.0
2013,5,GB,GB,11.0
2013,5,HST,HOU,17.0
2013,5,IND,IND,26.0
2013,5,JAX,JAX,28.0
2013,5,KC,KC,21.0
2013,5,MIA,MIA,17.0
2013,5,NE,NE,14.0
2013,5,NO,NO,17.0
2013,5,NYG,NYG,24.0
2013,5,NYJ,NYJ,20.0
2013,5,OAK,OAK,27.0
2013,5,PHI,PHI,23.0
2013,5,SD,LAC,23.0
2013,5,SEA,SEA,18.0
2013,5,SF,SF,16.0
2013,5,SL,LAR,28.0
2013,5,TEN,TEN,16.0
2013,6,ARZ,ARI,26.0
2013,6,BLT,BAL,23.0
2013,6,BUF,BUF,30.0
2013,6,CAR,CAR,15.0
2013,6,CHI,CHI,17.0
2013,6,CIN,CIN,18.0
2013,6,CLV,CLE,32.0
2013,6,DAL,DAL,24.0
2013,6,DEN,DEN,12.0
2013,6,DET,DET,18.0
2013,6,GB,GB,22.0
2013,6,HST,HOU,30.0
2013,6,IND,IND,17.0
2013,6,JAX,JAX,22.0
2013,6,KC,KC,20.0
2013,6,MIN,MIN,24.0
2013,6,NE,NE,23.0
2013,6,NO,NO,16.0
2013,6,NYG,NYG,22.0
2013,6,NYJ,NYJ,19.0
2013,6,OAK,OAK,14.0
2013,6,PHI,PHI,18.0
2013,6,PIT,PIT,14.0
2013,6,SD,LAC,9.0
2013,6,SEA,SEA,14.0
2013,6,SF,SF,23.0
2013,6,SL,LAR,13.0
2013,6,TB,TB,26.0
2013,6,TEN,TEN,17.0
2013,6,WAS,WAS,17.0
2013,7,ARZ,ARI,32.0
2013,7,ATL,ATL,20.0
2013,7,BLT,BAL,18.0
2013,7,BUF,BUF,33.0
2013,7,CAR,CAR,21.0
2013,7,CHI,CHI,30.0
2013,7,CIN,CIN,24.0
2013,7,CLV,CLE,26.0
2013,7,DAL,DAL,14.0
2013,7,DEN,DEN,30.0
2013,7,DET,DET,26.0
2013,7,GB,GB,13.0
2013,7,HST,HOU,8.0
2013,7,IND,IND,30.0
2013,7,JAX,JAX,14.0
2013,7,KC,KC,19.0
2013,7,MIA,MIA,10.0
2013,7,MIN,MIN,24.0
2013,7,NE,NE,24.0
2013,7,NYG,NYG,10.0
2013,7,NYJ,NYJ,16.0
2013,7,PHI,PHI,17.0
2013,7,PIT,PIT,14.0
2013,7,SD,LAC,10.0
2013,7,SEA,SEA,18.0
2013,7,SF,SF,21.0
2013,7,SL,LAR,17.0
2013,7,TB,TB,24.0
2013,7,TEN,TEN,6.0
2013,7,WAS,WAS,20.0
2013,8,ARZ,ARI,20.0
2013,8,ATL,ATL,25.0
2013,8,BUF,BUF,40.0
2013,8,CAR,CAR,14.0
2013,8,CIN,CIN,6.0
2013,8,CLV,CLE,20.0
2013,8,DAL,DAL,20.0
2013,8,DEN,DEN,20.0
2013,8,DET,DET,26.0
2013,8,GB,GB,12.0
2013,8,JAX,JAX,14.0
2013,8,KC,KC,17.0
2013,8,MIA,MIA,14.0
2013,8,MIN,MIN,30.0
2013,8,NE,NE,30.0
2013,8,NO,NO,18.0
2013,8,NYG,NYG,19.0
2013,8,NYJ,NYJ,42.0
2013,8,OAK,OAK,19.0
2013,8,PHI,PHI,11.0
2013,8,PIT,PIT,12.0
2013,8,SEA,SEA,14.0
2013,8,SF,SF,13.0
2013,8,SL,LAR,17.0
2013,8,TB,TB,18.0
2013,8,WAS,WAS,42.0
2013,9,ATL,ATL,23.0
2013,9,BLT,BAL,24.0
2013,9,BUF,BUF,13.0
2013,9,CAR,CAR,19.0
2013,9,CHI,CHI,13.0
2013,9,CIN,CIN,13.0
2013,9,CLV,CLE,17.0
2013,9,DAL,DAL,16.0
2013,9,GB,GB,22.0
2013,9,HST,HOU,22.0
2013,9,IND,IND,28.0
2013,9,KC,KC,22.0
2013,9,MIA,MIA,17.0
2013,9,MIN,MIN,24.0
2013,9,NE,NE,36.0
2013,9,NO,NO,8.0
2013,9,NYJ,NYJ,29.0
2013,9,OAK,OAK,52.0
2013,9,PHI,PHI,8.0
2013,9,PIT,PIT,40.0
2013,9,SD,LAC,10.0
2013,9,SEA,SEA,22.0
2013,9,SL,LAR,11.0
2013,9,TB,TB,22.0
2013,9,TEN,TEN,16.0
2013,9,WAS,WAS,25.0
2013,10,ARZ,ARI,26.0
2013,10,ATL,ATL,22.0
2013,10,BLT,BAL,25.0
2013,10,BUF,BUF,19.0
2013,10,CAR,CAR,14.0
2013,10,CHI,CHI,27.0
2013,10,CIN,CIN,25.0
2013,10,DAL,DAL,36.0
2013,10,DEN,DEN,12.0
2013,10,DET,DET,16.0
2013,10,GB,GB,31.0
2013,10,HST,HOU,24.0
2013,10,IND,IND,20.0
2013,10,JAX,JAX,30.0
2013,10,MIA,MIA,15.0
2013,10,MIN,MIN,24.0
2013,10,NO,NO,8.0
2013,10,NYG,NYG,13.0
2013,10,OAK,OAK,21.0
2013,10,PHI,PHI,19.0
2013,10,PIT,PIT,13.0
2013,10,SD,LAC,33.0
2013,10,SEA,SEA,12.0
2013,10,SF,SF,14.0
2013,10,SL,LAR,23.0
2013,10,TB,TB,20.0
2013,10,TEN,TEN,15.0
2013,10,WAS,WAS,24.0
2013,11,ARZ,ARI,16.0
2013,11,ATL,ATL,24.0
2013,11,BLT,BAL,18.0
2013,11,BUF,BUF,20.0
2013,11,CAR,CAR,14.0
2013,11,CHI,CHI,20.0
2013,11,CIN,CIN,23.0
2013,11,CLV,CLE,32.0
2013,11,DEN,DEN,20.0
2013,11,DET,DET,34.0
2013,11,GB,GB,18.0
2013,11,HST,HOU,33.0
2013,11,IND,IND,16.0
2013,11,JAX,JAX,21.0
2013,11,KC,KC,14.0
2013,11,MIA,MIA,16.0
2013,11,MIN,MIN,24.0
2013,11,NE,NE,25.0
2013,11,NO,NO,22.0
2013,11,NYG,NYG,13.0
2013,11,NYJ,NYJ,22.0
2013,11,OAK,OAK,20.0
2013,11,PHI,PHI,22.0
2013,11,PIT,PIT,24.0
2013,11,SD,LAC,16.0
2013,11,SEA,SEA,27.0
2013,11,SF,SF,16.0
2013,11,TB,TB,22.0
2013,11,TEN,TEN,8.0
2013,11,WAS,WAS,4.0
2013,12,ARZ,ARI,10.0
2013,12,ATL,ATL,19.0
2013,12,BLT,BAL,10.0
2013,12,CAR,CAR,18.0
2013,12,CHI,CHI,16.0
2013,12,CLV,CLE,22.0
2013,12,DAL,DAL,19.0
2013,12,DEN,DEN,34.0
2013,12,DET,DET,20.0
2013,12,GB,GB,19.0
2013,12,HST,HOU,12.0
2013,12,IND,IND,28.0
2013,12,JAX,JAX,13.0
2013,12,KC,KC,30.0
2013,12,MIA,MIA,18.0
2013,12,MIN,MIN,13.0
2013,12,NE,NE,22.0
2013,12,NO,NO,10.0
2013,12,NYG,NYG,23.0
2013,12,NYJ,NYJ,19.0
2013,12,OAK,OAK,23.0
2013,12,PIT,PIT,16.0
2013,12,SD,LAC,28.0
2013,12,SF,SF,8.0
2013,12,SL,LAR,24.0
2013,12,TB,TB,33.0
2013,12,TEN,TEN,23.0
2013,12,WAS,WAS,30.0
2013,13,ARZ,ARI,22.0
2013,13,ATL,ATL,16.0
2013,13,BLT,BAL,16.0
2013,13,BUF,BUF,14.0
2013,13,CAR,CAR,9.0
2013,13,CHI,CHI,18.0
2013,13,CIN,CIN,17.0
2013,13,CLV,CLE,28.0
2013,13,DAL,DAL,10.0
2013,13,DEN,DEN,18.0
2013,13,DET,DET,8.0
2013,13,GB,GB,36.0
2013,13,HST,HOU,27.0
2013,13,IND,IND,19.0
2013,13,JAX,JAX,30.0
2013,13,KC,KC,46.0
2013,13,MIA,MIA,7.0
2013,13,MIN,MIN,28.0
2013,13,NE,NE,8.0
2013,13,NO,NO,31.0
2013,13,NYG,NYG,14.0
2013,13,NYJ,NYJ,26.0
2013,13,OAK,OAK,19.0
2013,13,PHI,PHI,26.0
2013,13,PIT,PIT,19.0
2013,13,SD,LAC,16.0
2013,13,SEA,SEA,10.0
2013,13,SF,SF,15.0
2013,13,SL,LAR,17.0
2013,13,TB,TB,26.0
2013,13,TEN,TEN,17.0
2013,13,WAS,WAS,17.0
2013,14,ARZ,ARI,11.0
2013,14,ATL,ATL,17.0
2013,14,BLT,BAL,26.0
2013,14,BUF,BUF,26.0
2013,14,CAR,CAR,32.0
2013,14,CHI,CHI,22.0
2013,14,CIN,CIN,30.0
2013,14,CLV,CLE,16.0
2013,14,DAL,DAL,34.0
2013,14,DEN,DEN,14.0
2013,14,DET,DET,19.0
2013,14,GB,GB,24.0
2013,14,HST,HOU,24.0
2013,14,IND,IND,26.0
2013,14,JAX,JAX,22.0
2013,14,KC,KC,28.0
2013,14,MIA,MIA,24.0
2013,14,MIN,MIN,26.0
2013,14,NE,NE,24.0
2013,14,NO,NO,10.0
2013,14,NYG,NYG,32.0
2013,14,NYJ,NYJ,25.0
2013,14,OAK,OAK,20.0
2013,14,PHI,PHI,4.0
2013,14,PIT,PIT,30.0
2013,14,SD,LAC,15.0
2013,14,SEA,SEA,18.0
2013,14,SF,SF,16.0
2013,14,SL,LAR,20.0
2013,14,TB,TB,13.0
2013,14,TEN,TEN,38.0
2013,14,WAS,WAS,26.0
2013,15,ARZ,ARI,40.0
2013,15,ATL,ATL,35.0
2013,15,BLT,BAL,17.0
2013,15,BUF,BUF,29.0
2013,15,CAR,CAR,16.0
2013,15,CHI,CHI,16.0
2013,15,CIN,CIN,16.0
2013,15,CLV,CLE,34.0
2013,15,DAL,DAL,32.0
2013,15,DEN,DEN,18.0
2013,15,DET,DET,14.0
2013,15,GB,GB,28.0
2013,15,HST,HOU,26.0
2013,15,IND,IND,13.0
2013,15,JAX,JAX,24.0
2013,15,KC,KC,28.0
2013,15,MIA,MIA,20.0
2013,15,MIN,MIN,24.0
2013,15,NE,NE,22.0
2013,15,NO,NO,21.0
2013,15,NYG,NYG,18.0
2013,15,NYJ,NYJ,17.0
2013,15,OAK,OAK,44.0
2013,15,PHI,PHI,28.0
2013,15,PIT,PIT,24.0
2013,15,SD,LAC,21.0
2013,15,SEA,SEA,21.0
2013,15,SF,SF,18.0
2013,15,SL,LAR,19.0
2013,15,TB,TB,26.0
2013,15,TEN,TEN,16.0
2013,15,WAS,WAS,16.0
2013,16,ARZ,ARI,19.0
2013,16,ATL,ATL,14.0
2013,16,BLT,BAL,19.0
2013,16,BUF,BUF,14.0
2013,16,CAR,CAR,17.0
2013,16,CHI,CHI,26.0
2013,16,CIN,CIN,14.0
2013,16,CLV,CLE,22.0
2013,16,DAL,DAL,14.0
2013,16,DEN,DEN,14.0
2013,16,DET,DET,21.0
2013,16,GB,GB,26.0
2013,16,HST,HOU,34.0
2013,16,IND,IND,14.0
2013,16,JAX,JAX,15.0
2013,16,KC,KC,18.0
2013,16,MIA,MIA,15.0
2013,16,MIN,MIN,34.0
2013,16,NE,NE,14.0
2013,16,NO,NO,14.0
2013,16,NYG,NYG,10.0
2013,16,NYJ,NYJ,10.0
2013,16,OAK,OAK,20.0
2013,16,PHI,PHI,12.0
2013,16,PIT,PIT,18.0
2013,16,SD,LAC,11.0
2013,16,SEA,SEA,20.0
2013,16,SF,SF,23.0
2013,16,SL,LAR,12.0
2013,16,TB,TB,14.0
2013,16,TEN,TEN,20.0
2013,16,WAS,WAS,23.0
2013,17,ARZ,ARI,20.0
2013,17,ATL,ATL,22.0
2013,17,BLT,BAL,33.0
2013,17,BUF,BUF,20.0
2013,17,CAR,CAR,21.0
2013,17,CHI,CHI,24.0
2013,17,CIN,CIN,18.0
2013,17,CLV,CLE,18.0
2013,17,DAL,DAL,18.0
2013,17,DEN,DEN,14.0
2013,17,DET,DET,15.0
2013,17,GB,GB,20.0
2013,17,HST,HOU,15.0
2013,17,IND,IND,15.0
2013,17,JAX,JAX,16.0
2013,17,KC,KC,29.0
2013,17,MIA,MIA,10.0
2013,17,MIN,MIN,17.0
2013,17,NE,NE,14.0
2013,17,NO,NO,16.0
2013,17,NYG,NYG,16.0
2013,17,NYJ,NYJ,18.0
2013,17,OAK,OAK,32.0
2013,17,PHI,PHI,25.0
2013,17,PIT,PIT,16.0
2013,17,SD,LAC,12.0
2013,17,SEA,SEA,13.0
2013,17,SF,SF,27.0
2013,17,SL,LAR,16.0
2013,17,TB,TB,32.0
2013,17,TEN,TEN,14.0
2013,17,WAS,WAS,23.0
2014,1,ARZ,ARI,13.0
2014,1,ATL,ATL,18.0
2014,1,BLT,BAL,18.0
2014,1,BUF,BUF,26.0
2014,1,CAR,CAR,24.0
2014,1,CHI,CHI,14.0
2014,1,CIN,CIN,16.0
2014,1,CLV,CLE,16.0
2014,1,DAL,DAL,21.0
2014,1,DEN,DEN,22.0
2014,1,DET,DET,14.0
2014,1,GB,GB,22.0
2014,1,HST,HOU,8.0
2014,1,IND,IND,26.0
2014,1,JAX,JAX,26.0
2014,1,KC,KC,23.0
2014,1,MIA,MIA,17.0
2014,1,MIN,MIN,13.0
2014,1,NE,NE,28.0
2014,1,NO,NO,30.0
2014,1,NYG,NYG,22.0
2014,1,NYJ,NYJ,19.0
2014,1,OAK,OAK,19.0
2014,1,PHI,PHI,25.0
2014,1,PIT,PIT,15.0
2014,1,SD,LAC,20.0
2014,1,SEA,SEA,13.0
2014,1,SF,SF,21.0
2014,1,SL,LAR,23.0
2014,1,TB,TB,21.0
2014,1,TEN,TEN,18.0
2014,1,WAS,WAS,18.0
2014,2,ARZ,ARI,27.0
2014,2,ATL,ATL,19.0
2014,2,BLT,BAL,11.0
2014,2,BUF,BUF,19.0
2014,2,CAR,CAR,22.0
2014,2,CHI,CHI,18.0
2014,2,CIN,CIN,17.0
2014,2,CLV,CLE,21.0
2014,2,DAL,DAL,17.0
2014,2,DEN,DEN,6.0
2014,2,DET,DET,13.0
2014,2,GB,GB,12.0
2014,2,HST,HOU,22.0
2014,2,IND,IND,18.0
2014,2,JAX,JAX,22.0
2014,2,KC,KC,26.0
2014,2,MIA,MIA,18.0
2014,2,MIN,MIN,17.0
2014,2,NE,NE,24.0
2014,2,NO,NO,13.0
2014,2,NYG,NYG,6.0
2014,2,NYJ,NYJ,24.0
2014,2,OAK,OAK,22.0
2014,2,PHI,PHI,33.0
2014,2,PIT,PIT,24.0
2014,2,SD,LAC,16.0
2014,2,SEA,SEA,28.0
2014,2,SF,SF,31.0
2014,2,SL,LAR,11.0
2014,2,TB,TB,13.0
2014,2,TEN,TEN,17.0
2014,2,WAS,WAS,12.0
2014,3,ARZ,ARI,12.0
2014,3,ATL,ATL,22.0
2014,3,BLT,BAL,16.0
2014,3,BUF,BUF,20.0
2014,3,CAR,CAR,22.0
2014,3,CHI,CHI,25.0
2014,3,CIN,CIN,14.0
2014,3,CLV,CLE,17.0
2014,3,DAL,DAL,28.0
2014,3,DEN,DEN,20.0
2014,3,DET,DET,14.0
2014,3,GB,GB,15.0
2014,3,HST,HOU,22.0
2014,3,IND,IND,20.0
2014,3,JAX,JAX,36.0
2014,3,KC,KC,15.0
2014,3,MIA,MIA,28.0
2014,3,MIN,MIN,19.0
2014,3,NE,NE,9.0
2014,3,NO,NO,6.0
2014,3,NYG,NYG,17.0
2014,3,NYJ,NYJ,22.0
2014,3,OAK,OAK,15.0
2014,3,PHI,PHI,38.0
2014,3,PIT,PIT,19.0
2014,3,SD,LAC,12.0
2014,3,SEA,SEA,19.0
2014,3,SF,SF,23.0
2014,3,SL,LAR,24.0
2014,3,TB,TB,40.0
2014,3,TEN,TEN,17.0
2014,3,WAS,WAS,30.0
2014,4,ATL,ATL,12.0
2014,4,BLT,BAL,11.0
2014,4,BUF,BUF,21.0
2014,4,CAR,CAR,28.0
2014,4,CHI,CHI,38.0
2014,4,DAL,DAL,22.0
2014,4,DET,DET,15.0
2014,4,GB,GB,20.0
2014,4,HST,HOU,24.0
2014,4,IND,IND,12.0
2014,4,JAX,JAX,28.0
2014,4,KC,KC,23.0
2014,4,MIA,MIA,22.0
2014,4,MIN,MIN,29.0
2014,4,NE,NE,28.0
2014,4,NO,NO,26.0
2014,4,NYG,NYG,18.0
2014,4,NYJ,NYJ,21.0
2014,4,OAK,OAK,26.0
2014,4,PHI,PHI,32.0
2014,4,PIT,PIT,20.0
2014,4,SD,LAC,15.0
2014,4,SF,SF,14.0
2014,4,TB,TB,28.0
2014,4,TEN,TEN,36.0
2014,4,WAS,WAS,36.0
2014,5,ARZ,ARI,40.0
2014,5,ATL,ATL,20.0
2014,5,BLT,BAL,25.0
2014,5,BUF,BUF,25.0
2014,5,CAR,CAR,32.0
2014,5,CHI,CHI,24.0
2014,5,CIN,CIN,26.0
2014,5,CLV,CLE,22.0
2014,5,DAL,DAL,7.0
2014,5,DEN,DEN,10.0
2014,5,DET,DET,18.0
2014,5,GB,GB,9.0
2014,5,HST,HOU,27.0
2014,5,IND,IND,11.0
2014,5,JAX,JAX,18.0
2014,5,KC,KC,19.0
2014,5,MIN,MIN,28.0
2014,5,NE,NE,23.0
2014,5,NO,NO,22.0
2014,5,NYG,NYG,17.0
2014,5,NYJ,NYJ,29.0
2014,5,PHI,PHI,28.0
2014,5,PIT,PIT,11.0
2014,5,SD,LAC,5.0
2014,5,SEA,SEA,19.0
2014,5,SF,SF,22.0
2014,5,SL,LAR,24.0
2014,5,TB,TB,24.0
2014,5,TEN,TEN,26.0
2014,5,WAS,WAS,18.0
2014,6,ARZ,ARI,27.0
2014,6,ATL,ATL,13.0
2014,6,BLT,BAL,18.0
2014,6,BUF,BUF,36.0
2014,6,CAR,CAR,28.0
2014,6,CHI,CHI,17.0
2014,6,CIN,CIN,28.0
2014,6,CLV,CLE,13.0
2014,6,DAL,DAL,11.0
2014,6,DEN,DEN,16.0
2014,6,DET,DET,14.0
2014,6,GB,GB,20.0
2014,6,HST,HOU,26.0
2014,6,IND,IND,16.0
2014,6,JAX,JAX,10.0
2014,6,MIA,MIA,26.0
2014,6,MIN,MIN,17.0
2014,6,NE,NE,18.0
2014,6,NYG,NYG,26.0
2014,6,NYJ,NYJ,26.0
2014,6,OAK,OAK,30.0
2014,6,PHI,PHI,10.0
2014,6,PIT,PIT,14.0
2014,6,SD,LAC,32.0
2014,6,SEA,SEA,23.0
2014,6,SF,SF,12.0
2014,6,SL,LAR,29.0
2014,6,TB,TB,44.0
2014,6,TEN,TEN,17.0
2014,6,WAS,WAS,22.0
2014,7,ARZ,ARI,6.0
2014,7,ATL,ATL,25.0
2014,7,BLT,BAL,13.0
2014,7,BUF,BUF,17.0
2014,7,CAR,CAR,28.0
2014,7,CHI,CHI,25.0
2014,7,CIN,CIN,24.0
2014,7,CLV,CLE,20.0
2014,7,DAL,DAL,24.0
2014,7,DEN,DEN,18.0
2014,7,DET,DET,22.0
2014,7,GB,GB,16.0
2014,7,HST,HOU,28.0
2014,7,IND,IND,4.0
2014,7,JAX,JAX,12.0
2014,7,KC,KC,24.0
2014,7,MIA,MIA,16.0
2014,7,MIN,MIN,26.0
2014,7,NE,NE,14.0
2014,7,NO,NO,20.0
2014,7,NYG,NYG,26.0
2014,7,NYJ,NYJ,27.0
2014,7,OAK,OAK,22.0
2014,7,PIT,PIT,24.0
2014,7,SD,LAC,12.0
2014,7,SEA,SEA,20.0
2014,7,SF,SF,34.0
2014,7,SL,LAR,22.0
2014,7,TEN,TEN,19.0
2014,7,WAS,WAS,20.0
2014,8,ARZ,ARI,25.0
2014,8,ATL,ATL,23.0
2014,8,BLT,BAL,16.0
2014,8,BUF,BUF,16.0
2014,8,CAR,CAR,18.0
2014,8,CHI,CHI,44.0
2014,8,CIN,CIN,14.0
2014,8,CLV,CLE,19.0
2014,8,DAL,DAL,9.0
2014,8,DEN,DEN,24.0
2014,8,DET,DET,25.0
2014,8,GB,GB,32.0
2014,8,HST,HOU,20.0
2014,8,IND,IND,52.0
2014,8,JAX,JAX,18.0
2014,8,KC,KC,22.0
2014,8,MIA,MIA,25.0
2014,8,MIN,MIN,17.0
2014,8,NE,NE,20.0
2014,8,NO,NO,18.0
2014,8,NYJ,NYJ,36.0
2014,8,OAK,OAK,17.0
2014,8,PHI,PHI,18.0
2014,8,PIT,PIT,32.0
2014,8,SD,LAC,28.0
2014,8,SEA,SEA,11.0
2014,8,SL,LAR,12.0
2014,8,TB,TB,15.0
2014,8,TEN,TEN,14.0
2014,8,WAS,WAS,25.0
2014,9,ARZ,ARI,17.0
2014,9,BLT,BAL,48.0
2014,9,CAR,CAR,19.0
2014,9,CIN,CIN,16.0
2014,9,CLV,CLE,25.0
2014,9,DAL,DAL,29.0
2014,9,DEN,DEN,36.0
2014,9,HST,HOU,30.0
2014,9,IND,IND,22.0
2014,9,JAX,JAX,24.0
2014,9,KC,KC,10.0
2014,9,MIA,MIA,9.0
2014,9,MIN,MIN,15.0
2014,9,NE,NE,26.0
2014,9,NO,NO,9.0
2014,9,NYG,NYG,36.0
2014,9,NYJ,NYJ,21.0
2014,9,OAK,OAK,10.0
2014,9,PHI,PHI,23.0
2014,9,PIT,PIT,18.0
2014,9,SD,LAC,32.0
2014,9,SEA,SEA,33.0
2014,9,SF,SF,17.0
2014,9,SL,LAR,15.0
2014,9,TB,TB,23.0
2014,9,WAS,WAS,11.0
2014,10,ARZ,ARI,17.0
2014,10,ATL,ATL,24.0
2014,10,BLT,BAL,16.0
2014,10,BUF,BUF,8.0
2014,10,CAR,CAR,22.0
2014,10,CHI,CHI,58.0
2014,10,CIN,CIN,10.0
2014,10,CLV,CLE,17.0
2014,10,DAL,DAL,7.0
2014,10,DEN,DEN,20.0
2014,10,DET,DET,17.0
2014,10,GB,GB,12.0
2014,10,JAX,JAX,31.0
2014,10,KC,KC,18.0
2014,10,MIA,MIA,24.0
2014,10,NO,NO,12.0
2014,10,NYG,NYG,18.0
2014,10,NYJ,NYJ,20.0
2014,10,OAK,OAK,46.0
2014,10,PHI,PHI,35.0
2014,10,PIT,PIT,22.0
2014,10,SEA,SEA,15.0
2014,10,SF,SF,31.0
2014,10,SL,LAR,20.0
2014,10,TB,TB,12.0
2014,10,TEN,TEN,14.0
2014,11,ARZ,ARI,9.0
2014,11,ATL,ATL,26.0
2014,11,BUF,BUF,23.0
2014,11,CAR,CAR,17.0
2014,11,CHI,CHI,15.0
2014,11,CIN,CIN,11.0
2014,11,CLV,CLE,25.0
2014,11,DEN,DEN,19.0
2014,11,DET,DET,21.0
2014,11,GB,GB,26.0
2014,11,HST,HOU,17.0
2014,11,IND,IND,24.0
2014,11,KC,KC,21.0
2014,11,MIA,MIA,8.0
2014,11,MIN,MIN,30.0
2014,11,NE,NE,23.0
2014,11,NO,NO,31.0
2014,11,NYG,NYG,14.0
2014,11,OAK,OAK,18.0
2014,11,PHI,PHI,34.0
2014,11,PIT,PIT,21.0
2014,11,SD,LAC,8.0
2014,11,SEA,SEA,6.0
2014,11,SF,SF,23.0
2014,11,SL,LAR,16.0
2014,11,TB,TB,21.0
2014,11,TEN,TEN,17.0
2014,11,WAS,WAS,24.0
2014,12,ARZ,ARI,19.0
2014,12,ATL,ATL,16.0
2014,12,BLT,BAL,31.0
2014,12,BUF,BUF,5.0
2014,12,CHI,CHI,23.0
2014,12,CIN,CIN,12.0
2014,12,CLV,CLE,24.0
2014,12,DAL,DAL,24.0
2014,12,DEN,DEN,30.0
2014,12,DET,DET,27.0
2014,12,GB,GB,19.0
2014,12,HST,HOU,17.0
2014,12,IND,IND,10.0
2014,12,JAX,JAX,24.0
2014,12,KC,KC,12.0
2014,12,MIA,MIA,32.0
2014,12,MIN,MIN,18.0
2014,12,NE,NE,10.0
2014,12,NO,NO,16.0
2014,12,NYG,NYG,32.0
2014,12,NYJ,NYJ,23.0
2014,12,OAK,OAK,22.0
2014,12,PHI,PHI,33.0
2014,12,SD,LAC,22.0
2014,12,SEA,SEA,12.0
2014,12,SF,SF,9.0
2014,12,SL,LAR,20.0
2014,12,TB,TB,16.0
2014,12,TEN,TEN,26.0
2014,12,WAS,WAS,19.0
2014,13,ARZ,ARI,26.0
2014,13,ATL,ATL,16.0
2014,13,BLT,BAL,28.0
2014,13,BUF,BUF,13.0
2014,13,CAR,CAR,26.0
2014,13,CHI,CHI,22.0
2014,13,CIN,CIN,9.0
2014,13,CLV,CLE,25.0
2014,13,DAL,DAL,21.0
2014,13,DEN,DEN,19.0
2014,13,DET,DET,21.0
2014,13,GB,GB,19.0
2014,13,HST,HOU,22.0
2014,13,IND,IND,30.0
2014,13,JAX,JAX,21.0
2014,13,KC,KC,24.0
2014,13,MIA,MIA,16.0
2014,13,MIN,MIN,14.0
2014,13,NE,NE,22.0
2014,13,NO,NO,22.0
2014,13,NYG,NYG,13.0
2014,13,NYJ,NYJ,13.0
2014,13,OAK,OAK,24.0
2014,13,PHI,PHI,11.0
2014,13,PIT,PIT,36.0
2014,13,SD,LAC,22.0
2014,13,SEA,SEA,10.0
2014,13,SF,SF,17.0
2014,13,SL,LAR,16.0
2014,13,TB,TB,17.0
2014,13,TEN,TEN,50.0
2014,13,WAS,WAS,44.0
2014,14,ARZ,ARI,15.0
2014,14,ATL,ATL,32.0
2014,14,BLT,BAL,14.0
2014,14,BUF,BUF,13.0
2014,14,CAR,CAR,15.0
2014,14,CHI,CHI,28.0
2014,14,CIN,CIN,26.0
2014,14,CLV,CLE,24.0
2014,14,DAL,DAL,18.0
2014,14,DEN,DEN,21.0
2014,14,DET,DET,18.0
2014,14,GB,GB,34.0
2014,14,HST,HOU,18.0
2014,14,IND,IND,14.0
2014,14,JAX,JAX,11.0
2014,14,KC,KC,18.0
2014,14,MIA,MIA,21.0
2014,14,MIN,MIN,18.0
2014,14,NE,NE,15.0
2014,14,NO,NO,32.0
2014,14,NYG,NYG,16.0
2014,14,NYJ,NYJ,33.0
2014,14,OAK,OAK,19.0
2014,14,PHI,PHI,18.0
2014,14,PIT,PIT,16.0
2014,14,SD,LAC,27.0
2014,14,SEA,SEA,20.0
2014,14,SF,SF,25.0
2014,14,SL,LAR,18.0
2014,14,TB,TB,28.0
2014,14,TEN,TEN,23.0
2014,14,WAS,WAS,24.0
2014,15,ARZ,ARI,15.0
2014,15,ATL,ATL,9.0
2014,15,BLT,BAL,13.0
2014,15,BUF,BUF,24.0
2014,15,CAR,CAR,20.0
2014,15,CHI,CHI,28.0
2014,15,CIN,CIN,14.0
2014,15,CLV,CLE,17.0
2014,15,DAL,DAL,12.0
2014,15,DEN,DEN,19.0
2014,15,DET,DET,21.0
2014,15,GB,GB,15.0
2014,15,HST,HOU,23.0
2014,15,IND,IND,7.0
2014,15,JAX,JAX,21.0
2014,15,KC,KC,18.0
2014,15,MIA,MIA,26.0
2014,15,MIN,MIN,14.0
2014,15,NE,NE,22.0
2014,15,NO,NO,21.0
2014,15,NYG,NYG,15.0
2014,15,NYJ,NYJ,7.0
2014,15,OAK,OAK,24.0
2014,15,PHI,PHI,28.0
2014,15,PIT,PIT,25.0
2014,15,SD,LAC,19.0
2014,15,SEA,SEA,6.0
2014,15,SF,SF,15.0
2014,15,SL,LAR,14.0
2014,15,TB,TB,22.0
2014,15,TEN,TEN,13.0
2014,15,WAS,WAS,25.0
2014,16,ARZ,ARI,26.0
2014,16,ATL,ATL,19.0
2014,16,BLT,BAL,20.0
2014,16,BUF,BUF,22.0
2014,16,CAR,CAR,15.0
2014,16,CHI,CHI,15.0
2014,16,CIN,CIN,29.0
2014,16,CLV,CLE,18.0
2014,16,DAL,DAL,10.0
2014,16,DEN,DEN,28.0
2014,16,DET,DET,19.0
2014,16,GB,GB,10.0
2014,16,HST,HOU,23.0
2014,16,IND,IND,42.0
2014,16,JAX,JAX,13.0
2014,16,KC,KC,15.0
2014,16,MIA,MIA,20.0
2014,16,MIN,MIN,34.0
2014,16,NE,NE,18.0
2014,16,NO,NO,17.0
2014,16,NYG,NYG,20.0
2014,16,NYJ,NYJ,14.0
2014,16,OAK,OAK,26.0
2014,16,PHI,PHI,8.0
2014,16,PIT,PIT,11.0
2014,16,SD,LAC,20.0
2014,16,SEA,SEA,7.0
2014,16,SF,SF,40.0
2014,16,SL,LAR,30.0
2014,16,TB,TB,19.0
2014,16,TEN,TEN,14.0
2014,16,WAS,WAS,28.0
2014,17,ARZ,ARI,19.0
2014,17,ATL,ATL,18.0
2014,17,BLT,BAL,6.0
2014,17,BUF,BUF,7.0
2014,17,CAR,CAR,12.0
2014,17,CHI,CHI,18.0
2014,17,CIN,CIN,20.0
2014,17,CLV,CLE,27.0
2014,17,DAL,DAL,19.0
2014,17,DEN,DEN,15.0
2014,17,DET,DET,20.0
2014,17,GB,GB,27.0
2014,17,HST,HOU,16.0
2014,17,IND,IND,15.0
2014,17,JAX,JAX,22.0
2014,17,KC,KC,14.0
2014,17,MIA,MIA,30.0
2014,17,MIN,MIN,9.0
2014,17,NE,NE,15.0
2014,17,NO,NO,16.0
2014,17,NYG,NYG,25.0
2014,17,NYJ,NYJ,14.0
2014,17,OAK,OAK,22.0
2014,17,PHI,PHI,16.0
2014,17,PIT,PIT,31.0
2014,17,SD,LAC,15.0
2014,17,SEA,SEA,19.0
2014,17,SF,SF,23.0
2014,17,SL,LAR,15.0
2014,17,TB,TB,20.0
2014,17,TEN,TEN,31.0
2014,17,WAS,WAS,26.0
2015,1,ARZ,ARI,14.0
2015,1,ATL,ATL,16.0
2015,1,BLT,BAL,16.0
2015,1,BUF,BUF,19.0
2015,1,CAR,CAR,19.0
2015,1,CHI,CHI,24.0
2015,1,CIN,CIN,20.0
2015,1,CLV,CLE,20.0
2015,1,DAL,DAL,8.0
2015,1,DEN,DEN,14.0
2015,1,DET,DET,26.0
2015,1,GB,GB,16.0
2015,1,HST,HOU,26.0
2015,1,IND,IND,14.0
2015,1,JAX,JAX,21.0
2015,1,KC,KC,18.0
2015,1,MIA,MIA,23.0
2015,1,MIN,MIN,11.0
2015,1,NE,NE,14.0
2015,1,NO,NO,26.0
2015,1,NYG,NYG,36.0
2015,1,NYJ,NYJ,22.0
2015,1,OAK,OAK,20.0
2015,1,PHI,PHI,27.0
2015,1,PIT,PIT,33.0
2015,1,SD,LAC,25.0
2015,1,SEA,SEA,24.0
2015,1,SF,SF,13.0
2015,1,SL,LAR,23.0
2015,1,TB,TB,36.0
2015,1,TEN,TEN,18.0
2015,1,WAS,WAS,14.0
2015,2,ARZ,ARI,26.0
2015,2,ATL,ATL,24.0
2015,2,BLT,BAL,30.0
2015,2,BUF,BUF,34.0
2015,2,CAR,CAR,13.0
2015,2,CHI,CHI,36.0
2015,2,CIN,CIN,20.0
2015,2,CLV,CLE,30.0
2015,2,DAL,DAL,15.0
2015,2,DEN,DEN,12.0
2015,2,DET,DET,16.0
2015,2,GB,GB,21.0
2015,2,HST,HOU,23.0
2015,2,IND,IND,26.0
2015,2,JAX,JAX,23.0
2015,2,KC,KC,30.0
2015,2,MIA,MIA,18.0
2015,2,MIN,MIN,22.0
2015,2,NE,NE,32.0
2015,2,NO,NO,23.0
2015,2,NYG,NYG,10.0
2015,2,NYJ,NYJ,19.0
2015,2,OAK,OAK,28.0
2015,2,PHI,PHI,19.0
2015,2,PIT,PIT,15.0
2015,2,SD,LAC,26.0
2015,2,SEA,SEA,20.0
2015,2,SF,SF,22.0
2015,2,SL,LAR,15.0
2015,2,TB,TB,22.0
2015,2,TEN,TEN,20.0
2015,2,WAS,WAS,13.0
2015,3,ARZ,ARI,11.0
2015,3,ATL,ATL,6.0
2015,3,BLT,BAL,26.0
2015,3,BUF,BUF,19.0
2015,3,CAR,CAR,7.0
2015,3,CHI,CHI,18.0
2015,3,CIN,CIN,22.0
2015,3,CLV,CLE,20.0
2015,3,DAL,DAL,18.0
2015,3,DEN,DEN,14.0
2015,3,DET,DET,23.0
2015,3,GB,GB,12.0
2015,3,HST,HOU,19.0
2015,3,IND,IND,22.0
2015,3,JAX,JAX,26.0
2015,3,KC,KC,38.0
2015,3,MIA,MIA,30.0
2015,3,MIN,MIN,21.0
2015,3,NE,NE,21.0
2015,3,NO,NO,28.0
2015,3,NYG,NYG,17.0
2015,3,NYJ,NYJ,12.0
2015,3,OAK,OAK,23.0
2015,3,PHI,PHI,30.0
2015,3,PIT,PIT,13.0
2015,3,SD,LAC,10.0
2015,3,SEA,SEA,13.0
2015,3,SF,SF,29.0
2015,3,SL,LAR,12.0
2015,3,TB,TB,18.0
2015,3,TEN,TEN,24.0
2015,3,WAS,WAS,26.0
2015,4,ARZ,ARI,27.0
2015,4,ATL,ATL,26.0
2015,4,BLT,BAL,18.0
2015,4,BUF,BUF,27.0
2015,4,CAR,CAR,28.0
2015,4,CHI,CHI,21.0
2015,4,CIN,CIN,16.0
2015,4,CLV,CLE,28.0
2015,4,DAL,DAL,21.0
2015,4,DEN,DEN,22.0
2015,4,DET,DET,22.0
2015,4,GB,GB,10.0
2015,4,HST,HOU,14.0
2015,4,IND,IND,17.0
2015,4,JAX,JAX,20.0
2015,4,KC,KC,15.0
2015,4,MIA,MIA,16.0
2015,4,MIN,MIN,19.0
2015,4,NO,NO,13.0
2015,4,NYG,NYG,15.0
2015,4,NYJ,NYJ,23.0
2015,4,OAK,OAK,27.0
2015,4,PHI,PHI,14.0
2015,4,PIT,PIT,19.0
2015,4,SD,LAC,20.0
2015,4,SEA,SEA,10.0
2015,4,SF,SF,15.0
2015,4,SL,LAR,20.0
2015,4,TB,TB,24.0
2015,4,WAS,WAS,26.0
2015,5,ARZ,ARI,26.0
2015,5,ATL,ATL,21.0
2015,5,BLT,BAL,18.0
2015,5,BUF,BUF,9.0
2015,5,CHI,CHI,16.0
2015,5,CIN,CIN,15.0
2015,5,CLV,CLE,12.0
2015,5,DAL,DAL,25.0
2015,5,DEN,DEN,24.0
2015,5,DET,DET,26.0
2015,5,GB,GB,26.0
2015,5,HST,HOU,18.0
2015,5,IND,IND,23.0
2015,5,JAX,JAX,14.0
2015,5,KC,KC,18.0
2015,5,NE,NE,9.0
2015,5,NO,NO,28.0
2015,5,NYG,NYG,22.0
2015,5,OAK,OAK,13.0
2015,5,PHI,PHI,25.0
2015,5,PIT,PIT,26.0
2015,5,SD,LAC,15.0
2015,5,SEA,SEA,25.0
2015,5,SF,SF,28.0
2015,5,SL,LAR,28.0
2015,5,TB,TB,34.0
2015,5,TEN,TEN,13.0
2015,5,WAS,WAS,20.0
2015,6,ARZ,ARI,21.0
2015,6,ATL,ATL,16.0
2015,6,BLT,BAL,18.0
2015,6,BUF,BUF,26.0
2015,6,CAR,CAR,15.0
2015,6,CHI,CHI,38.0
2015,6,CIN,CIN,10.0
2015,6,CLV,CLE,25.0
2015,6,DEN,DEN,24.0
2015,6,DET,DET,18.0
2015,6,GB,GB,23.0
2015,6,HST,HOU,26.0
2015,6,IND,IND,28.0
2015,6,JAX,JAX,26.0
2015,6,KC,KC,20.0
2015,6,MIA,MIA,18.0
2015,6,MIN,MIN,11.0
2015,6,NE,NE,22.0
2015,6,NO,NO,24.0
2015,6,NYG,NYG,24.0
2015,6,NYJ,NYJ,18.0
2015,6,PHI,PHI,20.0
2015,6,PIT,PIT,20.0
2015,6,SD,LAC,20.0
2015,6,SEA,SEA,17.0
2015,6,SF,SF,25.0
2015,6,TEN,TEN,24.0
2015,6,WAS,WAS,28.0
2015,7,ARZ,ARI,11.0
2015,7,ATL,ATL,16.0
2015,7,BLT,BAL,23.0
2015,7,BUF,BUF,23.0
2015,7,CAR,CAR,14.0
2015,7,CLV,CLE,15.0
2015,7,DAL,DAL,10.0
2015,7,DET,DET,24.0
2015,7,HST,HOU,36.0
2015,7,IND,IND,14.0
2015,7,JAX,JAX,28.0
2015,7,KC,KC,19.0
2015,7,MIA,MIA,28.0
2015,7,MIN,MIN,17.0
2015,7,NE,NE,20.0
2015,7,NO,NO,28.0
2015,7,NYG,NYG,27.0
2015,7,NYJ,NYJ,22.0
2015,7,OAK,OAK,26.0
2015,7,PHI,PHI,22.0
2015,7,PIT,PIT,17.0
2015,7,SD,LAC,28.0
2015,7,SEA,SEA,8.0
2015,7,SF,SF,19.0
2015,7,SL,LAR,19.0
2015,7,TB,TB,26.0
2015,7,TEN,TEN,17.0
2015,7,WAS,WAS,22.0
2015,8,ARZ,ARI,24.0
2015,8,ATL,ATL,12.0
2015,8,BLT,BAL,29.0
2015,8,CAR,CAR,28.0
2015,8,CHI,CHI,17.0
2015,8,CIN,CIN,17.0
2015,8,CLV,CLE,42.0
2015,8,DAL,DAL,20.0
2015,8,DEN,DEN,14.0
2015,8,DET,DET,22.0
2015,8,GB,GB,12.0
2015,8,HST,HOU,9.0
2015,8,IND,IND,24.0
2015,8,KC,KC,14.0
2015,8,MIA,MIA,35.0
2015,8,MIN,MIN,22.0
2015,8,NE,NE,7.0
2015,8,NO,NO,48.0
2015,8,NYG,NYG,58.0
2015,8,NYJ,NYJ,34.0
2015,8,OAK,OAK,18.0
2015,8,PIT,PIT,20.0
2015,8,SD,LAC,16.0
2015,8,SEA,SEA,9.0
2015,8,SF,SF,16.0
2015,8,SL,LAR,8.0
2015,8,TB,TB,26.0
2015,8,TEN,TEN,21.0
2015,9,ATL,ATL,22.0
2015,9,BUF,BUF,8.0
2015,9,CAR,CAR,32.0
2015,9,CHI,CHI,16.0
2015,9,CIN,CIN,9.0
2015,9,CLV,CLE,24.0
2015,9,DAL,DAL,12.0
2015,9,DEN,DEN,26.0
2015,9,GB,GB,32.0
2015,9,IND,IND,20.0
2015,9,JAX,JAX,18.0
2015,9,MIA,MIA,15.0
2015,9,MIN,MIN,11.0
2015,9,NE,NE,14.0
2015,9,NO,NO,32.0
2015,9,NYG,NYG,13.0
2015,9,NYJ,NYJ,24.0
2015,9,OAK,OAK,24.0
2015,9,PHI,PHI,33.0
2015,9,PIT,PIT,38.0
2015,9,SD,LAC,24.0
2015,9,SF,SF,13.0
2015,9,SL,LAR,11.0
2015,9,TB,TB,30.0
2015,9,TEN,TEN,26.0
2015,9,WAS,WAS,27.0
2015,10,ARZ,ARI,12.0
2015,10,BLT,BAL,20.0
2015,10,BUF,BUF,24.0
2015,10,CAR,CAR,9.0
2015,10,CHI,CHI,9.0
2015,10,CIN,CIN,16.0
2015,10,CLV,CLE,35.0
2015,10,DAL,DAL,14.0
2015,10,DEN,DEN,18.0
2015,10,DET,DET,19.0
2015,10,GB,GB,21.0
2015,10,HST,HOU,14.0
2015,10,JAX,JAX,29.0
2015,10,KC,KC,21.0
2015,10,MIA,MIA,19.0
2015,10,MIN,MIN,29.0
2015,10,NE,NE,22.0
2015,10,NO,NO,40.0
2015,10,NYG,NYG,24.0
2015,10,NYJ,NYJ,15.0
2015,10,OAK,OAK,18.0
2015,10,PHI,PHI,22.0
2015,10,PIT,PIT,14.0
2015,10,SEA,SEA,34.0
2015,10,SL,LAR,30.0
2015,10,TB,TB,17.0
2015,10,TEN,TEN,16.0
2015,10,WAS,WAS,18.0
2015,11,ARZ,ARI,20.0
2015,11,ATL,ATL,22.0
2015,11,BLT,BAL,17.0
2015,11,BUF,BUF,19.0
2015,11,CAR,CAR,18.0
2015,11,CHI,CHI,19.0
2015,11,CIN,CIN,40.0
2015,11,DAL,DAL,18.0
2015,11,DEN,DEN,10.0
2015,11,DET,DET,12.0
2015,11,GB,GB,12.0
2015,11,HST,HOU,12.0
2015,11,IND,IND,33.0
2015,11,JAX,JAX,11.0
2015,11,KC,KC,11.0
2015,11,MIA,MIA,23.0
2015,11,MIN,MIN,23.0
2015,11,NE,NE,13.0
2015,11,NYJ,NYJ,27.0
2015,11,OAK,OAK,9.0
2015,11,PHI,PHI,42.0
2015,11,SD,LAC,14.0
2015,11,SEA,SEA,13.0
2015,11,SF,SF,24.0
2015,11,SL,LAR,24.0
2015,11,TB,TB,22.0
2015,11,TEN,TEN,21.0
2015,11,WAS,WAS,48.0
2015,12,ARZ,ARI,20.0
2015,12,ATL,ATL,12.0
2015,12,BLT,BAL,29.0
2015,12,BUF,BUF,22.0
2015,12,CAR,CAR,20.0
2015,12,CHI,CHI,17.0
2015,12,CIN,CIN,8.0
2015,12,CLV,CLE,22.0
2015,12,DAL,DAL,18.0
2015,12,DEN,DEN,25.0
2015,12,DET,DET,16.0
2015,12,GB,GB,12.0
2015,12,HST,HOU,7.0
2015,12,IND,IND,16.0
2015,12,JAX,JAX,30.0
2015,12,KC,KC,27.0
2015,12,MIA,MIA,32.0
2015,12,MIN,MIN,22.0
2015,12,NE,NE,16.0
2015,12,NO,NO,24.0
2015,12,NYG,NYG,15.0
2015,12,NYJ,NYJ,24.0
2015,12,OAK,OAK,22.0
2015,12,PHI,PHI,40.0
2015,12,PIT,PIT,36.0
2015,12,SD,LAC,22.0
2015,12,SEA,SEA,20.0
2015,12,SF,SF,8.0
2015,12,SL,LAR,32.0
2015,12,TB,TB,27.0
2015,12,TEN,TEN,22.0
2015,12,WAS,WAS,23.0
2015,13,ARZ,ARI,7.0
2015,13,ATL,ATL,15.0
2015,13,BLT,BAL,18.0
2015,13,BUF,BUF,20.0
2015,13,CAR,CAR,28.0
2015,13,CHI,CHI,13.0
2015,13,CIN,CIN,9.0
2015,13,CLV,CLE,22.0
2015,13,DAL,DAL,19.0
2015,13,DEN,DEN,16.0
2015,13,DET,DET,24.0
2015,13,GB,GB,20.0
2015,13,HST,HOU,26.0
2015,13,IND,IND,40.0
2015,13,JAX,JAX,30.0
2015,13,KC,KC,29.0
2015,13,MIA,MIA,19.0
2015,13,MIN,MIN,34.0
2015,13,NE,NE,22.0
2015,13,NO,NO,44.0
2015,13,NYG,NYG,29.0
2015,13,NYJ,NYJ,17.0
2015,13,OAK,OAK,18.0
2015,13,PHI,PHI,32.0
2015,13,PIT,PIT,21.0
2015,13,SD,LAC,20.0
2015,13,SEA,SEA,6.0
2015,13,SF,SF,16.0
2015,13,SL,LAR,24.0
2015,13,TB,TB,20.0
2015,13,TEN,TEN,36.0
2015,13,WAS,WAS,18.0
2015,14,ARZ,ARI,19.0
2015,14,ATL,ATL,26.0
2015,14,BLT,BAL,36.0
2015,14,BUF,BUF,17.0
2015,14,CAR,CAR,13.0
2015,14,CHI,CHI,12.0
2015,14,CIN,CIN,12.0
2015,14,CLV,CLE,13.0
2015,14,DAL,DAL,19.0
2015,14,DEN,DEN,22.0
2015,14,DET,DET,8.0
2015,14,GB,GB,5.0
2015,14,HST,HOU,22.0
2015,14,IND,IND,34.0
2015,14,JAX,JAX,17.0
2015,14,KC,KC,10.0
2015,14,MIA,MIA,32.0
2015,14,MIN,MIN,21.0
2015,14,NE,NE,9.0
2015,14,NO,NO,13.0
2015,14,NYG,NYG,14.0
2015,14,NYJ,NYJ,10.0
2015,14,OAK,OAK,16.0
2015,14,PHI,PHI,18.0
2015,14,PIT,PIT,29.0
2015,14,SD,LAC,18.0
2015,14,SEA,SEA,2.0
2015,14,SF,SF,21.0
2015,14,SL,LAR,19.0
2015,14,TB,TB,19.0
2015,14,TEN,TEN,28.0
2015,14,WAS,WAS,22.0
2015,15,ARZ,ARI,26.0
2015,15,ATL,ATL,18.0
2015,15,BLT,BAL,17.0
2015,15,BUF,BUF,30.0
2015,15,CAR,CAR,36.0
2015,15,CHI,CHI,32.0
2015,15,CIN,CIN,21.0
2015,15,CLV,CLE,26.0
2015,15,DAL,DAL,20.0
2015,15,DEN,DEN,30.0
2015,15,DET,DET,26.0
2015,15,GB,GB,24.0
2015,15,HST,HOU,15.0
2015,15,IND,IND,22.0
2015,15,JAX,JAX,17.0
2015,15,KC,KC,23.0
2015,15,MIA,MIA,33.0
2015,15,MIN,MIN,16.0
2015,15,NE,NE,23.0
2015,15,NO,NO,30.0
2015,15,NYG,NYG,40.0
2015,15,NYJ,NYJ,22.0
2015,15,OAK,OAK,20.0
2015,15,PHI,PHI,16.0
2015,15,PIT,PIT,26.0
2015,15,SD,LAC,5.0
2015,15,SEA,SEA,17.0
2015,15,SF,SF,13.0
2015,15,SL,LAR,20.0
2015,15,TB,TB,18.0
2015,15,TEN,TEN,24.0
2015,15,WAS,WAS,16.0
2015,16,ARZ,ARI,17.0
2015,16,ATL,ATL,9.0
2015,16,BLT,BAL,10.0
2015,16,BUF,BUF,15.0
2015,16,CAR,CAR,17.0
2015,16,CHI,CHI,26.0
2015,16,CIN,CIN,18.0
2015,16,CLV,CLE,21.0
2015,16,DAL,DAL,11.0
2015,16,DEN,DEN,14.0
2015,16,DET,DET,21.0
2015,16,GB,GB,27.0
2015,16,HST,HOU,11.0
2015,16,IND,IND,12.0
2015,16,JAX,JAX,30.0
2015,16,KC,KC,10.0
2015,16,MIA,MIA,7.0
2015,16,MIN,MIN,24.0
2015,16,NE,NE,31.0
2015,16,NO,NO,26.0
2015,16,NYG,NYG,22.0
2015,16,NYJ,NYJ,15.0
2015,16,OAK,OAK,20.0
2015,16,PHI,PHI,30.0
2015,16,PIT,PIT,15.0
2015,16,SD,LAC,14.0
2015,16,SEA,SEA,17.0
2015,16,SF,SF,20.0
2015,16,SL,LAR,26.0
2015,16,TB,TB,14.0
2015,16,TEN,TEN,25.0
2015,16,WAS,WAS,16.0
2015,17,ARZ,ARI,30.0
2015,17,ATL,ATL,15.0
2015,17,BLT,BAL,21.0
2015,17,BUF,BUF,27.0
2015,17,CAR,CAR,8.0
2015,17,CHI,CHI,24.0
2015,17,CIN,CIN,17.0
2015,17,CLV,CLE,34.0
2015,17,DAL,DAL,36.0
2015,17,DEN,DEN,26.0
2015,17,DET,DET,22.0
2015,17,GB,GB,11.0
2015,17,HST,HOU,18.0
2015,17,IND,IND,12.0
2015,17,JAX,JAX,24.0
2015,17,KC,KC,18.0
2015,17,MIA,MIA,8.0
2015,17,MIN,MIN,20.0
2015,17,NE,NE,23.0
2015,17,NO,NO,24.0
2015,17,NYG,NYG,22.0
2015,17,NYJ,NYJ,13.0
2015,17,OAK,OAK,24.0
2015,17,PHI,PHI,22.0
2015,17,PIT,PIT,15.0
2015,17,SD,LAC,22.0
2015,17,SEA,SEA,16.0
2015,17,SF,SF,14.0
2015,17,SL,LAR,19.0
2015,17,TB,TB,26.0
2015,17,TEN,TEN,25.0
2015,17,WAS,WAS,26.0
2016,1,ARZ,ARI,16.0
2016,1,ATL,ATL,32.0
2016,1,BLT,BAL,8.0
2016,1,BUF,BUF,18.0
2016,1,CAR,CAR,18.0
2016,1,CHI,CHI,25.0
2016,1,CIN,CIN,25.0
2016,1,CLV,CLE,24.0
2016,1,DAL,DAL,29.0
2016,1,DEN,DEN,18.0
2016,1,DET,DET,30.0
2016,1,GB,GB,16.0
2016,1,HST,HOU,14.0
2016,1,IND,IND,26.0
2016,1,JAX,JAX,21.0
2016,1,KC,KC,14.0
2016,1,LA,LAR,15.0
2016,1,MIA,MIA,18.0
2016,1,MIN,MIN,21.0
2016,1,NE,NE,20.0
2016,1,NO,NO,8.0
2016,1,NYG,NYG,8.0
2016,1,NYJ,NYJ,16.0
2016,1,OAK,OAK,40.0
2016,1,PHI,PHI,8.0
2016,1,PIT,PIT,13.0
2016,1,SD,LAC,20.0
2016,1,SEA,SEA,11.0
2016,1,SF,SF,11.0
2016,1,TB,TB,16.0
2016,1,TEN,TEN,16.0
2016,1,WAS,WAS,30.0
2016,2,ARZ,ARI,18.0
2016,2,ATL,ATL,24.0
2016,2,BLT,BAL,23.0
2016,2,BUF,BUF,20.0
2016,2,CAR,CAR,24.0
2016,2,CHI,CHI,23.0
2016,2,CIN,CIN,29.0
2016,2,CLV,CLE,22.0
2016,2,DAL,DAL,18.0
2016,2,DEN,DEN,19.0
2016,2,DET,DET,20.0
2016,2,GB,GB,20.0
2016,2,HST,HOU,13.0
2016,2,IND,IND,16.0
2016,2,JAX,JAX,34.0
2016,2,KC,KC,23.0
2016,2,LA,LAR,13.0
2016,2,MIA,MIA,32.0
2016,2,MIN,MIN,20.0
2016,2,NE,NE,24.0
2016,2,NO,NO,17.0
2016,2,NYG,NYG,18.0
2016,2,NYJ,NYJ,29.0
2016,2,OAK,OAK,26.0
2016,2,PHI,PHI,13.0
2016,2,PIT,PIT,15.0
2016,2,SD,LAC,20.0
2016,2,SEA,SEA,10.0
2016,2,SF,SF,44.0
2016,2,TB,TB,28.0
2016,2,TEN,TEN,14.0
2016,2,WAS,WAS,13.0
2016,3,ARZ,ARI,18.0
2016,3,ATL,ATL,24.0
2016,3,BLT,BAL,27.0
2016,3,BUF,BUF,15.0
2016,3,CAR,CAR,13.0
2016,3,CHI,CHI,16.0
2016,3,CIN,CIN,33.0
2016,3,CLV,CLE,31.0
2016,3,DAL,DAL,22.0
2016,3,DEN,DEN,4.0
2016,3,DET,DET,32.0
2016,3,GB,GB,28.0
2016,3,HST,HOU,10.0
2016,3,IND,IND,16.0
2016,3,JAX,JAX,17.0
2016,3,KC,KC,20.0
2016,3,LA,LAR,26.0
2016,3,MIA,MIA,17.0
2016,3,MIN,MIN,19.0
2016,3,NE,NE,12.0
2016,3,NO,NO,22.0
2016,3,NYG,NYG,26.0
2016,3,NYJ,NYJ,20.0
2016,3,OAK,OAK,11.0
2016,3,PHI,PHI,9.0
2016,3,PIT,PIT,23.0
2016,3,SD,LAC,22.0
2016,3,SEA,SEA,9.0
2016,3,SF,SF,26.0
2016,3,TB,TB,22.0
2016,3,TEN,TEN,15.0
2016,3,WAS,WAS,22.0
2016,4,ARZ,ARI,20.0
2016,4,ATL,ATL,24.0
2016,4,BLT,BAL,33.0
2016,4,BUF,BUF,13.0
2016,4,CAR,CAR,38.0
2016,4,CHI,CHI,8.0
2016,4,CIN,CIN,16.0
2016,4,CLV,CLE,28.0
2016,4,DAL,DAL,13.0
2016,4,DEN,DEN,9.0
2016,4,DET,DET,27.0
2016,4,HST,HOU,17.0
2016,4,IND,IND,22.0
2016,4,JAX,JAX,20.0
2016,4,KC,KC,36.0
2016,4,LA,LAR,22.0
2016,4,MIA,MIA,19.0
2016,4,MIN,MIN,7.0
2016,4,NE,NE,17.0
2016,4,NO,NO,26.0
2016,4,NYG,NYG,16.0
2016,4,NYJ,NYJ,27.0
2016,4,OAK,OAK,12.0
2016,4,PIT,PIT,20.0
2016,4,SD,LAC,22.0
2016,4,SEA,SEA,19.0
2016,4,SF,SF,21.0
2016,4,TB,TB,22.0
2016,4,TEN,TEN,28.0
2016,4,WAS,WAS,16.0
2016,5,ARZ,ARI,17.0
2016,5,ATL,ATL,22.0
2016,5,BLT,BAL,18.0
2016,5,BUF,BUF,15.0
2016,5,CAR,CAR,19.0
2016,5,CHI,CHI,24.0
2016,5,CIN,CIN,12.0
2016,5,CLV,CLE,26.0
2016,5,DAL,DAL,19.0
2016,5,DEN,DEN,17.0
2016,5,DET,DET,24.0
2016,5,GB,GB,15.0
2016,5,HST,HOU,18.0
2016,5,IND,IND,28.0
2016,5,LA,LAR,22.0
2016,5,MIA,MIA,35.0
2016,5,MIN,MIN,24.0
2016,5,NE,NE,15.0
2016,5,NYG,NYG,25.0
2016,5,NYJ,NYJ,32.0
2016,5,OAK,OAK,40.0
2016,5,PHI,PHI,22.0
2016,5,PIT,PIT,10.0
2016,5,SD,LAC,24.0
2016,5,SF,SF,22.0
2016,5,TB,TB,13.0
2016,5,TEN,TEN,6.0
2016,5,WAS,WAS,17.0
2016,6,ARZ,ARI,12.0
2016,6,ATL,ATL,14.0
2016,6,BLT,BAL,34.0
2016,6,BUF,BUF,15.0
2016,6,CAR,CAR,38.0
2016,6,CHI,CHI,17.0
2016,6,CIN,CIN,26.0
2016,6,CLV,CLE,26.0
2016,6,DAL,DAL,25.0
2016,6,DEN,DEN,16.0
2016,6,DET,DET,26.0
2016,6,GB,GB,30.0
2016,6,HST,HOU,16.0
2016,6,IND,IND,25.0
2016,6,JAX,JAX,8.0
2016,6,KC,KC,20.0
2016,6,LA,LAR,30.0
2016,6,MIA,MIA,16.0
2016,6,NE,NE,8.0
2016,6,NO,NO,20.0
2016,6,NYG,NYG,6.0
2016,6,NYJ,NYJ,15.0
2016,6,OAK,OAK,11.0
2016,6,PHI,PHI,30.0
2016,6,PIT,PIT,12.0
2016,6,SD,LAC,19.0
2016,6,SEA,SEA,30.0
2016,6,SF,SF,28.0
2016,6,TEN,TEN,16.0
2016,6,WAS,WAS,8.0
2016,7,ARZ,ARI,15.0
2016,7,ATL,ATL,20.0
2016,7,BLT,BAL,24.0
2016,7,BUF,BUF,13.0
2016,7,CHI,CHI,32.0
2016,7,CIN,CIN,9.0
2016,7,CLV,CLE,25.0
2016,7,DEN,DEN,11.0
2016,7,DET,DET,18.0
2016,7,GB,GB,8.0
2016,7,HST,HOU,16.0
2016,7,IND,IND,18.0
2016,7,JAX,JAX,16.0
2016,7,KC,KC,29.0
2016,7,LA,LAR,9.0
2016,7,MIA,MIA,11.0
2016,7,MIN,MIN,20.0
2016,7,NE,NE,21.0
2016,7,NO,NO,18.0
2016,7,NYG,NYG,24.0
2016,7,NYJ,NYJ,12.0
2016,7,OAK,OAK,20.0
2016,7,PHI,PHI,27.0
2016,7,PIT,PIT,21.0
2016,7,SD,LAC,21.0
2016,7,SEA,SEA,17.0
2016,7,SF,SF,30.0
2016,7,TB,TB,16.0
2016,7,TEN,TEN,26.0
2016,7,WAS,WAS,18.0
2016,8,ARZ,ARI,10.0
2016,8,ATL,ATL,30.0
2016,8,BUF,BUF,34.0
2016,8,CAR,CAR,29.0
2016,8,CHI,CHI,13.0
2016,8,CIN,CIN,27.0
2016,8,CLV,CLE,12.0
2016,8,DAL,DAL,14.0
2016,8,DEN,DEN,28.0
2016,8,DET,DET,16.0
2016,8,GB,GB,24.0
2016,8,HST,HOU,15.0
2016,8,IND,IND,28.0
2016,8,JAX,JAX,22.0
2016,8,KC,KC,19.0
2016,8,MIN,MIN,14.0
2016,8,NE,NE,6.0
2016,8,NO,NO,11.0
2016,8,NYJ,NYJ,23.0
2016,8,OAK,OAK,18.0
2016,8,PHI,PHI,20.0
2016,8,SD,LAC,15.0
2016,8,SEA,SEA,18.0
2016,8,TB,TB,34.0
2016,8,TEN,TEN,21.0
2016,8,WAS,WAS,16.0
2016,9,ATL,ATL,28.0
2016,9,BLT,BAL,13.0
2016,9,BUF,BUF,18.0
2016,9,CAR,CAR,19.0
2016,9,CLV,CLE,26.0
2016,9,DAL,DAL,11.0
2016,9,DEN,DEN,10.0
2016,9,DET,DET,13.0
2016,9,GB,GB,16.0
2016,9,IND,IND,35.0
2016,9,JAX,JAX,15.0
2016,9,KC,KC,25.0
2016,9,LA,LAR,15.0
2016,9,MIA,MIA,29.0
2016,9,MIN,MIN,21.0
2016,9,NO,NO,24.0
2016,9,NYG,NYG,14.0
2016,9,NYJ,NYJ,19.0
2016,9,OAK,OAK,25.0
2016,9,PHI,PHI,35.0
2016,9,PIT,PIT,19.0
2016,9,SD,LAC,30.0
2016,9,SEA,SEA,14.0
2016,9,SF,SF,30.0
2016,9,TB,TB,36.0
2016,9,TEN,TEN,24.0
2016,10,ARZ,ARI,14.0
2016,10,ATL,ATL,15.0
2016,10,BLT,BAL,16.0
2016,10,CAR,CAR,13.0
2016,10,CHI,CHI,25.0
2016,10,CIN,CIN,30.0
2016,10,CLV,CLE,29.0
2016,10,DAL,DAL,22.0
2016,10,DEN,DEN,30.0
2016,10,GB,GB,40.0
2016,10,HST,HOU,21.0
2016,10,JAX,JAX,23.0
2016,10,KC,KC,17.0
2016,10,LA,LAR,11.0
2016,10,MIA,MIA,30.0
2016,10,MIN,MIN,22.0
2016,10,NE,NE,31.0
2016,10,NO,NO,24.0
2016,10,NYG,NYG,12.0
2016,10,NYJ,NYJ,12.0
2016,10,PHI,PHI,19.0
2016,10,PIT,PIT,20.0
2016,10,SD,LAC,20.0
2016,10,SEA,SEA,8.0
2016,10,SF,SF,23.0
2016,10,TB,TB,18.0
2016,10,TEN,TEN,20.0
2016,10,WAS,WAS,19.0
2016,11,ARZ,ARI,14.0
2016,11,BLT,BAL,27.0
2016,11,BUF,BUF,18.0
2016,11,CAR,CAR,28.0
2016,11,CHI,CHI,21.0
2016,11,CIN,CIN,10.0
2016,11,CLV,CLE,10.0
2016,11,DAL,DAL,10.0
2016,11,DET,DET,33.0
2016,11,GB,GB,24.0
2016,11,HST,HOU,29.0
2016,11,IND,IND,17.0
2016,11,JAX,JAX,11.0
2016,11,KC,KC,16.0
2016,11,LA,LAR,19.0
2016,11,MIA,MIA,8.0
2016,11,MIN,MIN,31.0
2016,11,NE,NE,20.0
2016,11,NO,NO,14.0
2016,11,NYG,NYG,17.0
2016,11,OAK,OAK,12.0
2016,11,PHI,PHI,20.0
2016,11,PIT,PIT,18.0
2016,11,SEA,SEA,20.0
2016,11,SF,SF,30.0
2016,11,TB,TB,18.0
2016,11,TEN,TEN,20.0
2016,11,WAS,WAS,28.0
2016,12,ARZ,ARI,22.0
2016,12,ATL,ATL,19.0
2016,12,BLT,BAL,19.0
2016,12,BUF,BUF,18.0
2016,12,CAR,CAR,22.0
2016,12,CHI,CHI,20.0
2016,12,CIN,CIN,18.0
2016,12,CLV,CLE,26.0
2016,12,DAL,DAL,29.0
2016,12,DEN,DEN,12.0
2016,12,DET,DET,9.0
2016,12,GB,GB,8.0
2016,12,HST,HOU,28.0
2016,12,IND,IND,25.0
2016,12,JAX,JAX,8.0
2016,12,KC,KC,37.0
2016,12,LA,LAR,42.0
2016,12,MIA,MIA,26.0
2016,12,MIN,MIN,15.0
2016,12,NE,NE,23.0
2016,12,NO,NO,24.0
2016,12,NYG,NYG,17.0
2016,12,NYJ,NYJ,21.0
2016,12,OAK,OAK,18.0
2016,12,PHI,PHI,22.0
2016,12,PIT,PIT,16.0
2016,12,SD,LAC,13.0
2016,12,SEA,SEA,23.0
2016,12,SF,SF,24.0
2016,12,TB,TB,11.0
2016,12,TEN,TEN,27.0
2016,12,WAS,WAS,12.0
2016,13,ARZ,ARI,16.0
2016,13,ATL,ATL,16.0
2016,13,BLT,BAL,13.0
2016,13,BUF,BUF,20.0
2016,13,CAR,CAR,22.0
2016,13,CHI,CHI,13.0
2016,13,CIN,CIN,18.0
2016,13,DAL,DAL,12.0
2016,13,DEN,DEN,12.0
2016,13,DET,DET,12.0
2016,13,GB,GB,18.0
2016,13,HST,HOU,17.0
2016,13,IND,IND,15.0
2016,13,JAX,JAX,9.0
2016,13,KC,KC,15.0
2016,13,LA,LAR,17.0
2016,13,MIA,MIA,36.0
2016,13,MIN,MIN,18.0
2016,13,NE,NE,15.0
2016,13,NO,NO,23.0
2016,13,NYG,NYG,23.0
2016,13,NYJ,NYJ,36.0
2016,13,OAK,OAK,8.0
2016,13,PHI,PHI,26.0
2016,13,PIT,PIT,20.0
2016,13,SD,LAC,19.0
2016,13,SEA,SEA,16.0
2016,13,SF,SF,8.0
2016,13,TB,TB,24.0
2016,13,WAS,WAS,28.0
2016,14,ARZ,ARI,24.0
2016,14,ATL,ATL,11.0
2016,14,BLT,BAL,24.0
2016,14,BUF,BUF,12.0
2016,14,CAR,CAR,26.0
2016,14,CHI,CHI,18.0
2016,14,CIN,CIN,6.0
2016,14,CLV,CLE,24.0
2016,14,DAL,DAL,17.0
2016,14,DEN,DEN,7.0
2016,14,DET,DET,13.0
2016,14,GB,GB,21.0
2016,14,HST,HOU,27.0
2016,14,IND,IND,15.0
2016,14,JAX,JAX,21.0
2016,14,KC,KC,13.0
2016,14,LA,LAR,29.0
2016,14,MIA,MIA,24.0
2016,14,MIN,MIN,18.0
2016,14,NE,NE,22.0
2016,14,NO,NO,9.0
2016,14,NYG,NYG,22.0
2016,14,NYJ,NYJ,17.0
2016,14,OAK,OAK,16.0
2016,14,PHI,PHI,21.0
2016,14,PIT,PIT,21.0
2016,14,SD,LAC,16.0
2016,14,SEA,SEA,28.0
2016,14,SF,SF,8.0
2016,14,TB,TB,16.0
2016,14,TEN,TEN,18.0
2016,14,WAS,WAS,19.0
2016,15,ARZ,ARI,40.0
2016,15,ATL,ATL,18.0
2016,15,BLT,BAL,10.0
2016,15,BUF,BUF,9.0
2016,15,CAR,CAR,14.0
2016,15,CHI,CHI,8.0
2016,15,CIN,CIN,18.0
2016,15,CLV,CLE,17.0
2016,15,DAL,DAL,31.0
2016,15,DEN,DEN,11.0
2016,15,DET,DET,19.0
2016,15,GB,GB,30.0
2016,15,HST,HOU,13.0
2016,15,IND,IND,11.0
2016,15,JAX,JAX,25.0
2016,15,KC,KC,13.0
2016,15,LA,LAR,28.0
2016,15,MIA,MIA,16.0
2016,15,MIN,MIN,25.0
2016,15,NE,NE,13.0
2016,15,NO,NO,26.0
2016,15,NYG,NYG,9.0
2016,15,NYJ,NYJ,35.0
2016,15,OAK,OAK,24.0
2016,15,PHI,PHI,26.0
2016,15,PIT,PIT,10.0
2016,15,SD,LAC,21.0
2016,15,SEA,SEA,4.0
2016,15,SF,SF,26.0
2016,15,TB,TB,14.0
2016,15,TEN,TEN,9.0
2016,15,WAS,WAS,28.0
2016,16,ARZ,ARI,30.0
2016,16,ATL,ATL,17.0
2016,16,BLT,BAL,30.0
2016,16,BUF,BUF,24.0
2016,16,CAR,CAR,26.0
2016,16,CHI,CHI,16.0
2016,16,CIN,CIN,9.0
2016,16,CLV,CLE,25.0
2016,16,DAL,DAL,10.0
2016,16,DEN,DEN,31.0
2016,16,DET,DET,32.0
2016,16,GB,GB,24.0
2016,16,HST,HOU,18.0
2016,16,IND,IND,26.0
2016,16,JAX,JAX,19.0
2016,16,KC,KC,8.0
2016,16,LA,LAR,22.0
2016,16,MIA,MIA,28.0
2016,16,MIN,MIN,32.0
2016,16,NE,NE,12.0
2016,16,NO,NO,23.0
2016,16,NYG,NYG,16.0
2016,16,NYJ,NYJ,30.0
2016,16,OAK,OAK,20.0
2016,16,PHI,PHI,22.0
2016,16,PIT,PIT,16.0
2016,16,SD,LAC,7.0
2016,16,SEA,SEA,16.0
2016,16,SF,SF,17.0
2016,16,TB,TB,14.0
2016,16,TEN,TEN,26.0
2016,16,WAS,WAS,30.0
2016,17,ARZ,ARI,14.0
2016,17,ATL,ATL,20.0
2016,17,BLT,BAL,16.0
2016,17,BUF,BUF,24.0
2016,17,CAR,CAR,21.0
2016,17,CHI,CHI,28.0
2016,17,CIN,CIN,9.0
2016,17,CLV,CLE,22.0
2016,17,DAL,DAL,23.0
2016,17,DEN,DEN,15.0
2016,17,DET,DET,28.0
2016,17,GB,GB,20.0
2016,17,HST,HOU,18.0
2016,17,IND,IND,21.0
2016,17,JAX,JAX,23.0
2016,17,KC,KC,31.0
2016,17,LA,LAR,36.0
2016,17,MIA,MIA,26.0
2016,17,MIN,MIN,15.0
2016,17,NE,NE,19.0
2016,17,NO,NO,32.0
2016,17,NYG,NYG,20.0
2016,17,NYJ,NYJ,10.0
2016,17,OAK,OAK,25.0
2016,17,PHI,PHI,18.0
2016,17,PIT,PIT,24.0
2016,17,SD,LAC,24.0
2016,17,SEA,SEA,14.0
2016,17,SF,SF,17.0
2016,17,TB,TB,22.0
2016,17,TEN,TEN,16.0
2016,17,WAS,WAS,7.0
2017,1,ARZ,ARI,28.0
2017,1,ATL,ATL,12.0
2017,1,BLT,BAL,17.0
2017,1,BUF,BUF,8.0
2017,1,CAR,CAR,7.0
2017,1,CHI,CHI,15.0
2017,1,CIN,CIN,17.0
2017,1,CLV,CLE,22.0
2017,1,DAL,DAL,10.0
2017,1,DEN,DEN,27.0
2017,1,DET,DET,22.0
2017,1,GB,GB,9.0
2017,1,HST,HOU,21.0
2017,1,IND,IND,21.0
2017,1,JAX,JAX,20.0
2017,1,KC,KC,8.0
2017,1,LA,LAR,15.0
2017,1,LAC,LAC,22.0
2017,1,MIN,MIN,12.0
2017,1,NE,NE,34.0
2017,1,NO,NO,28.0
2017,1,NYG,NYG,17.0
2017,1,NYJ,NYJ,22.0
2017,1,OAK,OAK,9.0
2017,1,PHI,PHI,18.0
2017,1,PIT,PIT,11.0
2017,1,SEA,SEA,15.0
2017,1,SF,SF,26.0
2017,1,TEN,TEN,26.0
2017,1,WAS,WAS,23.0
2017,2,ARZ,ARI,13.0
2017,2,ATL,ATL,21.0
2017,2,BLT,BAL,20.0
2017,2,BUF,BUF,10.0
2017,2,CAR,CAR,11.0
2017,2,CHI,CHI,21.0
2017,2,CIN,CIN,10.0
2017,2,CLV,CLE,25.0
2017,2,DAL,DAL,40.0
2017,2,DEN,DEN,18.0
2017,2,DET,DET,20.0
2017,2,GB,GB,14.0
2017,2,HST,HOU,12.0
2017,2,IND,IND,19.0
2017,2,JAX,JAX,18.0
2017,2,KC,KC,26.0
2017,2,LA,LAR,19.0
2017,2,LAC,LAC,16.0
2017,2,MIA,MIA,16.0
2017,2,MIN,MIN,26.0
2017,2,NE,NE,20.0
2017,2,NO,NO,28.0
2017,2,NYG,NYG,23.0
2017,2,NYJ,NYJ,30.0
2017,2,OAK,OAK,18.0
2017,2,PHI,PHI,12.0
2017,2,PIT,PIT,4.0
2017,2,SEA,SEA,9.0
2017,2,SF,SF,16.0
2017,2,TB,TB,18.0
2017,2,TEN,TEN,18.0
2017,2,WAS,WAS,22.0
2017,3,ARZ,ARI,16.0
2017,3,ATL,ATL,17.0
2017,3,BLT,BAL,36.0
2017,3,BUF,BUF,11.0
2017,3,CAR,CAR,31.0
2017,3,CHI,CHI,16.0
2017,3,CIN,CIN,26.0
2017,3,CLV,CLE,14.0
2017,3,DAL,DAL,19.0
2017,3,DEN,DEN,24.0
2017,3,DET,DET,26.0
2017,3,GB,GB,18.0
2017,3,HST,HOU,42.0
2017,3,IND,IND,25.0
2017,3,JAX,JAX,13.0
2017,3,KC,KC,10.0
2017,3,LA,LAR,24.0
2017,3,LAC,LAC,24.0
2017,3,MIA,MIA,22.0
2017,3,MIN,MIN,20.0
2017,3,NE,NE,28.0
2017,3,NO,NO,15.0
2017,3,NYG,NYG,16.0
2017,3,NYJ,NYJ,16.0
2017,3,OAK,OAK,31.0
2017,3,PHI,PHI,29.0
2017,3,PIT,PIT,19.0
2017,3,SEA,SEA,22.0
2017,3,SF,SF,30.0
2017,3,TB,TB,26.0
2017,3,TEN,TEN,26.0
2017,3,WAS,WAS,15.0
2017,4,ARZ,ARI,14.0
2017,4,ATL,ATL,18.0
2017,4,BLT,BAL,17.0
2017,4,BUF,BUF,20.0
2017,4,CAR,CAR,20.0
2017,4,CHI,CHI,30.0
2017,4,CIN,CIN,5.0
2017,4,CLV,CLE,37.0
2017,4,DAL,DAL,28.0
2017,4,DEN,DEN,13.0
2017,4,DET,DET,12.0
2017,4,GB,GB,14.0
2017,4,HST,HOU,10.0
2017,4,IND,IND,28.0
2017,4,JAX,JAX,17.0
2017,4,KC,KC,20.0
2017,4,LA,LAR,24.0
2017,4,LAC,LAC,14.0
2017,4,MIA,MIA,23.0
2017,4,MIN,MIN,10.0
2017,4,NE,NE,30.0
2017,4,NO,NO,10.0
2017,4,NYG,NYG,26.0
2017,4,NYJ,NYJ,19.0
2017,4,OAK,OAK,16.0
2017,4,PHI,PHI,21.0
2017,4,PIT,PIT,17.0
2017,4,SEA,SEA,13.0
2017,4,SF,SF,17.0
2017,4,TB,TB,18.0
2017,4,TEN,TEN,42.0
2017,4,WAS,WAS,14.0
2017,5,ARZ,ARI,34.0
2017,5,BLT,BAL,15.0
2017,5,BUF,BUF,20.0
2017,5,CAR,CAR,18.0
2017,5,CHI,CHI,13.0
2017,5,CIN,CIN,18.0
2017,5,CLV,CLE,21.0
2017,5,DAL,DAL,24.0
2017,5,DET,DET,26.0
2017,5,GB,GB,28.0
2017,5,HST,HOU,32.0
2017,5,IND,IND,22.0
2017,5,JAX,JAX,20.0
2017,5,KC,KC,38.0
2017,5,LA,LAR,19.0
2017,5,LAC,LAC,18.0
2017,5,MIA,MIA,15.0
2017,5,MIN,MIN,19.0
2017,5,NE,NE,17.0
2017,5,NYG,NYG,28.0
2017,5,NYJ,NYJ,24.0
2017,5,OAK,OAK,13.0
2017,5,PHI,PHI,11.0
2017,5,PIT,PIT,13.0
2017,5,SEA,SEA,15.0
2017,5,SF,SF,12.0
2017,5,TB,TB,20.0
2017,5,TEN,TEN,17.0
2017,6,ARZ,ARI,20.0
2017,6,ATL,ATL,22.0
2017,6,BLT,BAL,38.0
2017,6,CAR,CAR,29.0
2017,6,CHI,CHI,13.0
2017,6,CLV,CLE,29.0
2017,6,DEN,DEN,18.0
2017,6,DET,DET,40.0
2017,6,GB,GB,21.0
2017,6,HST,HOU,19.0
2017,6,IND,IND,20.0
2017,6,JAX,JAX,18.0
2017,6,KC,KC,14.0
2017,6,LA,LAR,32.0
2017,6,LAC,LAC,18.0
2017,6,MIA,MIA,15.0
2017,6,MIN,MIN,17.0
2017,6,NE,NE,23.0
2017,6,NO,NO,38.0
2017,6,NYG,NYG,23.0
2017,6,NYJ,NYJ,22.0
2017,6,OAK,OAK,16.0
2017,6,PHI,PHI,18.0
2017,6,PIT,PIT,13.0
2017,6,SF,SF,27.0
2017,6,TB,TB,32.0
2017,6,TEN,TEN,18.0
2017,6,WAS,WAS,14.0
2017,7,ARZ,ARI,21.0
2017,7,ATL,ATL,23.0
2017,7,BLT,BAL,15.0
2017,7,BUF,BUF,35.0
2017,7,CAR,CAR,15.0
2017,7,CHI,CHI,13.0
2017,7,CIN,CIN,22.0
2017,7,CLV,CLE,16.0
2017,7,DAL,DAL,9.0
2017,7,DEN,DEN,18.0
2017,7,GB,GB,20.0
2017,7,IND,IND,20.0
2017,7,JAX,JAX,11.0
2017,7,KC,KC,28.0
2017,7,LA,LAR,15.0
2017,7,LAC,LAC,18.0
2017,7,MIA,MIA,24.0
2017,7,MIN,MIN,17.0
2017,7,NE,NE,13.0
2017,7,NO,NO,14.0
2017,7,NYG,NYG,27.0
2017,7,NYJ,NYJ,36.0
2017,7,OAK,OAK,26.0
2017,7,PHI,PHI,24.0
2017,7,PIT,PIT,20.0
2017,7,SEA,SEA,12.0
2017,7,SF,SF,24.0
2017,7,TB,TB,18.0
2017,7,TEN,TEN,16.0
2017,7,WAS,WAS,38.0
2017,8,ATL,ATL,25.0
2017,8,BLT,BAL,10.0
2017,8,BUF,BUF,19.0
2017,8,CAR,CAR,12.0
2017,8,CHI,CHI,15.0
2017,8,CIN,CIN,20.0
2017,8,CLV,CLE,27.0
2017,8,DAL,DAL,21.0
2017,8,DEN,DEN,23.0
2017,8,DET,DET,19.0
2017,8,HST,HOU,38.0
2017,8,IND,IND,25.0
2017,8,KC,KC,20.0
2017,8,LAC,LAC,20.0
2017,8,MIA,MIA,26.0
2017,8,MIN,MIN,7.0
2017,8,NE,NE,13.0
2017,8,NO,NO,12.0
2017,8,NYJ,NYJ,18.0
2017,8,OAK,OAK,17.0
2017,8,PHI,PHI,16.0
2017,8,PIT,PIT,10.0
2017,8,SEA,SEA,38.0
2017,8,SF,SF,23.0
2017,8,TB,TB,15.0
2017,8,WAS,WAS,17.0
2017,9,ARZ,ARI,8.0
2017,9,ATL,ATL,11.0
2017,9,BLT,BAL,18.0
2017,9,BUF,BUF,14.0
2017,9,CAR,CAR,21.0
2017,9,CIN,CIN,18.0
2017,9,DAL,DAL,19.0
2017,9,DEN,DEN,38.0
2017,9,DET,DET,7.0
2017,9,GB,GB,29.0
2017,9,HST,HOU,22.0
2017,9,IND,IND,17.0
2017,9,JAX,JAX,12.0
2017,9,KC,KC,16.0
2017,9,LA,LAR,22.0
2017,9,MIA,MIA,18.0
2017,9,NO,NO,14.0
2017,9,NYG,NYG,40.0
2017,9,NYJ,NYJ,22.0
2017,9,OAK,OAK,25.0
2017,9,PHI,PHI,18.0
2017,9,SEA,SEA,5.0
2017,9,SF,SF,27.0
2017,9,TB,TB,27.0
2017,9,TEN,TEN,23.0
2017,9,WAS,WAS,26.0
2017,10,ARZ,ARI,22.0
2017,10,ATL,ATL,9.0
2017,10,BUF,BUF,14.0
2017,10,CAR,CAR,16.0
2017,10,CHI,CHI,17.0
2017,10,CIN,CIN,14.0
2017,10,CLV,CLE,28.0
2017,10,DAL,DAL,24.0
2017,10,DEN,DEN,28.0
2017,10,DET,DET,14.0
2017,10,GB,GB,14.0
2017,10,HST,HOU,28.0
2017,10,IND,IND,21.0
2017,10,JAX,JAX,22.0
2017,10,LA,LAR,18.0
2017,10,LAC,LAC,15.0
2017,10,MIA,MIA,34.0
2017,10,MIN,MIN,16.0
2017,10,NE,NE,21.0
2017,10,NO,NO,16.0
2017,10,NYG,NYG,20.0
2017,10,NYJ,NYJ,14.0
2017,10,PIT,PIT,19.0
2017,10,SEA,SEA,13.0
2017,10,SF,SF,19.0
2017,10,TB,TB,15.0
2017,10,TEN,TEN,20.0
2017,10,WAS,WAS,36.0
2017,11,ARZ,ARI,26.0
2017,11,ATL,ATL,24.0
2017,11,BLT,BAL,19.0
2017,11,BUF,BUF,32.0
2017,11,CHI,CHI,24.0
2017,11,CIN,CIN,14.0
2017,11,CLV,CLE,21.0
2017,11,DAL,DAL,16.0
2017,11,DEN,DEN,26.0
2017,11,DET,DET,12.0
2017,11,GB,GB,18.0
2017,11,HST,HOU,27.0
2017,11,JAX,JAX,24.0
2017,11,KC,KC,12.0
2017,11,LA,LAR,18.0
2017,11,LAC,LAC,22.0
2017,11,MIA,MIA,22.0
2017,11,MIN,MIN,8.0
2017,11,NE,NE,10.0
2017,11,NO,NO,26.0
2017,11,NYG,NYG,16.0
2017,11,OAK,OAK,30.0
2017,11,PHI,PHI,14.0
2017,11,PIT,PIT,18.0
2017,11,SEA,SEA,20.0
2017,11,TB,TB,29.0
2017,11,TEN,TEN,38.0
2017,11,WAS,WAS,22.0
2017,12,ARZ,ARI,13.0
2017,12,ATL,ATL,7.0
2017,12,BLT,BAL,15.0
2017,12,BUF,BUF,13.0
2017,12,CAR,CAR,36.0
2017,12,CHI,CHI,32.0
2017,12,CIN,CIN,9.0
2017,12,CLV,CLE,23.0
2017,12,DAL,DAL,30.0
2017,12,DEN,DEN,21.0
2017,12,DET,DET,22.0
2017,12,GB,GB,34.0
2017,12,HST,HOU,10.0
2017,12,IND,IND,19.0
2017,12,JAX,JAX,26.0
2017,12,KC,KC,16.0
2017,12,LA,LAR,15.0
2017,12,LAC,LAC,4.0
2017,12,MIA,MIA,34.0
2017,12,MIN,MIN,22.0
2017,12,NE,NE,16.0
2017,12,NO,NO,27.0
2017,12,NYG,NYG,23.0
2017,12,NYJ,NYJ,4.0
2017,12,OAK,OAK,20.0
2017,12,PHI,PHI,10.0
2017,12,PIT,PIT,24.0
2017,12,SEA,SEA,16.0
2017,12,SF,SF,25.0
2017,12,TB,TB,25.0
2017,12,TEN,TEN,8.0
2017,12,WAS,WAS,9.0
2017,13,ARZ,ARI,29.0
2017,13,ATL,ATL,17.0
2017,13,BLT,BAL,17.0
2017,13,BUF,BUF,12.0
2017,13,CAR,CAR,16.0
2017,13,CHI,CHI,18.0
2017,13,CIN,CIN,20.0
2017,13,CLV,CLE,22.0
2017,13,DAL,DAL,30.0
2017,13,DEN,DEN,28.0
2017,13,DET,DET,24.0
2017,13,GB,GB,23.0
2017,13,HST,HOU,17.0
2017,13,IND,IND,21.0
2017,13,JAX,JAX,16.0
2017,13,KC,KC,16.0
2017,13,LA,LAR,17.0
2017,13,LAC,LAC,15.0
2017,13,MIA,MIA,9.0
2017,13,MIN,MIN,8.0
2017,13,NE,NE,11.0
2017,13,NO,NO,20.0
2017,13,NYG,NYG,15.0
2017,13,NYJ,NYJ,32.0
2017,13,OAK,OAK,16.0
2017,13,PHI,PHI,25.0
2017,13,PIT,PIT,19.0
2017,13,SEA,SEA,13.0
2017,13,SF,SF,13.0
2017,13,TB,TB,9.0
2017,13,TEN,TEN,19.0
2017,13,WAS,WAS,20.0
2017,14,ARZ,ARI,12.0
2017,14,ATL,ATL,20.0
2017,14,BLT,BAL,24.0
2017,14,BUF,BUF,16.0
2017,14,CAR,CAR,27.0
2017,14,CHI,CHI,16.0
2017,14,CIN,CIN,14.0
2017,14,CLV,CLE,20.0
2017,14,DAL,DAL,15.0
2017,14,DEN,DEN,11.0
2017,14,DET,DET,28.0
2017,14,GB,GB,24.0
2017,14,HST,HOU,16.0
2017,14,IND,IND,13.0
2017,14,JAX,JAX,30.0
2017,14,KC,KC,18.0
2017,14,LA,LAR,38.0
2017,14,LAC,LAC,13.0
2017,14,MIA,MIA,14.0
2017,14,MIN,MIN,14.0
2017,14,NE,NE,27.0
2017,14,NO,NO,21.0
2017,14,NYG,NYG,28.0
2017,14,NYJ,NYJ,18.0
2017,14,OAK,OAK,13.0
2017,14,PHI,PHI,20.0
2017,14,PIT,PIT,26.0
2017,14,SEA,SEA,20.0
2017,14,SF,SF,22.0
2017,14,TB,TB,16.0
2017,14,TEN,TEN,14.0
2017,14,WAS,WAS,22.0
2017,15,ARZ,ARI,23.0
2017,15,ATL,ATL,32.0
2017,15,BLT,BAL,13.0
2017,15,BUF,BUF,16.0
2017,15,CAR,CAR,30.0
2017,15,CHI,CHI,22.0
2017,15,CIN,CIN,25.0
2017,15,CLV,CLE,16.0
2017,15,DAL,DAL,25.0
2017,15,DEN,DEN,8.0
2017,15,DET,DET,16.0
2017,15,GB,GB,30.0
2017,15,HST,HOU,28.0
2017,15,IND,IND,24.0
2017,15,JAX,JAX,12.0
2017,15,KC,KC,18.0
2017,15,LA,LAR,11.0
2017,15,LAC,LAC,22.0
2017,15,MIA,MIA,14.0
2017,15,MIN,MIN,7.0
2017,15,NE,NE,21.0
2017,15,NO,NO,15.0
2017,15,NYG,NYG,34.0
2017,15,NYJ,NYJ,24.0
2017,15,OAK,OAK,11.0
2017,15,PHI,PHI,26.0
2017,15,PIT,PIT,12.0
2017,15,SEA,SEA,26.0
2017,15,SF,SF,23.0
2017,15,TB,TB,16.0
2017,15,TEN,TEN,16.0
2017,15,WAS,WAS,16.0
2017,16,ARZ,ARI,14.0
2017,16,ATL,ATL,17.0
2017,16,BLT,BAL,17.0
2017,16,BUF,BUF,24.0
2017,16,CAR,CAR,29.0
2017,16,CHI,CHI,15.0
2017,16,CIN,CIN,16.0
2017,16,CLV,CLE,7.0
2017,16,DAL,DAL,19.0
2017,16,DEN,DEN,32.0
2017,16,DET,DET,19.0
2017,16,GB,GB,15.0
2017,16,HST,HOU,20.0
2017,16,IND,IND,23.0
2017,16,JAX,JAX,24.0
2017,16,KC,KC,19.0
2017,16,LA,LAR,12.0
2017,16,LAC,LAC,10.0
2017,16,MIA,MIA,18.0
2017,16,MIN,MIN,11.0
2017,16,NE,NE,12.0
2017,16,NO,NO,17.0
2017,16,NYG,NYG,27.0
2017,16,NYJ,NYJ,13.0
2017,16,OAK,OAK,19.0
2017,16,PHI,PHI,23.0
2017,16,PIT,PIT,15.0
2017,16,SEA,SEA,18.0
2017,16,SF,SF,22.0
2017,16,TB,TB,11.0
2017,16,TEN,TEN,36.0
2017,16,WAS,WAS,6.0
2017,17,ARZ,ARI,25.0
2017,17,ATL,ATL,17.0
2017,17,BLT,BAL,26.0
2017,17,BUF,BUF,14.0
2017,17,CAR,CAR,19.0
2017,17,CHI,CHI,20.0
2017,17,CIN,CIN,20.0
2017,17,CLV,CLE,14.0
2017,17,DAL,DAL,11.0
2017,17,DEN,DEN,11.0
2017,17,DET,DET,14.0
2017,17,GB,GB,24.0
2017,17,HST,HOU,15.0
2017,17,IND,IND,9.0
2017,17,JAX,JAX,15.0
2017,17,KC,KC,27.0
2017,17,LA,LAR,29.0
2017,17,LAC,LAC,13.0
2017,17,MIA,MIA,13.0
2017,17,MIN,MIN,5.0
2017,17,NE,NE,9.0
2017,17,NO,NO,27.0
2017,17,NYG,NYG,13.0
2017,17,NYJ,NYJ,20.0
2017,17,OAK,OAK,33.0
2017,17,PHI,PHI,17.0
2017,17,PIT,PIT,29.0
2017,17,SEA,SEA,24.0
2017,17,SF,SF,12.0
2017,17,TB,TB,13.0
2017,17,TEN,TEN,16.0
2017,17,WAS,WAS,19.0
2018,1,ARZ,ARI,22.0
2018,1,ATL,ATL,7.0
2018,1,BLT,BAL,8.0
2018,1,BUF,BUF,30.0
2018,1,CAR,CAR,11.0
2018,1,CHI,CHI,32.0
2018,1,CIN,CIN,24.0
2018,1,CLV,CLE,26.0
2018,1,DAL,DAL,9.0
2018,1,DEN,DEN,34.0
2018,1,DET,DET,26.0
2018,1,GB,GB,8.0
2018,1,HST,HOU,33.0
2018,1,IND,IND,26.0
2018,1,JAX,JAX,8.0
2018,1,KC,KC,28.0
2018,1,LA,LAR,14.0
2018,1,LAC,LAC,32.0
2018,1,MIA,MIA,19.0
2018,1,MIN,MIN,23.0
2018,1,NE,NE,12.0
2018,1,NO,NO,40.0
2018,1,NYG,NYG,17.0
2018,1,NYJ,NYJ,32.0
2018,1,OAK,OAK,30.0
2018,1,PHI,PHI,14.0
2018,1,PIT,PIT,18.0
2018,1,SEA,SEA,30.0
2018,1,SF,SF,22.0
2018,1,TB,TB,26.0
2018,1,TEN,TEN,32.0
2018,1,WAS,WAS,5.0
2018,2,ARZ,ARI,11.0
2018,2,ATL,ATL,24.0
2018,2,BLT,BAL,32.0
2018,2,BUF,BUF,26.0
2018,2,CAR,CAR,24.0
2018,2,CHI,CHI,25.0
2018,2,CIN,CIN,20.0
2018,2,CLV,CLE,22.0
2018,2,DAL,DAL,15.0
2018,2,DEN,DEN,15.0
2018,2,DET,DET,20.0
2018,2,GB,GB,37.0
2018,2,HST,HOU,21.0
2018,2,IND,IND,10.0
2018,2,JAX,JAX,20.0
2018,2,KC,KC,24.0
2018,2,LA,LAR,9.0
2018,2,LAC,LAC,14.0
2018,2,MIA,MIA,20.0
2018,2,MIN,MIN,18.0
2018,2,NE,NE,36.0
2018,2,NO,NO,21.0
2018,2,NYG,NYG,14.0
2018,2,NYJ,NYJ,20.0
2018,2,OAK,OAK,10.0
2018,2,PHI,PHI,35.0
2018,2,PIT,PIT,46.0
2018,2,SEA,SEA,23.0
2018,2,SF,SF,26.0
2018,2,TB,TB,12.0
2018,2,TEN,TEN,23.0
2018,2,WAS,WAS,22.0
2018,3,ARZ,ARI,13.0
2018,3,ATL,ATL,28.0
2018,3,BLT,BAL,9.0
2018,3,BUF,BUF,16.0
2018,3,CAR,CAR,27.0
2018,3,CHI,CHI,27.0
2018,3,CIN,CIN,20.0
2018,3,CLV,CLE,13.0
2018,3,DAL,DAL,19.0
2018,3,DEN,DEN,20.0
2018,3,DET,DET,12.0
2018,3,GB,GB,20.0
2018,3,HST,HOU,20.0
2018,3,IND,IND,20.0
2018,3,JAX,JAX,12.0
2018,3,KC,KC,20.0
2018,3,LA,LAR,20.0
2018,3,LAC,LAC,30.0
2018,3,MIA,MIA,14.0
2018,3,MIN,MIN,17.0
2018,3,NE,NE,27.0
2018,3,NO,NO,34.0
2018,3,NYG,NYG,23.0
2018,3,NYJ,NYJ,11.0
2018,3,OAK,OAK,31.0
2018,3,PHI,PHI,14.0
2018,3,PIT,PIT,32.0
2018,3,SEA,SEA,18.0
2018,3,SF,SF,28.0
2018,3,TB,TB,30.0
2018,3,TEN,TEN,13.0
2018,3,WAS,WAS,19.0
2018,4,ARZ,ARI,14.0
2018,4,ATL,ATL,26.0
2018,4,BLT,BAL,14.0
2018,4,BUF,BUF,24.0
2018,4,CHI,CHI,14.0
2018,4,CIN,CIN,28.0
2018,4,CLV,CLE,42.0
2018,4,DAL,DAL,16.0
2018,4,DEN,DEN,16.0
2018,4,DET,DET,24.0
2018,4,GB,GB,13.0
2018,4,HST,HOU,32.0
2018,4,IND,IND,26.0
2018,4,JAX,JAX,10.0
2018,4,KC,KC,11.0
2018,4,LA,LAR,26.0
2018,4,LAC,LAC,22.0
2018,4,MIA,MIA,30.0
2018,4,MIN,MIN,42.0
2018,4,NE,NE,10.0
2018,4,NO,NO,15.0
2018,4,NYG,NYG,12.0
2018,4,NYJ,NYJ,24.0
2018,4,OAK,OAK,24.0
2018,4,PHI,PHI,18.0
2018,4,PIT,PIT,25.0
2018,4,SEA,SEA,19.0
2018,4,SF,SF,30.0
2018,4,TB,TB,48.0
2018,4,TEN,TEN,24.0
2018,5,ARZ,ARI,22.0
2018,5,ATL,ATL,30.0
2018,5,BLT,BAL,22.0
2018,5,BUF,BUF,20.0
2018,5,CAR,CAR,28.0
2018,5,CIN,CIN,18.0
2018,5,CLV,CLE,13.0
2018,5,DAL,DAL,22.0
2018,5,DEN,DEN,32.0
2018,5,DET,DET,33.0
2018,5,GB,GB,20.0
2018,5,HST,HOU,18.0
2018,5,IND,IND,30.0
2018,5,JAX,JAX,15.0
2018,5,KC,KC,21.0
2018,5,LA,LAR,24.0
2018,5,LAC,LAC,16.0
2018,5,MIA,MIA,26.0
2018,5,MIN,MIN,20.0
2018,5,NE,NE,30.0
2018,5,NO,NO,6.0
2018,5,NYG,NYG,28.0
2018,5,NYJ,NYJ,21.0
2018,5,OAK,OAK,23.0
2018,5,PHI,PHI,19.0
2018,5,PIT,PIT,10.0
2018,5,SEA,SEA,20.0
2018,5,SF,SF,13.0
2018,5,TEN,TEN,12.0
2018,5,WAS,WAS,30.0
2018,6,ARZ,ARI,20.0
2018,6,ATL,ATL,32.0
2018,6,BLT,BAL,9.0
2018,6,BUF,BUF,25.0
2018,6,CAR,CAR,20.0
2018,6,CHI,CHI,30.0
2018,6,CIN,CIN,10.0
2018,6,CLV,CLE,22.0
2018,6,DAL,DAL,13.0
2018,6,DEN,DEN,10.0
2018,6,GB,GB,24.0
2018,6,HST,HOU,17.0
2018,6,IND,IND,34.0
2018,6,JAX,JAX,26.0
2018,6,KC,KC,24.0
2018,6,LA,LAR,25.0
2018,6,LAC,LAC,14.0
2018,6,MIA,MIA,28.0
2018,6,MIN,MIN,11.0
2018,6,NE,NE,40.0
2018,6,NYG,NYG,33.0
2018,6,NYJ,NYJ,40.0
2018,6,OAK,OAK,30.0
2018,6,PHI,PHI,11.0
2018,6,PIT,PIT,18.0
2018,6,SEA,SEA,8.0
2018,6,SF,SF,22.0
2018,6,TB,TB,28.0
2018,6,TEN,TEN,14.0
2018,6,WAS,WAS,22.0
2018,7,ARZ,ARI,24.0
2018,7,ATL,ATL,10.0
2018,7,BLT,BAL,16.0
2018,7,BUF,BUF,32.0
2018,7,CAR,CAR,23.0
2018,7,CHI,CHI,28.0
2018,7,CIN,CIN,38.0
2018,7,CLV,CLE,16.0
2018,7,DAL,DAL,15.0
2018,7,DEN,DEN,22.0
2018,7,DET,DET,19.0
2018,7,HST,HOU,20.0
2018,7,IND,IND,12.0
2018,7,JAX,JAX,14.0
2018,7,KC,KC,13.0
2018,7,LA,LAR,18.0
2018,7,LAC,LAC,15.0
2018,7,MIA,MIA,24.0
2018,7,MIN,MIN,17.0
2018,7,NE,NE,28.0
2018,7,NO,NO,16.0
2018,7,NYG,NYG,17.0
2018,7,NYJ,NYJ,24.0
2018,7,PHI,PHI,15.0
2018,7,SF,SF,22.0
2018,7,TB,TB,20.0
2018,7,TEN,TEN,20.0
2018,7,WAS,WAS,20.0
2018,8,ARZ,ARI,12.0
2018,8,BLT,BAL,20.0
2018,8,BUF,BUF,15.0
2018,8,CAR,CAR,23.0
2018,8,CHI,CHI,10.0
2018,8,CIN,CIN,32.0
2018,8,CLV,CLE,24.0
2018,8,DEN,DEN,32.0
2018,8,DET,DET,22.0
2018,8,GB,GB,23.0
2018,8,HST,HOU,16.0
2018,8,IND,IND,24.0
2018,8,JAX,JAX,29.0
2018,8,KC,KC,22.0
2018,8,LA,LAR,12.0
2018,8,MIA,MIA,38.0
2018,8,MIN,MIN,16.0
2018,8,NE,NE,15.0
2018,8,NO,NO,22.0
2018,8,NYG,NYG,18.0
2018,8,NYJ,NYJ,21.0
2018,8,OAK,OAK,26.0
2018,8,PHI,PHI,12.0
2018,8,PIT,PIT,21.0
2018,8,SEA,SEA,17.0
2018,8,SF,SF,18.0
2018,8,TB,TB,20.0
2018,8,WAS,WAS,17.0
2018,9,ATL,ATL,8.0
2018,9,BLT,BAL,20.0
2018,9,BUF,BUF,23.0
2018,9,CAR,CAR,34.0
2018,9,CHI,CHI,11.0
2018,9,CLV,CLE,28.0
2018,9,DAL,DAL,20.0
2018,9,DEN,DEN,20.0
2018,9,DET,DET,17.0
2018,9,GB,GB,12.0
2018,9,HST,HOU,17.0
2018,9,KC,KC,12.0
2018,9,LA,LAR,36.0
2018,9,LAC,LAC,21.0
2018,9,MIA,MIA,21.0
2018,9,MIN,MIN,7.0
2018,9,NE,NE,22.0
2018,9,NO,NO,28.0
2018,9,NYJ,NYJ,10.0
2018,9,OAK,OAK,31.0
2018,9,PIT,PIT,7.0
2018,9,SEA,SEA,19.0
2018,9,SF,SF,6.0
2018,9,TB,TB,22.0
2018,9,TEN,TEN,22.0
2018,9,WAS,WAS,34.0
2018,10,ARZ,ARI,21.0
2018,10,ATL,ATL,26.0
2018,10,BUF,BUF,8.0
2018,10,CAR,CAR,42.0
2018,10,CHI,CHI,20.0
2018,10,CIN,CIN,32.0
2018,10,CLV,CLE,19.0
2018,10,DAL,DAL,22.0
2018,10,DET,DET,26.0
2018,10,GB,GB,10.0
2018,10,IND,IND,22.0
2018,10,JAX,JAX,26.0
2018,10,KC,KC,16.0
2018,10,LA,LAR,26.0
2018,10,LAC,LAC,7.0
2018,10,MIA,MIA,21.0
2018,10,NE,NE,25.0
2018,10,NO,NO,13.0
2018,10,NYG,NYG,16.0
2018,10,NYJ,NYJ,24.0
2018,10,OAK,OAK,23.0
2018,10,PHI,PHI,16.0
2018,10,PIT,PIT,18.0
2018,10,SEA,SEA,20.0
2018,10,SF,SF,27.0
2018,10,TB,TB,15.0
2018,10,TEN,TEN,6.0
2018,10,WAS,WAS,20.0
2018,11,ARZ,ARI,18.0
2018,11,ATL,ATL,11.0
2018,11,BLT,BAL,20.0
2018,11,CAR,CAR,10.0
2018,11,CHI,CHI,22.0
2018,11,CIN,CIN,9.0
2018,11,DAL,DAL,19.0
2018,11,DEN,DEN,26.0
2018,11,DET,DET,26.0
2018,11,GB,GB,20.0
2018,11,HST,HOU,20.0
2018,11,IND,IND,15.0
2018,11,JAX,JAX,23.0
2018,11,KC,KC,44.0
2018,11,LA,LAR,58.0
2018,11,LAC,LAC,2.0
2018,11,MIN,MIN,18.0
2018,11,NO,NO,7.0
2018,11,NYG,NYG,28.0
2018,11,OAK,OAK,27.0
2018,11,PHI,PHI,38.0
2018,11,PIT,PIT,11.0
2018,11,SEA,SEA,18.0
2018,11,TB,TB,22.0
2018,11,TEN,TEN,28.0
2018,11,WAS,WAS,28.0
2018,12,ARZ,ARI,30.0
2018,12,ATL,ATL,32.0
2018,12,BLT,BAL,20.0
2018,12,BUF,BUF,18.0
2018,12,CAR,CAR,22.0
2018,12,CHI,CHI,7.0
2018,12,CIN,CIN,30.0
2018,12,CLV,CLE,18.0
2018,12,DAL,DAL,26.0
2018,12,DEN,DEN,27.0
2018,12,DET,DET,21.0
2018,12,GB,GB,29.0
2018,12,HST,HOU,21.0
2018,12,IND,IND,18.0
2018,12,JAX,JAX,15.0
2018,12,LAC,LAC,13.0
2018,12,MIA,MIA,34.0
2018,12,MIN,MIN,8.0
2018,12,NE,NE,14.0
2018,12,NO,NO,26.0
2018,12,NYG,NYG,12.0
2018,12,NYJ,NYJ,21.0
2018,12,OAK,OAK,21.0
2018,12,PHI,PHI,17.0
2018,12,PIT,PIT,16.0
2018,12,SEA,SEA,30.0
2018,12,SF,SF,21.0
2018,12,TB,TB,16.0
2018,12,TEN,TEN,20.0
2018,12,WAS,WAS,20.0
2018,13,ARZ,ARI,15.0
2018,13,ATL,ATL,16.0
2018,13,BLT,BAL,18.0
2018,13,BUF,BUF,25.0
2018,13,CAR,CAR,16.0
2018,13,CHI,CHI,22.0
2018,13,CIN,CIN,17.0
2018,13,CLV,CLE,21.0
2018,13,DAL,DAL,17.0
2018,13,DEN,DEN,15.0
2018,13,DET,DET,18.0
2018,13,GB,GB,10.0
2018,13,HST,HOU,17.0
2018,13,IND,IND,15.0
2018,13,JAX,JAX,16.0
2018,13,KC,KC,32.0
2018,13,LA,LAR,18.0
2018,13,LAC,LAC,26.0
2018,13,MIA,MIA,23.0
2018,13,MIN,MIN,17.0
2018,13,NE,NE,17.0
2018,13,NO,NO,19.0
2018,13,NYG,NYG,26.0
2018,13,NYJ,NYJ,26.0
2018,13,OAK,OAK,36.0
2018,13,PHI,PHI,12.0
2018,13,PIT,PIT,20.0
2018,13,SEA,SEA,16.0
2018,13,SF,SF,34.0
2018,13,TB,TB,25.0
2018,13,TEN,TEN,13.0
2018,13,WAS,WAS,26.0
2018,14,ARZ,ARI,12.0
2018,14,ATL,ATL,20.0
2018,14,BLT,BAL,24.0
2018,14,BUF,BUF,18.0
2018,14,CAR,CAR,22.0
2018,14,CHI,CHI,20.0
2018,14,CIN,CIN,17.0
2018,14,CLV,CLE,10.0
2018,14,DAL,DAL,24.0
2018,14,DEN,DEN,26.0
2018,14,DET,DET,17.0
2018,14,GB,GB,29.0
2018,14,HST,HOU,21.0
2018,14,IND,IND,11.0
2018,14,JAX,JAX,8.0
2018,14,KC,KC,18.0
2018,14,LA,LAR,24.0
2018,14,LAC,LAC,12.0
2018,14,MIA,MIA,28.0
2018,14,MIN,MIN,9.0
2018,14,NE,NE,18.0
2018,14,NO,NO,25.0
2018,14,NYG,NYG,11.0
2018,14,NYJ,NYJ,19.0
2018,14,OAK,OAK,23.0
2018,14,PHI,PHI,32.0
2018,14,PIT,PIT,16.0
2018,14,SEA,SEA,16.0
2018,14,SF,SF,12.0
2018,14,TB,TB,14.0
2018,14,TEN,TEN,14.0
2018,14,WAS,WAS,30.0
2018,15,ARZ,ARI,20.0
2018,15,ATL,ATL,16.0
2018,15,BLT,BAL,7.0
2018,15,BUF,BUF,11.0
2018,15,CAR,CAR,9.0
2018,15,CHI,CHI,8.0
2018,15,CIN,CIN,18.0
2018,15,CLV,CLE,11.0
2018,15,DAL,DAL,12.0
2018,15,DEN,DEN,23.0
2018,15,DET,DET,13.0
2018,15,GB,GB,22.0
2018,15,HST,HOU,21.0
2018,15,IND,IND,16.0
2018,15,JAX,JAX,23.0
2018,15,KC,KC,20.0
2018,15,LA,LAR,15.0
2018,15,LAC,LAC,16.0
2018,15,MIA,MIA,24.0
2018,15,MIN,MIN,6.0
2018,15,NE,NE,24.0
2018,15,NO,NO,16.0
2018,15,NYG,NYG,9.0
2018,15,NYJ,NYJ,22.0
2018,15,OAK,OAK,16.0
2018,15,PHI,PHI,12.0
2018,15,PIT,PIT,12.0
2018,15,SEA,SEA,16.0
2018,15,SF,SF,27.0
2018,15,TB,TB,15.0
2018,15,TEN,TEN,12.0
2018,15,WAS,WAS,11.0
2018,16,ARZ,ARI,16.0
2018,16,ATL,ATL,17.0
2018,16,BLT,BAL,11.0
2018,16,BUF,BUF,19.0
2018,16,CAR,CAR,27.0
2018,16,CHI,CHI,11.0
2018,16,CIN,CIN,24.0
2018,16,CLV,CLE,17.0
2018,16,DAL,DAL,18.0
2018,16,DEN,DEN,6.0
2018,16,DET,DET,28.0
2018,16,GB,GB,28.0
2018,16,HST,HOU,38.0
2018,16,IND,IND,14.0
2018,16,JAX,JAX,18.0
2018,16,KC,KC,30.0
2018,16,LA,LAR,13.0
2018,16,LAC,LAC,21.0
2018,16,MIA,MIA,11.0
2018,16,MIN,MIN,6.0
2018,16,NE,NE,19.0
2018,16,NO,NO,29.0
2018,16,NYG,NYG,21.0
2018,16,NYJ,NYJ,26.0
2018,16,OAK,OAK,31.0
2018,16,PHI,PHI,20.0
2018,16,PIT,PIT,18.0
2018,16,SEA,SEA,28.0
2018,16,SF,SF,15.0
2018,16,TB,TB,18.0
2018,16,TEN,TEN,18.0
2018,16,WAS,WAS,14.0
2018,17,ARZ,ARI,17.0
2018,17,ATL,ATL,30.0
2018,17,BLT,BAL,34.0
2018,17,BUF,BUF,19.0
2018,17,CAR,CAR,12.0
2018,17,CHI,CHI,14.0
2018,17,CIN,CIN,19.0
2018,17,CLV,CLE,10.0
2018,17,DAL,DAL,22.0
2018,17,DEN,DEN,16.0
2018,17,DET,DET,3.0
2018,17,GB,GB,27.0
2018,17,HST,HOU,13.0
2018,17,IND,IND,15.0
2018,17,JAX,JAX,11.0
2018,17,KC,KC,13.0
2018,17,LA,LAR,30.0
2018,17,LAC,LAC,13.0
2018,17,MIA,MIA,30.0
2018,17,MIN,MIN,5.0
2018,17,NE,NE,8.0
2018,17,NO,NO,20.0
2018,17,NYG,NYG,32.0
2018,17,NYJ,NYJ,35.0
2018,17,OAK,OAK,23.0
2018,17,PHI,PHI,5.0
2018,17,PIT,PIT,14.0
2018,17,SEA,SEA,16.0
2018,17,SF,SF,36.0
2018,17,TB,TB,28.0
2018,17,TEN,TEN,30.0
2018,17,WAS,WAS,28.0
2019,1,ARZ,ARI,28.0
2019,1,ATL,ATL,12.0
2019,1,BLT,BAL,10.0
2019,1,BUF,BUF,14.0
2019,1,CAR,CAR,21.0
2019,1,CHI,CHI,14.0
2019,1,CIN,CIN,19.0
2019,1,CLV,CLE,28.0
2019,1,DAL,DAL,14.0
2019,1,DEN,DEN,13.0
2019,1,DET,DET,20.0
2019,1,GB,GB,8.0
2019,1,HST,HOU,26.0
2019,1,IND,IND,28.0
2019,1,JAX,JAX,30.0
2019,1,KC,KC,26.0
2019,1,LA,LAR,17.0
2019,1,LAC,LAC,18.0
2019,1,MIA,MIA,50.0
2019,1,MIN,MIN,19.0
2019,1,NE,NE,6.0
2019,1,NO,NO,26.0
2019,1,NYG,NYG,30.0
2019,1,NYJ,NYJ,18.0
2019,1,OAK,OAK,18.0
2019,1,PHI,PHI,24.0
2019,1,PIT,PIT,31.0
2019,1,SEA,SEA,25.0
2019,1,SF,SF,23.0
2019,1,TB,TB,20.0
2019,1,TEN,TEN,15.0
2019,1,WAS,WAS,22.0
2019,2,ARZ,ARI,24.0
2019,2,ATL,ATL,10.0
2019,2,BLT,BAL,6.0
2019,2,BUF,BUF,19.0
2019,2,CAR,CAR,17.0
2019,2,CHI,CHI,18.0
2019,2,CIN,CIN,32.0
2019,2,CLV,CLE,8.0
2019,2,DAL,DAL,14.0
2019,2,DEN,DEN,8.0
2019,2,DET,DET,12.0
2019,2,GB,GB,21.0
2019,2,HST,HOU,20.0
2019,2,IND,IND,14.0
2019,2,JAX,JAX,7.0
2019,2,KC,KC,17.0
2019,2,LA,LAR,11.0
2019,2,LAC,LAC,26.0
2019,2,MIA,MIA,29.0
2019,2,MIN,MIN,20.0
2019,2,NE,NE,12.0
2019,2,NO,NO,18.0
2019,2,NYG,NYG,15.0
2019,2,NYJ,NYJ,18.0
2019,2,OAK,OAK,33.0
2019,2,PHI,PHI,35.0
2019,2,PIT,PIT,28.0
2019,2,SEA,SEA,18.0
2019,2,SF,SF,18.0
2019,2,TB,TB,11.0
2019,2,TEN,TEN,26.0
2019,2,WAS,WAS,26.0
2019,3,ARZ,ARI,36.0
2019,3,ATL,ATL,18.0
2019,3,BLT,BAL,33.0
2019,3,BUF,BUF,20.0
2019,3,CAR,CAR,20.0
2019,3,CHI,CHI,27.0
2019,3,CIN,CIN,20.0
2019,3,CLV,CLE,28.0
2019,3,DAL,DAL,9.0
2019,3,DEN,DEN,18.0
2019,3,DET,DET,29.0
2019,3,GB,GB,12.0
2019,3,HST,HOU,18.0
2019,3,IND,IND,24.0
2019,3,JAX,JAX,7.0
2019,3,KC,KC,2.0
2019,3,LA,LAR,16.0
2019,3,LAC,LAC,24.0
2019,3,MIA,MIA,25.0
2019,3,MIN,MIN,21.0
2019,3,NE,NE,7.0
2019,3,NO,NO,22.0
2019,3,NYG,NYG,32.0
2019,3,NYJ,NYJ,23.0
2019,3,OAK,OAK,14.0
2019,3,PHI,PHI,14.0
2019,3,PIT,PIT,16.0
2019,3,SEA,SEA,18.0
2019,3,SF,SF,26.0
2019,3,TB,TB,20.0
2019,3,TEN,TEN,21.0
2019,3,WAS,WAS,28.0
2019,4,ARZ,ARI,22.0
2019,4,ATL,ATL,32.0
2019,4,BLT,BAL,16.0
2019,4,BUF,BUF,14.0
2019,4,CAR,CAR,14.0
2019,4,CHI,CHI,10.0
2019,4,CIN,CIN,24.0
2019,4,CLV,CLE,29.0
2019,4,DAL,DAL,14.0
2019,4,DEN,DEN,22.0
2019,4,DET,DET,14.0
2019,4,GB,GB,22.0
2019,4,HST,HOU,15.0
2019,4,IND,IND,18.0
2019,4,JAX,JAX,24.0
2019,4,KC,KC,31.0
2019,4,LA,LAR,42.0
2019,4,LAC,LAC,20.0
2019,4,MIA,MIA,20.0
2019,4,MIN,MIN,15.0
2019,4,NE,NE,22.0
2019,4,NO,NO,14.0
2019,4,NYG,NYG,14.0
2019,4,OAK,OAK,28.0
2019,4,PHI,PHI,22.0
2019,4,PIT,PIT,9.0
2019,4,SEA,SEA,11.0
2019,4,TB,TB,30.0
2019,4,TEN,TEN,7.0
2019,4,WAS,WAS,23.0
2019,5,ARZ,ARI,22.0
2019,5,ATL,ATL,50.0
2019,5,BLT,BAL,21.0
2019,5,BUF,BUF,11.0
2019,5,CAR,CAR,23.0
2019,5,CHI,CHI,6.0
2019,5,CIN,CIN,10.0
2019,5,CLV,CLE,29.0
2019,5,DAL,DAL,8.0
2019,5,DEN,DEN,15.0
2019,5,GB,GB,32.0
2019,5,HST,HOU,26.0
2019,5,IND,IND,18.0
2019,5,JAX,JAX,18.0
2019,5,KC,KC,12.0
2019,5,LA,LAR,32.0
2019,5,LAC,LAC,27.0
2019,5,MIN,MIN,14.0
2019,5,NE,NE,8.0
2019,5,NO,NO,18.0
2019,5,NYG,NYG,27.0
2019,5,NYJ,NYJ,19.0
2019,5,OAK,OAK,22.0
2019,5,PHI,PHI,14.0
2019,5,PIT,PIT,23.0
2019,5,SEA,SEA,18.0
2019,5,SF,SF,11.0
2019,5,TB,TB,32.0
2019,5,TEN,TEN,19.0
2019,5,WAS,WAS,31.0
2019,6,ARZ,ARI,34.0
2019,6,ATL,ATL,26.0
2019,6,BLT,BAL,9.0
2019,6,CAR,CAR,23.0
2019,6,CIN,CIN,18.0
2019,6,CLV,CLE,20.0
2019,6,DAL,DAL,22.0
2019,6,DEN,DEN,18.0
2019,6,DET,DET,26.0
2019,6,GB,GB,11.0
2019,6,HST,HOU,31.0
2019,6,JAX,JAX,18.0
2019,6,KC,KC,18.0
2019,6,LA,LAR,15.0
2019,6,LAC,LAC,15.0
2019,6,MIA,MIA,20.0
2019,6,MIN,MIN,22.0
2019,6,NE,NE,22.0
2019,6,NO,NO,10.0
2019,6,NYG,NYG,15.0
2019,6,NYJ,NYJ,9.0
2019,6,PHI,PHI,36.0
2019,6,PIT,PIT,24.0
2019,6,SEA,SEA,16.0
2019,6,SF,SF,8.0
2019,6,TB,TB,26.0
2019,6,TEN,TEN,13.0
2019,6,WAS,WAS,15.0
2019,7,ARZ,ARI,23.0
2019,7,ATL,ATL,24.0
2019,7,BLT,BAL,19.0
2019,7,BUF,BUF,23.0
2019,7,CHI,CHI,30.0
2019,7,CIN,CIN,16.0
2019,7,DAL,DAL,17.0
2019,7,DEN,DEN,24.0
2019,7,DET,DET,36.0
2019,7,GB,GB,24.0
2019,7,HST,HOU,31.0
2019,7,IND,IND,16.0
2019,7,JAX,JAX,20.0
2019,7,KC,KC,5.0
2019,7,LA,LAR,20.0
2019,7,LAC,LAC,20.0
2019,7,MIA,MIA,18.0
2019,7,MIN,MIN,30.0
2019,7,NE,NE,17.0
2019,7,NO,NO,18.0
2019,7,NYG,NYG,9.0
2019,7,NYJ,NYJ,17.0
2019,7,OAK,OAK,38.0
2019,7,PHI,PHI,20.0
2019,7,SEA,SEA,12.0
2019,7,SF,SF,14.0
2019,7,TEN,TEN,23.0
2019,7,WAS,WAS,14.0
2019,8,ARZ,ARI,31.0
2019,8,ATL,ATL,21.0
2019,8,BUF,BUF,12.0
2019,8,CAR,CAR,24.0
2019,8,CHI,CHI,17.0
2019,8,CIN,CIN,19.0
2019,8,CLV,CLE,26.0
2019,8,DEN,DEN,15.0
2019,8,DET,DET,30.0
2019,8,GB,GB,20.0
2019,8,HST,HOU,22.0
2019,8,IND,IND,14.0
2019,8,JAX,JAX,21.0
2019,8,KC,KC,24.0
2019,8,LA,LAR,10.0
2019,8,LAC,LAC,14.0
2019,8,MIA,MIA,24.0
2019,8,MIN,MIN,14.0
2019,8,NE,NE,16.0
2019,8,NO,NO,6.0
2019,8,NYG,NYG,30.0
2019,8,NYJ,NYJ,28.0
2019,8,OAK,OAK,26.0
2019,8,PHI,PHI,25.0
2019,8,PIT,PIT,26.0
2019,8,SEA,SEA,19.0
2019,8,SF,SF,8.0
2019,8,TB,TB,26.0
2019,8,TEN,TEN,20.0
2019,8,WAS,WAS,13.0
2019,9,ARZ,ARI,28.0
2019,9,BLT,BAL,18.0
2019,9,BUF,BUF,9.0
2019,9,CAR,CAR,21.0
2019,9,CHI,CHI,16.0
2019,9,CLV,CLE,21.0
2019,9,DAL,DAL,18.0
2019,9,DEN,DEN,15.0
2019,9,DET,DET,20.0
2019,9,GB,GB,15.0
2019,9,HST,HOU,13.0
2019,9,IND,IND,20.0
2019,9,JAX,JAX,26.0
2019,9,KC,KC,25.0
2019,9,LAC,LAC,12.0
2019,9,MIA,MIA,17.0
2019,9,MIN,MIN,16.0
2019,9,NE,NE,16.0
2019,9,NYG,NYG,34.0
2019,9,NYJ,NYJ,27.0
2019,9,OAK,OAK,24.0
2019,9,PHI,PHI,5.0
2019,9,PIT,PIT,29.0
2019,9,SEA,SEA,22.0
2019,9,SF,SF,14.0
2019,9,TB,TB,44.0
2019,9,TEN,TEN,22.0
2019,9,WAS,WAS,16.0
2019,10,ARZ,ARI,5.0
2019,10,ATL,ATL,4.0
2019,10,BLT,BAL,10.0
2019,10,BUF,BUF,1.0
2019,10,CAR,CAR,0.0
2019,10,CHI,CHI,6.0
2019,10,CIN,CIN,-2.0
2019,10,CLV,CLE,3.0
2019,10,DAL,DAL,0.0
2019,10,DET,DET,1.0
2019,10,GB,GB,5.0
2019,10,IND,IND,5.0
2019,10,KC,KC,2.0
2019,10,LA,LAR,8.0
2019,10,LAC,LAC,1.0
2019,10,MIA,MIA,12.0
2019,10,MIN,MIN,2.0
2019,10,NO,NO,2.0
2019,10,NYG,NYG,-1.0
2019,10,NYJ,NYJ,6.0
2019,10,OAK,OAK,8.0
2019,10,PIT,PIT,19.0
2019,10,SEA,SEA,7.0
2019,10,SF,SF,12.0
2019,10,TB,TB,4.0
2019,10,TEN,TEN,1.0
2019,11,ARZ,ARI,3.0
2019,11,ATL,ATL,21.0
2019,11,BLT,BAL,8.0
2019,11,BUF,BUF,1.0
2019,11,CAR,CAR,1.0
2019,11,CHI,CHI,7.0
2019,11,CIN,CIN,5.0
2019,11,CLV,CLE,14.0
2019,11,DAL,DAL,0.0
2019,11,DEN,DEN,2.0
2019,11,DET,DET,1.0
2019,11,HST,HOU,-4.0
2019,11,IND,IND,6.0
2019,11,JAX,JAX,3.0
2019,11,KC,KC,11.0
2019,11,LA,LAR,6.0
2019,11,LAC,LAC,2.0
2019,11,MIA,MIA,4.0
2019,11,MIN,MIN,2.0
2019,11,NE,NE,6.0
2019,11,NO,NO,9.0
2019,11,NYJ,NYJ,3.0
2019,11,OAK,OAK,8.0
2019,11,PHI,PHI,1.0
2019,11,PIT,PIT,0.0
2019,11,SF,SF,2.0
2019,11,TB,TB,1.0
2019,11,WAS,WAS,3.0
2019,12,ATL,ATL,3.0
2019,12,BLT,BAL,13.0
2019,12,BUF,BUF,9.0
2019,12,CAR,CAR,1.0
2019,12,CHI,CHI,3.0
2019,12,CIN,CIN,3.0
2019,12,CLV,CLE,8.0
2019,12,DAL,DAL,6.0
2019,12,DEN,DEN,3.0
2019,12,DET,DET,5.0
2019,12,GB,GB,-4.0
2019,12,HST,HOU,1.0
2019,12,IND,IND,5.0
2019,12,JAX,JAX,0.0
2019,12,LA,LAR,-4.0
2019,12,MIA,MIA,-2.0
2019,12,NE,NE,10.0
2019,12,NO,NO,1.0
2019,12,NYG,NYG,5.0
2019,12,NYJ,NYJ,9.0
2019,12,OAK,OAK,-1.0
2019,12,PHI,PHI,5.0
2019,12,PIT,PIT,10.0
2019,12,SEA,SEA,14.0
2019,12,SF,SF,9.0
2019,12,TB,TB,6.0
2019,12,TEN,TEN,1.0
2019,12,WAS,WAS,17.0
