,Id,First Name,Last Name,Position,Team,Opponent,Game,Time,Salary,FPPG,Injury Status,Starting,QB,TE,RB,DEF,WR,player,key
0,nfl.t.22,Arizona,Cardinals,DEF,ARI,BAL,ARI@BAL,1:00PM EDT,12,7.0, ,No,0,0,0,1,0,ARI,ARI
1,nfl.t.33,Baltimore,Ravens,DEF,BAL,ARI,ARI@BAL,1:00PM EDT,20,13.0, ,No,0,0,0,1,0,BAL,BAL
2,nfl.p.6762,Larry,Fitzgerald,WR,ARI,BAL,ARI@BAL,1:00PM EDT,17,21.3, ,No,0,0,0,0,1,LarryFitzgerald,LARRYFITZGERALD
3,nfl.p.24961,Charles,Clay,TE,ARI,BAL,ARI@BAL,1:00PM EDT,10,1.0, ,No,0,1,0,0,0,CharlesClay,CHARLESCLAY
4,nfl.p.28443,Maxx,Williams,TE,ARI,BAL,ARI@BAL,1:00PM EDT,10,2.0, ,No,0,1,0,0,0,MaxxWilliams,MAXXWILLIAMS
5,nfl.p.28474,David,Johnson,RB,ARI,BAL,ARI@BAL,1:00PM EDT,25,22.7, ,No,0,0,1,0,0,DavidJohnson,DAVIDJOHNSON
6,nfl.p.28535,Brett,Hundley,QB,ARI,BAL,ARI@BAL,1:00PM EDT,20,0.0, ,No,1,0,0,0,0,BrettHundley,BRETTHUNDLEY
7,nfl.p.28730,Damiere,Byrd,WR,ARI,BAL,ARI@BAL,1:00PM EDT,10,6.2, ,No,0,0,0,0,1,DamiereByrd,DAMIEREBYRD
8,nfl.p.29872,D.J.,Foster,RB,ARI,BAL,ARI@BAL,1:00PM EDT,10,0.0, ,No,0,0,1,0,0,D.J.Foster,DJFOSTER
9,nfl.p.31017,Christian,Kirk,WR,ARI,BAL,ARI@BAL,1:00PM EDT,13,8.4, ,No,0,0,0,0,1,ChristianKirk,CHRISTIANKIRK
10,nfl.p.31104,Chase,Edmonds,RB,ARI,BAL,ARI@BAL,1:00PM EDT,10,0.5, ,No,0,0,1,0,0,ChaseEdmonds,CHASEEDMONDS
11,nfl.p.31320,Trent,Sherfield,WR,ARI,BAL,ARI@BAL,1:00PM EDT,10,0.0, ,No,0,0,0,0,1,TrentSherfield,TRENTSHERFIELD
12,nfl.p.31833,Kyler,Murray,QB,ARI,BAL,ARI@BAL,1:00PM EDT,23,22.6, ,No,1,0,0,0,0,KylerMurray,KYLERMURRAY
13,nfl.p.31894,Andy,Isabella,WR,ARI,BAL,ARI@BAL,1:00PM EDT,10,0.0, ,No,0,0,0,0,1,AndyIsabella,ANDYISABELLA
15,nfl.p.32006,KeeSean,Johnson,WR,ARI,BAL,ARI@BAL,1:00PM EDT,11,7.1, ,No,0,0,0,0,1,KeeSeanJohnson,KEESEANJOHNSON
16,nfl.p.24815,Mark,Ingram II,RB,BAL,ARI,ARI@BAL,1:00PM EDT,23,22.7, ,No,0,0,1,0,0,MarkIngram II,MARKINGRAMII
17,nfl.p.25712,Robert,Griffin III,QB,BAL,ARI,ARI@BAL,1:00PM EDT,20,7.1, ,No,1,0,0,0,0,RobertGriffin III,ROBERTGRIFFINIII
18,nfl.p.28026,Willie,Snead IV,WR,BAL,ARI,ARI@BAL,1:00PM EDT,15,11.1, ,No,0,0,0,0,1,WillieSnead IV,WILLIESNEADIV
19,nfl.p.28214,Seth,Roberts,WR,BAL,ARI,ARI@BAL,1:00PM EDT,10,1.5, ,No,0,0,0,0,1,SethRoberts,SETHROBERTS
20,nfl.p.28559,Nick,Boyle,TE,BAL,ARI,ARI@BAL,1:00PM EDT,10,4.1, ,No,0,1,0,0,0,NickBoyle,NICKBOYLE
21,nfl.p.29341,Chris,Moore,WR,BAL,ARI,ARI@BAL,1:00PM EDT,10,2.3, ,No,0,0,0,0,1,ChrisMoore,CHRISMOORE
22,nfl.p.30592,Patrick,Ricard,RB,BAL,ARI,ARI@BAL,1:00PM EDT,10,6.6, ,No,0,0,1,0,0,PatrickRicard,PATRICKRICARD
23,nfl.p.30995,Hayden,Hurst,TE,BAL,ARI,ARI@BAL,1:00PM EDT,10,5.6, ,No,0,1,0,0,0,HaydenHurst,HAYDENHURST
24,nfl.p.31002,Lamar,Jackson,QB,BAL,ARI,ARI@BAL,1:00PM EDT,31,33.6, ,No,1,0,0,0,0,LamarJackson,LAMARJACKSON
25,nfl.p.31056,Mark,Andrews,TE,BAL,ARI,ARI@BAL,1:00PM EDT,16,20.8, ,No,0,1,0,0,0,MarkAndrews,MARKANDREWS
26,nfl.p.31102,Jaleel,Scott,WR,BAL,ARI,ARI@BAL,1:00PM EDT,10,0.0, ,No,0,0,0,0,1,JaleelScott,JALEELSCOTT
27,nfl.p.31424,Gus,Edwards,RB,BAL,ARI,ARI@BAL,1:00PM EDT,16,5.6, ,No,0,0,1,0,0,GusEdwards,GUSEDWARDS
29,nfl.p.31925,Miles,Boykin,WR,BAL,ARI,ARI@BAL,1:00PM EDT,12,7.0, ,No,0,0,0,0,1,MilesBoykin,MILESBOYKIN
30,nfl.p.31945,Justice,Hill,RB,BAL,ARI,ARI@BAL,1:00PM EDT,13,2.7, ,No,0,0,1,0,0,JusticeHill,JUSTICEHILL
31,nfl.p.32029,Trace,McSorley,QB,BAL,ARI,ARI@BAL,1:00PM EDT,20,0.0, ,No,1,0,0,0,0,TraceMcSorley,TRACEMCSORLEY
32,nfl.p.9274,Michael,Crabtree,WR,ARI,BAL,ARI@BAL,1:00PM EDT,10,7.2, ,No,0,0,0,0,1,MichaelCrabtree,MICHAELCRABTREE
33,nfl.p.30523,Darrell,Daniels,TE,ARI,BAL,ARI@BAL,1:00PM EDT,10,0.0, ,No,0,1,0,0,0,DarrellDaniels,DARRELLDANIELS
34,nfl.t.25,San Francisco,49ers,DEF,SF,CIN,SF@CIN,1:00PM EDT,13,27.0, ,No,0,0,0,1,0,SF,SF
35,nfl.t.4,Cincinnati,Bengals,DEF,CIN,SF,SF@CIN,1:00PM EDT,13,6.0, ,No,0,0,0,1,0,CIN,CIN
36,nfl.p.26701,Marquise,Goodwin,WR,SF,CIN,SF@CIN,1:00PM EDT,13,1.2, ,No,0,0,0,0,1,MarquiseGoodwin,MARQUISEGOODWIN
37,nfl.p.26753,Kyle,Juszczyk,RB,SF,CIN,SF@CIN,1:00PM EDT,10,3.3, ,No,0,0,1,0,0,KyleJuszczyk,KYLEJUSZCZYK
38,nfl.p.26756,Levine,Toilolo,TE,SF,CIN,SF@CIN,1:00PM EDT,10,3.9, ,No,0,1,0,0,0,LevineToilolo,LEVINETOILOLO
39,nfl.p.27590,Jimmy,Garoppolo,QB,SF,CIN,SF@CIN,1:00PM EDT,25,11.4, ,No,1,0,0,0,0,JimmyGaroppolo,JIMMYGAROPPOLO
41,nfl.p.28654,Raheem,Mostert,RB,SF,CIN,SF@CIN,1:00PM EDT,13,4.5, ,No,0,0,1,0,0,RaheemMostert,RAHEEMMOSTERT
42,nfl.p.30217,C.J.,Beathard,QB,SF,CIN,SF@CIN,1:00PM EDT,20,16.4, ,No,1,0,0,0,0,C.J.Beathard,CJBEATHARD
43,nfl.p.30259,George,Kittle,TE,SF,CIN,SF@CIN,1:00PM EDT,29,9.4, ,No,0,1,0,0,0,GeorgeKittle,GEORGEKITTLE
44,nfl.p.30290,Trent,Taylor,WR,SF,CIN,SF@CIN,1:00PM EDT,10,3.3,D,No,0,0,0,0,1,TrentTaylor,TRENTTAYLOR
45,nfl.p.30551,Kendrick,Bourne,WR,SF,CIN,SF@CIN,1:00PM EDT,10,1.4, ,No,0,0,0,0,1,KendrickBourne,KENDRICKBOURNE
46,nfl.p.30552,Matt,Breida,RB,SF,CIN,SF@CIN,1:00PM EDT,18,3.7, ,No,0,0,1,0,0,MattBreida,MATTBREIDA
47,nfl.p.30563,Nick,Mullens,QB,SF,CIN,SF@CIN,1:00PM EDT,20,16.7, ,No,1,0,0,0,0,NickMullens,NICKMULLENS
48,nfl.p.31014,Dante,Pettis,WR,SF,CIN,SF@CIN,1:00PM EDT,14,1.2, ,No,0,0,0,0,1,DantePettis,DANTEPETTIS
49,nfl.p.31210,Richie,James Jr.,WR,SF,CIN,SF@CIN,1:00PM EDT,10,10.4, ,No,0,0,0,0,1,RichieJames Jr.,RICHIEJAMESJR
50,nfl.p.31329,Ross,Dwelley,TE,SF,CIN,SF@CIN,1:00PM EDT,10,0.8, ,No,0,1,0,0,0,RossDwelley,ROSSDWELLEY
51,nfl.p.31868,Deebo,Samuel,WR,SF,CIN,SF@CIN,1:00PM EDT,11,3.2, ,No,0,0,0,0,1,DeeboSamuel,DEEBOSAMUEL
53,nfl.p.32008,Kaden,Smith,TE,SF,CIN,SF@CIN,1:00PM EDT,10,0.0, ,No,0,1,0,0,0,KadenSmith,KADENSMITH
54,nfl.p.8497,Clark,Harris,TE,CIN,SF,SF@CIN,1:00PM EDT,10,0.0, ,No,0,1,0,0,0,ClarkHarris,CLARKHARRIS
56,nfl.p.24822,Andy,Dalton,QB,CIN,SF,SF@CIN,1:00PM EDT,25,20.7, ,No,1,0,0,0,0,AndyDalton,ANDYDALTON
57,nfl.p.26644,Tyler,Eifert,TE,CIN,SF,SF@CIN,1:00PM EDT,12,5.2, ,No,0,1,0,0,0,TylerEifert,TYLEREIFERT
58,nfl.p.26660,Giovani,Bernard,RB,CIN,SF,SF@CIN,1:00PM EDT,14,7.3, ,No,0,0,1,0,0,GiovaniBernard,GIOVANIBERNARD
59,nfl.p.28545,C.J.,Uzomah,TE,CIN,SF,SF@CIN,1:00PM EDT,11,8.6, ,No,0,1,0,0,0,C.J.Uzomah,CJUZOMAH
60,nfl.p.29288,Tyler,Boyd,WR,CIN,SF,SF@CIN,1:00PM EDT,20,10.3, ,No,0,0,0,0,1,TylerBoyd,TYLERBOYD
61,nfl.p.29703,Alex,Erickson,WR,CIN,SF,SF@CIN,1:00PM EDT,10,2.8, ,No,0,0,0,0,1,AlexErickson,ALEXERICKSON
62,nfl.p.30122,John,Ross III,WR,CIN,SF,SF@CIN,1:00PM EDT,16,31.3, ,No,0,0,0,0,1,JohnRoss III,JOHNROSSIII
64,nfl.p.30577,Cethan,Carter,TE,CIN,SF,SF@CIN,1:00PM EDT,10,0.0, ,No,0,1,0,0,0,CethanCarter,CETHANCARTER
65,nfl.p.31223,Auden,Tate,WR,CIN,SF,SF@CIN,1:00PM EDT,10,1.4, ,No,0,0,0,0,1,AudenTate,AUDENTATE
66,nfl.p.31884,Drew,Sample,TE,CIN,SF,SF@CIN,1:00PM EDT,10,0.0, ,No,0,1,0,0,0,DrewSample,DREWSAMPLE
67,nfl.p.31936,Ryan,Finley,QB,CIN,SF,SF@CIN,1:00PM EDT,20,0.0, ,No,1,0,0,0,0,RyanFinley,RYANFINLEY
69,nfl.p.32464,Jake,Dolegala,QB,CIN,SF,SF@CIN,1:00PM EDT,20,0.0, ,No,1,0,0,0,0,JakeDolegala,JAKEDOLEGALA
70,nfl.p.32471,Damion,Willis,WR,CIN,SF,SF@CIN,1:00PM EDT,10,4.5, ,No,0,0,0,0,1,DamionWillis,DAMIONWILLIS
71,nfl.p.29351,Pharoh,Cooper,WR,CIN,SF,SF@CIN,1:00PM EDT,10,0.0, ,No,0,0,0,0,1,PharohCooper,PHAROHCOOPER
72,nfl.p.30227,Samaje,Perine,RB,CIN,SF,SF@CIN,1:00PM EDT,10,0.0, ,No,0,0,1,0,0,SamajePerine,SAMAJEPERINE
73,nfl.p.31557,Devonte,Boyd,WR,CIN,SF,SF@CIN,1:00PM EDT,10,0.0, ,No,0,0,0,0,1,DevonteBoyd,DEVONTEBOYD
75,nfl.p.29441,Jeff,Driskel,QB,CIN,SF,SF@CIN,1:00PM EDT,20,10.9, ,No,1,0,0,0,0,JeffDriskel,JEFFDRISKEL
77,nfl.p.32325,Shawn,Poindexter,WR,SF,CIN,SF@CIN,1:00PM EDT,10,0.0, ,No,0,0,0,0,1,ShawnPoindexter,SHAWNPOINDEXTER
78,nfl.p.6763,Philip,Rivers,QB,LAC,DET,LAC@DET,1:00PM EDT,32,24.9, ,No,1,0,0,0,0,PhilipRivers,PHILIPRIVERS
79,nfl.p.24967,Tyrod,Taylor,QB,LAC,DET,LAC@DET,1:00PM EDT,20,0.0, ,No,1,0,0,0,0,TyrodTaylor,TYRODTAYLOR
80,nfl.p.24991,Virgil,Green,TE,LAC,DET,LAC@DET,1:00PM EDT,10,0.9, ,No,0,1,0,0,0,VirgilGreen,VIRGILGREEN
81,nfl.p.25810,Travis,Benjamin,WR,LAC,DET,LAC@DET,1:00PM EDT,10,2.2, ,No,0,0,0,0,1,TravisBenjamin,TRAVISBENJAMIN
82,nfl.p.26699,Keenan,Allen,WR,LAC,DET,LAC@DET,1:00PM EDT,24,22.3, ,No,0,0,0,0,1,KeenanAllen,KEENANALLEN
83,nfl.p.28511,Vince,Mayle,TE,LAC,DET,LAC@DET,1:00PM EDT,10,0.0, ,No,0,1,0,0,0,VinceMayle,VINCEMAYLE
86,nfl.p.29432,Derek,Watt,RB,LAC,DET,LAC@DET,1:00PM EDT,10,0.4, ,No,0,0,1,0,0,DerekWatt,DEREKWATT
87,nfl.p.30061,Troymaine,Pope,RB,LAC,DET,LAC@DET,1:00PM EDT,10,0.0, ,No,0,0,1,0,0,TroymainePope,TROYMAINEPOPE
89,nfl.p.30420,Sean,Culkin,TE,LAC,DET,LAC@DET,1:00PM EDT,10,2.9, ,No,0,1,0,0,0,SeanCulkin,SEANCULKIN
90,nfl.p.30423,Austin,Ekeler,RB,LAC,DET,LAC@DET,1:00PM EDT,28,36.4, ,No,0,0,1,0,0,AustinEkeler,AUSTINEKELER
91,nfl.p.31221,Justin,Jackson,RB,LAC,DET,LAC@DET,1:00PM EDT,15,6.6, ,No,0,0,1,0,0,JustinJackson,JUSTINJACKSON
92,nfl.p.9037,Danny,Amendola,WR,DET,LAC,LAC@DET,1:00PM EDT,14,19.9, ,No,0,0,0,0,1,DannyAmendola,DANNYAMENDOLA
93,nfl.p.9265,Matthew,Stafford,QB,DET,LAC,LAC@DET,1:00PM EDT,27,27.6, ,No,1,0,0,0,0,MatthewStafford,MATTHEWSTAFFORD
94,nfl.p.25876,Marvin,Jones Jr.,WR,DET,LAC,LAC@DET,1:00PM EDT,14,8.0, ,No,0,0,0,0,1,MarvinJones Jr.,MARVINJONESJR
95,nfl.p.26878,C.J.,Anderson,RB,DET,LAC,LAC@DET,1:00PM EDT,12,3.5, ,No,0,0,1,0,0,C.J.Anderson,CJANDERSON
96,nfl.p.27648,Logan,Thomas,TE,DET,LAC,LAC@DET,1:00PM EDT,10,1.8, ,No,0,1,0,0,0,LoganThomas,LOGANTHOMAS
97,nfl.p.28548,Jesse,James,TE,DET,LAC,LAC@DET,1:00PM EDT,10,2.0, ,No,0,1,0,0,0,JesseJames,JESSEJAMES
98,nfl.p.30209,Kenny,Golladay,WR,DET,LAC,LAC@DET,1:00PM EDT,16,12.2, ,No,0,0,0,0,1,KennyGolladay,KENNYGOLLADAY
99,nfl.p.31013,Kerryon,Johnson,RB,DET,LAC,LAC@DET,1:00PM EDT,21,7.2, ,No,0,0,1,0,0,KerryonJohnson,KERRYONJOHNSON
100,nfl.p.31207,Nick,Bawden,RB,DET,LAC,LAC@DET,1:00PM EDT,10,0.5, ,No,0,0,1,0,0,NickBawden,NICKBAWDEN
101,nfl.p.31651,Chris,Lacy,WR,DET,LAC,LAC@DET,1:00PM EDT,10,0.0, ,No,0,0,0,0,1,ChrisLacy,CHRISLACY
102,nfl.t.24,Los Angeles,Chargers,DEF,LAC,DET,LAC@DET,1:00PM EDT,14,2.0, ,No,0,0,0,1,0,LAC,LAC
103,nfl.t.8,Detroit,Lions,DEF,DET,LAC,LAC@DET,1:00PM EDT,12,7.0, ,No,0,0,0,1,0,DET,DET
104,nfl.p.31998,Easton,Stick,QB,LAC,DET,LAC@DET,1:00PM EDT,20,0.0, ,No,1,0,0,0,0,EastonStick,EASTONSTICK
105,nfl.p.31840,T.J.,Hockenson,TE,DET,LAC,LAC@DET,1:00PM EDT,17,22.1, ,No,0,1,0,0,0,T.J.Hockenson,TJHOCKENSON
106,nfl.p.32016,Travis,Fulgham,WR,DET,LAC,LAC@DET,1:00PM EDT,10,0.0, ,No,0,0,0,0,1,TravisFulgham,TRAVISFULGHAM
107,nfl.p.32018,Ty,Johnson,RB,DET,LAC,LAC@DET,1:00PM EDT,10,0.6, ,No,0,0,1,0,0,TyJohnson,TYJOHNSON
108,nfl.p.25120,Dontrelle,Inman,WR,LAC,DET,LAC@DET,1:00PM EDT,10,1.0, ,No,0,0,0,0,1,DontrelleInman,DONTRELLEINMAN
109,nfl.p.8937,Josh,Johnson,QB,DET,LAC,LAC@DET,1:00PM EDT,20,13.4, ,No,1,0,0,0,0,JoshJohnson,JOSHJOHNSON
110,nfl.p.29650,J.D.,McKissic,RB,DET,LAC,LAC@DET,1:00PM EDT,10,3.4, ,No,0,0,1,0,0,J.D.McKissic,JDMCKISSIC
111,nfl.p.32272,David,Blough,QB,DET,LAC,LAC@DET,1:00PM EDT,20,0.0, ,No,1,0,0,0,0,DavidBlough,DAVIDBLOUGH
112,nfl.p.31325,Andrew,Vollert,TE,LAC,DET,LAC@DET,1:00PM EDT,10,0.0, ,No,0,1,0,0,0,AndrewVollert,ANDREWVOLLERT
115,nfl.t.16,Minnesota,Vikings,DEF,MIN,GB,MIN@GB,1:00PM EDT,17,16.0, ,No,0,0,0,1,0,MIN,MIN
116,nfl.t.9,Green Bay,Packers,DEF,GB,MIN,MIN@GB,1:00PM EDT,12,14.0, ,No,0,0,0,1,0,GB,GB
117,nfl.p.24830,Kyle,Rudolph,TE,MIN,GB,MIN@GB,1:00PM EDT,16,0.0, ,No,0,1,0,0,0,KyleRudolph,KYLERUDOLPH
118,nfl.p.25812,Kirk,Cousins,QB,MIN,GB,MIN@GB,1:00PM EDT,27,14.3, ,No,1,0,0,0,0,KirkCousins,KIRKCOUSINS
119,nfl.p.27277,Adam,Thielen,WR,MIN,GB,MIN@GB,1:00PM EDT,28,11.8, ,No,0,0,0,0,1,AdamThielen,ADAMTHIELEN
120,nfl.p.28442,Ameer,Abdullah,RB,MIN,GB,MIN@GB,1:00PM EDT,10,0.8, ,No,0,0,1,0,0,AmeerAbdullah,AMEERABDULLAH
121,nfl.p.28477,Sean,Mannion,QB,MIN,GB,MIN@GB,1:00PM EDT,20,0.0, ,No,1,0,0,0,0,SeanMannion,SEANMANNION
122,nfl.p.28534,Stefon,Diggs,WR,MIN,GB,MIN@GB,1:00PM EDT,22,4.7, ,No,0,0,0,0,1,StefonDiggs,STEFONDIGGS
123,nfl.p.29951,C.J.,Ham,RB,MIN,GB,MIN@GB,1:00PM EDT,10,1.1, ,No,0,0,1,0,0,C.J.Ham,CJHAM
124,nfl.p.30154,Dalvin,Cook,RB,MIN,GB,MIN@GB,1:00PM EDT,30,25.0, ,No,0,0,1,0,0,DalvinCook,DALVINCOOK
125,nfl.p.31127,Tyler,Conklin,TE,MIN,GB,MIN@GB,1:00PM EDT,10,2.6, ,No,0,1,0,0,0,TylerConklin,TYLERCONKLIN
126,nfl.p.31228,Mike,Boone,RB,MIN,GB,MIN@GB,1:00PM EDT,10,1.0, ,No,0,0,1,0,0,MikeBoone,MIKEBOONE
127,nfl.p.31508,Chad,Beebe,WR,MIN,GB,MIN@GB,1:00PM EDT,10,1.4, ,No,0,0,0,0,1,ChadBeebe,CHADBEEBE
128,nfl.p.31882,Irv,Smith Jr.,TE,MIN,GB,MIN@GB,1:00PM EDT,10,0.0, ,No,0,1,0,0,0,IrvSmith Jr.,IRVSMITHJR
129,nfl.p.31934,Alexander,Mattison,RB,MIN,GB,MIN@GB,1:00PM EDT,12,4.9, ,No,0,0,1,0,0,AlexanderMattison,ALEXANDERMATTISON
130,nfl.p.32079,Olabisi,Johnson,WR,MIN,GB,MIN@GB,1:00PM EDT,10,0.0, ,No,0,0,0,0,1,OlabisiJohnson,OLABISIJOHNSON
131,nfl.p.32142,Brandon,Dillon,TE,MIN,GB,MIN@GB,1:00PM EDT,10,0.0, ,No,0,1,0,0,0,BrandonDillon,BRANDONDILLON
132,nfl.p.7200,Aaron,Rodgers,QB,GB,MIN,MIN@GB,1:00PM EDT,33,12.9, ,No,1,0,0,0,0,AaronRodgers,AARONRODGERS
133,nfl.p.7777,Marcedes,Lewis,TE,GB,MIN,MIN@GB,1:00PM EDT,10,2.4, ,No,0,1,0,0,0,MarcedesLewis,MARCEDESLEWIS
135,nfl.p.27581,Davante,Adams,WR,GB,MIN,MIN@GB,1:00PM EDT,28,5.6, ,No,0,0,0,0,1,DavanteAdams,DAVANTEADAMS
136,nfl.p.28974,Jake,Kumerow,WR,GB,MIN,MIN@GB,1:00PM EDT,10,4.1, ,No,0,0,0,0,1,JakeKumerow,JAKEKUMEROW
137,nfl.p.29397,Trevor,Davis,WR,GB,MIN,MIN@GB,1:00PM EDT,10,3.3, ,No,0,0,0,0,1,TrevorDavis,TREVORDAVIS
138,nfl.p.29431,Danny,Vitale,RB,GB,MIN,MIN@GB,1:00PM EDT,10,0.4, ,No,0,0,1,0,0,DannyVitale,DANNYVITALE
139,nfl.p.29719,Geronimo,Allison,WR,GB,MIN,MIN@GB,1:00PM EDT,11,10.5, ,No,0,0,0,0,1,GeronimoAllison,GERONIMOALLISON
140,nfl.p.30247,Jamaal,Williams,RB,GB,MIN,MIN@GB,1:00PM EDT,13,2.5, ,No,0,0,1,0,0,JamaalWilliams,JAMAALWILLIAMS
141,nfl.p.30295,Aaron,Jones,RB,GB,MIN,MIN@GB,1:00PM EDT,18,4.4, ,No,0,0,1,0,0,AaronJones,AARONJONES
142,nfl.p.30777,Robert,Tonyan,TE,GB,MIN,MIN@GB,1:00PM EDT,10,3.3, ,No,0,1,0,0,0,RobertTonyan,ROBERTTONYAN
143,nfl.p.31144,Marquez,Valdes-Scantling,WR,GB,MIN,MIN@GB,1:00PM EDT,10,7.2, ,No,0,0,0,0,1,MarquezValdes-Scantling,MARQUEZVALDESSCANTLING
144,nfl.p.31268,Allen,Lazard,WR,GB,MIN,MIN@GB,1:00PM EDT,10,1.2, ,No,0,0,0,0,1,AllenLazard,ALLENLAZARD
145,nfl.p.31431,Tim,Boyle,QB,GB,MIN,MIN@GB,1:00PM EDT,20,0.0, ,No,1,0,0,0,0,TimBoyle,TIMBOYLE
146,nfl.p.32026,Dexter,Williams,RB,GB,MIN,MIN@GB,1:00PM EDT,10,0.0, ,No,0,0,1,0,0,DexterWilliams,DEXTERWILLIAMS
152,nfl.t.30,Jacksonville,Jaguars,DEF,JAX,HOU,JAX@HOU,1:00PM EDT,15,-4.0, ,No,0,0,0,1,0,JAX,JAX
153,nfl.t.34,Houston,Texans,DEF,HOU,JAX,JAX@HOU,1:00PM EDT,21,2.0, ,No,0,0,0,1,0,HOU,HOU
156,nfl.p.28464,Chris,Conley,WR,JAX,HOU,JAX@HOU,1:00PM EDT,14,18.7, ,No,0,0,0,0,1,ChrisConley,CHRISCONLEY
157,nfl.p.28561,James,O'Shaughnessy,TE,JAX,HOU,JAX@HOU,1:00PM EDT,10,5.2, ,No,0,1,0,0,0,JamesO'Shaughnessy,JAMESOSHAUGHNESSY
158,nfl.p.28634,Geoff,Swaim,TE,JAX,HOU,JAX@HOU,1:00PM EDT,13,3.7, ,No,0,1,0,0,0,GeoffSwaim,GEOFFSWAIM
159,nfl.p.30117,Leonard,Fournette,RB,JAX,HOU,JAX@HOU,1:00PM EDT,20,9.4, ,No,0,0,1,0,0,LeonardFournette,LEONARDFOURNETTE
160,nfl.p.30223,Dede,Westbrook,WR,JAX,HOU,JAX@HOU,1:00PM EDT,16,11.7, ,No,0,0,0,0,1,DedeWestbrook,DEDEWESTBROOK
161,nfl.p.30396,Keelan,Cole,WR,JAX,HOU,JAX@HOU,1:00PM EDT,10,5.4, ,No,0,0,0,0,1,KeelanCole,KEELANCOLE
162,nfl.p.30513,C.J.,Board,WR,JAX,HOU,JAX@HOU,1:00PM EDT,10,0.0, ,No,0,0,0,0,1,C.J.Board,CJBOARD
163,nfl.p.31031,DJ,Chark Jr.,WR,JAX,HOU,JAX@HOU,1:00PM EDT,15,22.6, ,No,0,0,0,0,1,DJChark Jr.,DJCHARKJR
165,nfl.p.31972,Ryquell,Armstead,RB,JAX,HOU,JAX@HOU,1:00PM EDT,10,0.7, ,No,0,0,1,0,0,RyquellArmstead,RYQUELLARMSTEAD
166,nfl.p.32010,Gardner,Minshew II,QB,JAX,HOU,JAX@HOU,1:00PM EDT,23,18.6, ,No,1,0,0,0,0,GardnerMinshew II,GARDNERMINSHEWII
168,nfl.p.24912,Taiwan,Jones,RB,HOU,JAX,JAX@HOU,1:00PM EDT,10,0.0, ,No,0,0,1,0,0,TaiwanJones,TAIWANJONES
169,nfl.p.26612,Darren,Fells,TE,HOU,JAX,JAX@HOU,1:00PM EDT,10,0.0, ,No,0,1,0,0,0,DarrenFells,DARRENFELLS
171,nfl.p.27692,AJ,McCarron,QB,HOU,JAX,JAX@HOU,1:00PM EDT,20,0.1, ,No,1,0,0,0,0,AJMcCarron,AJMCCARRON
172,nfl.p.28947,DeAndre,Carter,WR,HOU,JAX,JAX@HOU,1:00PM EDT,10,0.4, ,No,0,0,0,0,1,DeAndreCarter,DEANDRECARTER
173,nfl.p.29255,Will,Fuller V,WR,HOU,JAX,JAX@HOU,1:00PM EDT,15,7.9, ,No,0,0,0,0,1,WillFuller V,WILLFULLERV
174,nfl.p.29418,Jerell,Adams,TE,HOU,JAX,JAX@HOU,1:00PM EDT,10,0.0, ,No,0,1,0,0,0,JerellAdams,JERELLADAMS
175,nfl.p.30125,Deshaun,Watson,QB,HOU,JAX,JAX@HOU,1:00PM EDT,36,31.7, ,No,1,0,0,0,0,DeshaunWatson,DESHAUNWATSON
176,nfl.p.31068,Jordan,Akins,TE,HOU,JAX,JAX@HOU,1:00PM EDT,10,2.2, ,No,0,1,0,0,0,JordanAkins,JORDANAKINS
177,nfl.p.31073,Keke,Coutee,WR,HOU,JAX,JAX@HOU,1:00PM EDT,10,10.2, ,No,0,0,0,0,1,KekeCoutee,KEKECOUTEE
178,nfl.p.31537,Buddy,Howell,RB,HOU,JAX,JAX@HOU,1:00PM EDT,10,0.0, ,No,0,0,1,0,0,BuddyHowell,BUDDYHOWELL
179,nfl.p.32052,Cullen,Gillaspia,RB,HOU,JAX,JAX@HOU,1:00PM EDT,10,0.0, ,No,0,0,1,0,0,CullenGillaspia,CULLENGILLASPIA
180,nfl.p.29353,Tyler,Ervin,RB,JAX,HOU,JAX@HOU,1:00PM EDT,10,0.0, ,No,0,0,1,0,0,TylerErvin,TYLERERVIN
181,nfl.p.29372,Seth,DeValve,TE,JAX,HOU,JAX@HOU,1:00PM EDT,10,2.3, ,No,0,1,0,0,0,SethDeValve,SETHDEVALVE
182,nfl.p.32306,Matt,Orzech,TE,JAX,HOU,JAX@HOU,1:00PM EDT,10,0.0, ,No,0,1,0,0,0,MattOrzech,MATTORZECH
183,nfl.p.32390,Devine,Ozigbo,RB,JAX,HOU,JAX@HOU,1:00PM EDT,10,0.0, ,No,0,0,1,0,0,DevineOzigbo,DEVINEOZIGBO
184,nfl.p.24608,Logan,Paulsen,TE,HOU,JAX,JAX@HOU,1:00PM EDT,10,2.8, ,No,0,1,0,0,0,LoganPaulsen,LOGANPAULSEN
185,nfl.p.26767,Kenny,Stills,WR,HOU,JAX,JAX@HOU,1:00PM EDT,11,11.2, ,No,0,0,0,0,1,KennyStills,KENNYSTILLS
186,nfl.p.27585,Carlos,Hyde,RB,HOU,JAX,JAX@HOU,1:00PM EDT,12,9.0, ,No,0,0,1,0,0,CarlosHyde,CARLOSHYDE
187,nfl.p.28465,Duke,Johnson,RB,HOU,JAX,JAX@HOU,1:00PM EDT,16,11.0, ,No,0,0,1,0,0,DukeJohnson,DUKEJOHNSON
196,nfl.p.9496,Julian,Edelman,WR,NE,MIA,NE@MIA,1:00PM EDT,19,13.4, ,No,0,0,0,0,1,JulianEdelman,JULIANEDELMAN
198,nfl.p.27658,James,White,RB,NE,MIA,NE@MIA,1:00PM EDT,22,10.7, ,No,0,0,1,0,0,JamesWhite,JAMESWHITE
200,nfl.t.17,New England,Patriots,DEF,NE,MIA,NE@MIA,1:00PM EDT,22,10.0, ,No,0,0,0,1,0,NE,NE
201,nfl.t.15,Miami,Dolphins,DEF,MIA,NE,NE@MIA,1:00PM EDT,10,-3.0, ,No,0,0,0,1,0,MIA,MIA
202,nfl.p.5228,Tom,Brady,QB,NE,MIA,NE@MIA,1:00PM EDT,39,25.6, ,No,1,0,0,0,0,TomBrady,TOMBRADY
204,nfl.p.8930,Matthew,Slater,WR,NE,MIA,NE@MIA,1:00PM EDT,10,0.0, ,No,0,0,0,0,1,MatthewSlater,MATTHEWSLATER
206,nfl.p.24760,James,Develin,RB,NE,MIA,NE@MIA,1:00PM EDT,10,2.3, ,No,0,0,1,0,0,JamesDevelin,JAMESDEVELIN
207,nfl.p.26813,Rex,Burkhead,RB,NE,MIA,NE@MIA,1:00PM EDT,10,11.0, ,No,0,0,1,0,0,RexBurkhead,REXBURKHEAD
208,nfl.p.28417,Phillip,Dorsett II,WR,NE,MIA,NE@MIA,1:00PM EDT,14,23.5, ,No,0,0,0,0,1,PhillipDorsett II,PHILLIPDORSETTII
210,nfl.p.31001,Sony,Michel,RB,NE,MIA,NE@MIA,1:00PM EDT,25,1.4, ,No,0,0,1,0,0,SonyMichel,SONYMICHEL
211,nfl.p.31220,Ryan,Izzo,TE,NE,MIA,NE@MIA,1:00PM EDT,10,0.8, ,No,0,1,0,0,0,RyanIzzo,RYANIZZO
212,nfl.p.7426,Ryan,Fitzpatrick,QB,MIA,NE,NE@MIA,1:00PM EDT,22,11.2, ,No,1,0,0,0,0,RyanFitzpatrick,RYANFITZPATRICK
213,nfl.p.28402,DeVante,Parker,WR,MIA,NE,NE@MIA,1:00PM EDT,11,9.0, ,No,0,0,0,0,1,DeVanteParker,DEVANTEPARKER
214,nfl.p.28582,Nick,O'Leary,TE,MIA,NE,NE@MIA,1:00PM EDT,10,3.1, ,No,0,1,0,0,0,NickO'Leary,NICKOLEARY
215,nfl.p.29307,Kenyan,Drake,RB,MIA,NE,NE@MIA,1:00PM EDT,13,3.7, ,No,0,0,1,0,0,KenyanDrake,KENYANDRAKE
216,nfl.p.29420,Jakeem,Grant,WR,MIA,NE,NE@MIA,1:00PM EDT,10,-1.8, ,No,0,0,0,0,1,JakeemGrant,JAKEEMGRANT
217,nfl.p.30980,Josh,Rosen,QB,MIA,NE,NE@MIA,1:00PM EDT,20,-0.8, ,No,1,0,0,0,0,JoshRosen,JOSHROSEN
218,nfl.p.31012,Mike,Gesicki,TE,MIA,NE,NE@MIA,1:00PM EDT,10,4.1, ,No,0,1,0,0,0,MikeGesicki,MIKEGESICKI
219,nfl.p.31082,Mark,Walton,RB,MIA,NE,NE@MIA,1:00PM EDT,10,0.1, ,No,0,0,1,0,0,MarkWalton,MARKWALTON
220,nfl.p.31093,Durham,Smythe,TE,MIA,NE,NE@MIA,1:00PM EDT,10,1.0, ,No,0,1,0,0,0,DurhamSmythe,DURHAMSMYTHE
221,nfl.p.31919,Damien,Harris,RB,NE,MIA,NE@MIA,1:00PM EDT,10,0.0, ,No,0,0,1,0,0,DamienHarris,DAMIENHARRIS
222,nfl.p.31965,Jarrett,Stidham,QB,NE,MIA,NE@MIA,1:00PM EDT,22,0.0, ,No,1,0,0,0,0,JarrettStidham,JARRETTSTIDHAM
223,nfl.p.32231,Jakobi,Meyers,WR,NE,MIA,NE@MIA,1:00PM EDT,10,2.7, ,No,0,0,0,0,1,JakobiMeyers,JAKOBIMEYERS
224,nfl.p.31100,Kalen,Ballage,RB,MIA,NE,NE@MIA,1:00PM EDT,10,1.7, ,No,0,0,1,0,0,KalenBallage,KALENBALLAGE
225,nfl.p.32065,Chandler,Cox,RB,MIA,NE,NE@MIA,1:00PM EDT,10,0.0, ,No,0,0,1,0,0,ChandlerCox,CHANDLERCOX
226,nfl.p.32066,Myles,Gaskin,RB,MIA,NE,NE@MIA,1:00PM EDT,10,0.0, ,No,0,0,1,0,0,MylesGaskin,MYLESGASKIN
227,nfl.p.32439,Patrick,Laird,RB,MIA,NE,NE@MIA,1:00PM EDT,10,0.0, ,No,0,0,1,0,0,PatrickLaird,PATRICKLAIRD
228,nfl.p.32447,Preston,Williams,WR,MIA,NE,NE@MIA,1:00PM EDT,10,9.9, ,No,0,0,0,0,1,PrestonWilliams,PRESTONWILLIAMS
229,nfl.p.26561,Josh,Gordon,WR,NE,MIA,NE@MIA,1:00PM EDT,26,14.8, ,No,0,0,0,0,1,JoshGordon,JOSHGORDON
230,nfl.p.27874,Allen,Hurns,WR,MIA,NE,NE@MIA,1:00PM EDT,10,2.7, ,No,0,0,0,0,1,AllenHurns,ALLENHURNS
233,nfl.p.32612,Gunner,Olszewski,WR,NE,MIA,NE@MIA,1:00PM EDT,10,0.0, ,No,0,0,0,0,1,GunnerOlszewski,GUNNEROLSZEWSKI
234,nfl.p.24834,Lance,Kendricks,TE,NE,MIA,NE@MIA,1:00PM EDT,10,2.3, ,No,0,1,0,0,0,LanceKendricks,LANCEKENDRICKS
235,nfl.p.24171,Antonio,Brown,WR,NE,MIA,NE@MIA,1:00PM EDT,27,18.1, ,No,0,0,0,0,1,AntonioBrown,ANTONIOBROWN
236,nfl.t.2,Buffalo,Bills,DEF,BUF,NYG,BUF@NYG,1:00PM EDT,13,10.0, ,No,0,0,0,1,0,BUF,BUF
237,nfl.t.19,New York,Giants,DEF,NYG,BUF,BUF@NYG,1:00PM EDT,13,-4.0, ,No,0,0,0,1,0,NYG,NYG
238,nfl.p.7241,Frank,Gore,RB,BUF,NYG,BUF@NYG,1:00PM EDT,13,2.0, ,No,0,0,1,0,0,FrankGore,FRANKGORE
240,nfl.p.24946,Lee,Smith,TE,BUF,NYG,BUF@NYG,1:00PM EDT,10,0.0, ,No,0,1,0,0,0,LeeSmith,LEESMITH
241,nfl.p.25158,Patrick,DiMarco,RB,BUF,NYG,BUF@NYG,1:00PM EDT,10,1.9, ,No,0,0,1,0,0,PatrickDiMarco,PATRICKDIMARCO
243,nfl.p.26721,Matt,Barkley,QB,BUF,NYG,BUF@NYG,1:00PM EDT,20,17.1, ,No,1,0,0,0,0,MattBarkley,MATTBARKLEY
244,nfl.p.27619,John,Brown,WR,BUF,NYG,BUF@NYG,1:00PM EDT,19,21.8, ,No,0,0,0,0,1,JohnBrown,JOHNBROWN
245,nfl.p.28424,T.J.,Yeldon,RB,BUF,NYG,BUF@NYG,1:00PM EDT,10,10.4, ,No,0,0,1,0,0,T.J.Yeldon,TJYELDON
247,nfl.p.30150,Zay,Jones,WR,BUF,NYG,BUF@NYG,1:00PM EDT,10,2.8, ,No,0,0,0,0,1,ZayJones,ZAYJONES
248,nfl.p.30285,Isaiah,McKenzie,WR,BUF,NYG,BUF@NYG,1:00PM EDT,10,5.4, ,No,0,0,0,0,1,IsaiahMcKenzie,ISAIAHMCKENZIE
250,nfl.p.30977,Josh,Allen,QB,BUF,NYG,BUF@NYG,1:00PM EDT,27,18.0, ,No,1,0,0,0,0,JoshAllen,JOSHALLEN
251,nfl.p.31601,Robert,Foster,WR,BUF,NYG,BUF@NYG,1:00PM EDT,10,7.8, ,No,0,0,0,0,1,RobertFoster,ROBERTFOSTER
252,nfl.p.31906,Devin,Singletary,RB,BUF,NYG,BUF@NYG,1:00PM EDT,14,12.3, ,No,0,0,1,0,0,DevinSingletary,DEVINSINGLETARY
253,nfl.p.31928,Dawson,Knox,TE,BUF,NYG,BUF@NYG,1:00PM EDT,10,0.6, ,No,0,1,0,0,0,DawsonKnox,DAWSONKNOX
254,nfl.p.32060,Tommy,Sweeney,TE,BUF,NYG,BUF@NYG,1:00PM EDT,10,4.5, ,No,0,1,0,0,0,TommySweeney,TOMMYSWEENEY
255,nfl.p.6760,Eli,Manning,QB,NYG,BUF,BUF@NYG,1:00PM EDT,20,14.8, ,No,1,0,0,0,0,EliManning,ELIMANNING
256,nfl.p.25838,Rhett,Ellison,TE,NYG,BUF,BUF@NYG,1:00PM EDT,10,1.3, ,No,0,1,0,0,0,RhettEllison,RHETTELLISON
257,nfl.p.25970,Brittan,Golden,WR,NYG,BUF,BUF@NYG,1:00PM EDT,10,0.0, ,No,0,0,0,0,1,BrittanGolden,BRITTANGOLDEN
258,nfl.p.26547,Alex,Tanney,QB,NYG,BUF,BUF@NYG,1:00PM EDT,20,0.0, ,No,1,0,0,0,0,AlexTanney,ALEXTANNEY
259,nfl.p.27055,Russell,Shepard,WR,NYG,BUF,BUF@NYG,1:00PM EDT,10,4.5, ,No,0,0,0,0,1,RussellShepard,RUSSELLSHEPARD
261,nfl.p.27826,Bennie,Fowler III,WR,NYG,BUF,BUF@NYG,1:00PM EDT,10,6.5, ,No,0,0,0,0,1,BennieFowler III,BENNIEFOWLERIII
262,nfl.p.28215,Scott,Simonson,TE,NYG,BUF,BUF@NYG,1:00PM EDT,10,1.9, ,No,0,1,0,0,0,ScottSimonson,SCOTTSIMONSON
263,nfl.p.28718,Rod,Smith,RB,NYG,BUF,BUF@NYG,1:00PM EDT,10,2.0, ,No,0,0,1,0,0,RodSmith,RODSMITH
265,nfl.p.29906,Elijhaa,Penny,RB,NYG,BUF,BUF@NYG,1:00PM EDT,10,0.3, ,No,0,0,1,0,0,ElijhaaPenny,ELIJHAAPENNY
266,nfl.p.30136,Evan,Engram,TE,NYG,BUF,BUF@NYG,1:00PM EDT,21,23.1, ,No,0,1,0,0,0,EvanEngram,EVANENGRAM
267,nfl.p.30253,Wayne,Gallman Jr.,RB,NYG,BUF,BUF@NYG,1:00PM EDT,10,11.6, ,No,0,0,1,0,0,WayneGallman Jr.,WAYNEGALLMANJR
268,nfl.p.30972,Saquon,Barkley,RB,NYG,BUF,BUF@NYG,1:00PM EDT,40,15.9, ,No,0,0,1,0,0,SaquonBarkley,SAQUONBARKLEY
270,nfl.p.31838,Daniel,Jones,QB,NYG,BUF,BUF@NYG,1:00PM EDT,20,-0.8, ,No,1,0,0,0,0,DanielJones,DANIELJONES
272,nfl.p.29383,Paul,Perkins,RB,NYG,BUF,BUF@NYG,1:00PM EDT,10,0.0, ,No,0,0,1,0,0,PaulPerkins,PAULPERKINS
273,nfl.p.28658,Eric,Tomlinson,TE,NYG,BUF,BUF@NYG,1:00PM EDT,10,1.2, ,No,0,1,0,0,0,EricTomlinson,ERICTOMLINSON
274,nfl.p.29433,Cody,Core,WR,NYG,BUF,BUF@NYG,1:00PM EDT,10,3.0, ,No,0,0,0,0,1,CodyCore,CODYCORE
276,nfl.p.32486,Isaiah,Searight,TE,NYG,BUF,BUF@NYG,1:00PM EDT,10,0.0, ,No,0,1,0,0,0,IsaiahSearight,ISAIAHSEARIGHT
278,nfl.p.25785,Russell,Wilson,QB,SEA,PIT,SEA@PIT,1:00PM EDT,30,16.6, ,No,1,0,0,0,0,RussellWilson,RUSSELLWILSON
279,nfl.p.27074,Jaron,Brown,WR,SEA,PIT,SEA@PIT,1:00PM EDT,10,4.9, ,No,0,0,0,0,1,JaronBrown,JARONBROWN
280,nfl.p.28221,Tyler,Ott,TE,SEA,PIT,SEA@PIT,1:00PM EDT,10,0.0, ,No,0,1,0,0,0,TylerOtt,TYLEROTT
282,nfl.p.29324,C.J.,Prosise,RB,SEA,PIT,SEA@PIT,1:00PM EDT,10,1.7, ,No,0,0,1,0,0,C.J.Prosise,CJPROSISE
283,nfl.p.29328,Nick,Vannett,TE,SEA,PIT,SEA@PIT,1:00PM EDT,10,2.6, ,No,0,1,0,0,0,NickVannett,NICKVANNETT
285,nfl.p.30362,Chris,Carson,RB,SEA,PIT,SEA@PIT,1:00PM EDT,21,21.1, ,No,0,0,1,0,0,ChrisCarson,CHRISCARSON
286,nfl.p.30997,Rashaad,Penny,RB,SEA,PIT,SEA@PIT,1:00PM EDT,11,1.8, ,No,0,0,1,0,0,RashaadPenny,RASHAADPENNY
287,nfl.p.31090,Will,Dissly,TE,SEA,PIT,SEA@PIT,1:00PM EDT,12,1.7, ,No,0,1,0,0,0,WillDissly,WILLDISSLY
288,nfl.p.6770,Ben,Roethlisberger,QB,PIT,SEA,SEA@PIT,1:00PM EDT,35,10.7, ,No,1,0,0,0,0,BenRoethlisberger,BENROETHLISBERGER
289,nfl.p.26678,Vance,McDonald,TE,PIT,SEA,SEA@PIT,1:00PM EDT,15,5.0, ,No,0,1,0,0,0,VanceMcDonald,VANCEMCDONALD
290,nfl.p.27618,Donte,Moncrief,WR,PIT,SEA,SEA@PIT,1:00PM EDT,10,2.2, ,No,0,0,0,0,1,DonteMoncrief,DONTEMONCRIEF
292,nfl.p.28184,Xavier,Grimble,TE,PIT,SEA,SEA@PIT,1:00PM EDT,10,1.4, ,No,0,1,0,0,0,XavierGrimble,XAVIERGRIMBLE
293,nfl.p.30175,JuJu,Smith-Schuster,WR,PIT,SEA,SEA@PIT,1:00PM EDT,29,10.8, ,No,0,0,0,0,1,JuJuSmith-Schuster,JUJUSMITHSCHUSTER
294,nfl.p.30218,James,Conner,RB,PIT,SEA,SEA@PIT,1:00PM EDT,31,8.5, ,No,0,0,1,0,0,JamesConner,JAMESCONNER
295,nfl.p.30246,Ryan,Switzer,WR,PIT,SEA,SEA@PIT,1:00PM EDT,10,5.9, ,No,0,0,0,0,1,RyanSwitzer,RYANSWITZER
296,nfl.p.30248,Josh,Dobbs,QB,JAX,PIT,SEA@PIT,1:00PM EDT,20,0.4, ,No,1,0,0,0,0,JoshDobbs,JOSHDOBBS
297,nfl.p.31030,James,Washington,WR,PIT,SEA,SEA@PIT,1:00PM EDT,12,6.1, ,No,0,0,0,0,1,JamesWashington,JAMESWASHINGTON
298,nfl.t.26,Seattle,Seahawks,DEF,SEA,PIT,SEA@PIT,1:00PM EDT,15,12.0, ,No,0,0,0,1,0,SEA,SEA
299,nfl.t.23,Pittsburgh,Steelers,DEF,PIT,SEA,SEA@PIT,1:00PM EDT,14,0.0, ,No,0,0,0,1,0,PIT,PIT
300,nfl.p.25295,Nick,Bellore,RB,SEA,PIT,SEA@PIT,1:00PM EDT,10,0.0, ,No,0,0,1,0,0,NickBellore,NICKBELLORE
301,nfl.p.26662,Geno,Smith,QB,SEA,PIT,SEA@PIT,1:00PM EDT,20,-2.2, ,No,1,0,0,0,0,GenoSmith,GENOSMITH
302,nfl.p.31777,Malik,Turner,WR,SEA,PIT,SEA@PIT,1:00PM EDT,10,1.5, ,No,0,0,0,0,1,MalikTurner,MALIKTURNER
303,nfl.p.31896,DK,Metcalf,WR,SEA,PIT,SEA@PIT,1:00PM EDT,13,10.9, ,No,0,0,0,0,1,DKMetcalf,DKMETCALF
304,nfl.p.31952,Gary,Jennings,WR,SEA,PIT,SEA@PIT,1:00PM EDT,10,0.0, ,No,0,0,0,0,1,GaryJennings,GARYJENNINGS
305,nfl.p.32036,Travis,Homer,RB,SEA,PIT,SEA@PIT,1:00PM EDT,10,0.0, ,No,0,0,1,0,0,TravisHomer,TRAVISHOMER
306,nfl.p.32068,John,Ursua,WR,SEA,PIT,SEA@PIT,1:00PM EDT,10,0.0, ,No,0,0,0,0,1,JohnUrsua,JOHNURSUA
307,nfl.p.31046,Mason,Rudolph,QB,PIT,SEA,SEA@PIT,1:00PM EDT,20,0.0, ,No,1,0,0,0,0,MasonRudolph,MASONRUDOLPH
308,nfl.p.31135,Jaylen,Samuels,RB,PIT,SEA,SEA@PIT,1:00PM EDT,10,1.1, ,No,0,0,1,0,0,JaylenSamuels,JAYLENSAMUELS
309,nfl.p.31898,Diontae,Johnson,WR,PIT,SEA,SEA@PIT,1:00PM EDT,10,4.0, ,No,0,0,0,0,1,DiontaeJohnson,DIONTAEJOHNSON
310,nfl.p.31954,Benny,Snell Jr.,RB,PIT,SEA,SEA@PIT,1:00PM EDT,10,0.0, ,No,0,0,1,0,0,BennySnell Jr.,BENNYSNELLJR
311,nfl.p.31973,Zach,Gentry,TE,PIT,SEA,SEA@PIT,1:00PM EDT,10,0.0, ,No,0,1,0,0,0,ZachGentry,ZACHGENTRY
315,nfl.p.29958,Johnny,Holton,WR,PIT,SEA,SEA@PIT,1:00PM EDT,10,0.0, ,No,0,0,0,0,1,JohnnyHolton,JOHNNYHOLTON
316,nfl.p.25802,T.Y.,Hilton,WR,IND,TEN,IND@TEN,1:00PM EDT,22,24.7, ,No,0,0,0,0,1,T.Y.Hilton,TYHILTON
317,nfl.p.27299,Jack,Doyle,TE,IND,TEN,IND@TEN,1:00PM EDT,14,2.5, ,No,0,1,0,0,0,JackDoyle,JACKDOYLE
318,nfl.p.27538,Eric,Ebron,TE,IND,TEN,IND@TEN,1:00PM EDT,13,1.3, ,No,0,1,0,0,0,EricEbron,ERICEBRON
320,nfl.p.29325,Jacoby,Brissett,QB,IND,TEN,IND@TEN,1:00PM EDT,25,16.5, ,No,1,0,0,0,0,JacobyBrissett,JACOBYBRISSETT
322,nfl.p.29609,Chester,Rogers,WR,IND,TEN,IND@TEN,1:00PM EDT,10,0.0, ,No,0,0,0,0,1,ChesterRogers,CHESTERROGERS
323,nfl.p.30112,Mo,Alie-Cox,TE,IND,TEN,IND@TEN,1:00PM EDT,10,0.8, ,No,0,1,0,0,0,MoAlie-Cox,MOALIECOX
324,nfl.p.30256,Marlon,Mack,RB,IND,TEN,IND@TEN,1:00PM EDT,26,25.4, ,No,0,0,1,0,0,MarlonMack,MARLONMACK
325,nfl.p.30502,Zach,Pascal,WR,IND,TEN,IND@TEN,1:00PM EDT,10,0.0, ,No,0,0,0,0,1,ZachPascal,ZACHPASCAL
326,nfl.p.31074,Nyheim,Hines,RB,IND,TEN,IND@TEN,1:00PM EDT,11,3.7, ,No,0,0,1,0,0,NyheimHines,NYHEIMHINES
328,nfl.p.7924,Delanie,Walker,TE,TEN,IND,IND@TEN,1:00PM EDT,19,20.0, ,No,0,1,0,0,0,DelanieWalker,DELANIEWALKER
329,nfl.p.24936,Dion,Lewis,RB,TEN,IND,IND@TEN,1:00PM EDT,13,2.8, ,No,0,0,1,0,0,DionLewis,DIONLEWIS
330,nfl.p.25718,Ryan,Tannehill,QB,TEN,IND,IND@TEN,1:00PM EDT,20,-0.2, ,No,1,0,0,0,0,RyanTannehill,RYANTANNEHILL
331,nfl.p.26016,Beau,Brinkley,TE,TEN,IND,IND@TEN,1:00PM EDT,10,0.0, ,No,0,1,0,0,0,BeauBrinkley,BEAUBRINKLEY
333,nfl.p.28390,Marcus,Mariota,QB,TEN,IND,IND@TEN,1:00PM EDT,25,24.3, ,No,1,0,0,0,0,MarcusMariota,MARCUSMARIOTA
334,nfl.p.28531,MyCole,Pruitt,TE,TEN,IND,IND@TEN,1:00PM EDT,10,0.0, ,No,0,1,0,0,0,MyColePruitt,MYCOLEPRUITT
335,nfl.p.29038,Darius,Jennings,WR,TEN,IND,IND@TEN,1:00PM EDT,10,0.0, ,No,0,0,0,0,1,DariusJennings,DARIUSJENNINGS
336,nfl.p.29070,Adam,Humphries,WR,TEN,IND,IND@TEN,1:00PM EDT,10,1.0, ,No,0,0,0,0,1,AdamHumphries,ADAMHUMPHRIES
337,nfl.p.29279,Derrick,Henry,RB,TEN,IND,IND@TEN,1:00PM EDT,28,28.4, ,No,0,0,1,0,0,DerrickHenry,DERRICKHENRY
338,nfl.p.29374,Tajae,Sharpe,WR,TEN,IND,IND@TEN,1:00PM EDT,10,0.0, ,No,0,0,0,0,1,TajaeSharpe,TAJAESHARPE
339,nfl.p.30118,Corey,Davis,WR,TEN,IND,IND@TEN,1:00PM EDT,14,0.0, ,No,0,0,0,0,1,CoreyDavis,COREYDAVIS
340,nfl.p.30213,Jonnu,Smith,TE,TEN,IND,IND@TEN,1:00PM EDT,10,2.2, ,No,0,1,0,0,0,JonnuSmith,JONNUSMITH
341,nfl.p.30571,Anthony,Firkser,TE,TEN,IND,IND@TEN,1:00PM EDT,10,4.2, ,No,0,1,0,0,0,AnthonyFirkser,ANTHONYFIRKSER
342,nfl.p.31620,Dalyn,Dawkins,RB,TEN,IND,IND@TEN,1:00PM EDT,10,0.0, ,No,0,0,1,0,0,DalynDawkins,DALYNDAWKINS
343,nfl.t.11,Indianapolis,Colts,DEF,IND,TEN,IND@TEN,1:00PM EDT,16,7.0, ,No,0,0,0,1,0,IND,IND
344,nfl.t.10,Tennessee,Titans,DEF,TEN,IND,IND@TEN,1:00PM EDT,14,23.0, ,No,0,0,0,1,0,TEN,TEN
345,nfl.p.31139,Jordan,Wilkins,RB,IND,TEN,IND@TEN,1:00PM EDT,10,3.5, ,No,0,0,1,0,0,JordanWilkins,JORDANWILKINS
346,nfl.p.31891,Parris,Campbell,WR,IND,TEN,IND@TEN,1:00PM EDT,10,1.3, ,No,0,0,0,0,1,ParrisCampbell,PARRISCAMPBELL
347,nfl.p.32295,Hale,Hentges,TE,IND,TEN,IND@TEN,1:00PM EDT,10,0.0, ,No,0,1,0,0,0,HaleHentges,HALEHENTGES
348,nfl.p.31883,A.J.,Brown,WR,TEN,IND,IND@TEN,1:00PM EDT,15,11.5, ,No,0,0,0,0,1,A.J.Brown,AJBROWN
349,nfl.p.9547,Brian,Hoyer,QB,IND,TEN,IND@TEN,1:00PM EDT,20,-0.3, ,No,1,0,0,0,0,BrianHoyer,BRIANHOYER
350,nfl.p.29678,Marcus,Johnson,WR,IND,TEN,IND@TEN,1:00PM EDT,10,4.8, ,No,0,0,0,0,1,MarcusJohnson,MARCUSJOHNSON
355,nfl.p.6405,Jason,Witten,TE,DAL,WAS,DAL@WAS,1:00PM EDT,14,9.0, ,No,0,1,0,0,0,JasonWitten,JASONWITTEN
356,nfl.p.24851,Randall,Cobb,WR,DAL,WAS,DAL@WAS,1:00PM EDT,17,14.9, ,No,0,0,0,0,1,RandallCobb,RANDALLCOBB
357,nfl.p.26535,Jamize,Olawale,RB,DAL,WAS,DAL@WAS,1:00PM EDT,10,0.0, ,No,0,0,1,0,0,JamizeOlawale,JAMIZEOLAWALE
359,nfl.p.28392,Amari,Cooper,WR,DAL,WAS,DAL@WAS,1:00PM EDT,23,19.6, ,No,0,0,0,0,1,AmariCooper,AMARICOOPER
360,nfl.p.28425,Devin,Smith,WR,DAL,WAS,DAL@WAS,1:00PM EDT,10,0.0, ,No,0,0,0,0,1,DevinSmith,DEVINSMITH
361,nfl.p.29238,Ezekiel,Elliott,RB,DAL,WAS,DAL@WAS,1:00PM EDT,33,12.8, ,No,0,0,1,0,0,EzekielElliott,EZEKIELELLIOTT
362,nfl.p.29369,Dak,Prescott,QB,DAL,WAS,DAL@WAS,1:00PM EDT,32,33.4, ,No,1,0,0,0,0,DakPrescott,DAKPRESCOTT
363,nfl.p.30784,Blake,Jarwin,TE,DAL,WAS,DAL@WAS,1:00PM EDT,10,11.4, ,No,0,1,0,0,0,BlakeJarwin,BLAKEJARWIN
364,nfl.p.30788,Cooper,Rush,QB,DAL,WAS,DAL@WAS,1:00PM EDT,20,0.0, ,No,1,0,0,0,0,CooperRush,COOPERRUSH
366,nfl.p.7755,Vernon,Davis,TE,WAS,DAL,DAL@WAS,1:00PM EDT,13,13.9, ,No,0,1,0,0,0,VernonDavis,VERNONDAVIS
367,nfl.p.8261,Adrian,Peterson,RB,WAS,DAL,DAL@WAS,1:00PM EDT,13,11.2, ,No,0,0,1,0,0,AdrianPeterson,ADRIANPETERSON
369,nfl.p.26483,Case,Keenum,QB,WAS,DAL,DAL@WAS,1:00PM EDT,21,27.2, ,No,1,0,0,0,0,CaseKeenum,CASEKEENUM
371,nfl.p.26777,Chris,Thompson,RB,WAS,DAL,DAL@WAS,1:00PM EDT,13,11.3, ,No,0,0,1,0,0,ChrisThompson,CHRISTHOMPSON
372,nfl.p.27573,Paul,Richardson Jr.,WR,WAS,DAL,DAL@WAS,1:00PM EDT,14,5.6, ,No,0,0,0,0,1,PaulRichardson Jr.,PAULRICHARDSONJR
373,nfl.p.30267,Jeremy,Sprinkle,TE,WAS,DAL,DAL@WAS,1:00PM EDT,10,1.3, ,No,0,1,0,0,0,JeremySprinkle,JEREMYSPRINKLE
375,nfl.p.31226,Trey,Quinn,WR,WAS,DAL,DAL@WAS,1:00PM EDT,10,11.3, ,No,0,0,0,0,1,TreyQuinn,TREYQUINN
376,nfl.t.6,Dallas,Cowboys,DEF,DAL,WAS,DAL@WAS,1:00PM EDT,12,6.0, ,No,0,0,0,1,0,DAL,DAL
377,nfl.t.28,Washington,Redskins,DEF,WAS,DAL,DAL@WAS,1:00PM EDT,16,0.0, ,No,0,0,0,1,0,WAS,WAS
379,nfl.p.31051,Michael,Gallup,WR,DAL,WAS,DAL@WAS,1:00PM EDT,17,19.3, ,No,0,0,0,0,1,MichaelGallup,MICHAELGALLUP
380,nfl.p.31107,Dalton,Schultz,TE,DAL,WAS,DAL@WAS,1:00PM EDT,10,2.2, ,No,0,1,0,0,0,DaltonSchultz,DALTONSCHULTZ
381,nfl.p.31280,Jordan,Chunn,RB,DAL,WAS,DAL@WAS,1:00PM EDT,10,0.0, ,No,0,0,1,0,0,JordanChunn,JORDANCHUNN
382,nfl.p.31960,Tony,Pollard,RB,DAL,WAS,DAL@WAS,1:00PM EDT,10,2.4, ,No,0,0,1,0,0,TonyPollard,TONYPOLLARD
384,nfl.p.31847,Dwayne,Haskins Jr.,QB,WAS,DAL,DAL@WAS,1:00PM EDT,20,0.0, ,No,1,0,0,0,0,DwayneHaskins Jr.,DWAYNEHASKINSJR
385,nfl.p.31908,Terry,McLaurin,WR,WAS,DAL,DAL@WAS,1:00PM EDT,13,21.0, ,No,0,0,0,0,1,TerryMcLaurin,TERRYMCLAURIN
386,nfl.p.32038,Kelvin,Harmon,WR,WAS,DAL,DAL@WAS,1:00PM EDT,10,4.1, ,No,0,0,0,0,1,KelvinHarmon,KELVINHARMON
387,nfl.p.32187,Steven,Sims Jr.,WR,WAS,DAL,DAL@WAS,1:00PM EDT,10,0.0, ,No,0,0,0,0,1,StevenSims Jr.,STEVENSIMSJR
388,nfl.p.29387,Wendell,Smallwood,RB,WAS,DAL,DAL@WAS,1:00PM EDT,10,6.6, ,No,0,0,1,0,0,WendellSmallwood,WENDELLSMALLWOOD
390,nfl.p.29666,J.P.,Holtz,TE,CHI,WAS,DAL@WAS,1:00PM EDT,10,0.0, ,No,0,1,0,0,0,J.P.Holtz,JPHOLTZ
391,nfl.t.12,Kansas City,Chiefs,DEF,KC,OAK,KC@OAK,4:05PM EDT,20,5.0, ,No,0,0,0,1,0,KC,KC
392,nfl.t.13,Oakland,Raiders,DEF,OAK,KC,KC@OAK,4:05PM EDT,10,4.0, ,No,0,0,0,1,0,OAK,OAK
393,nfl.p.24923,Anthony,Sherman,RB,KC,OAK,KC@OAK,4:05PM EDT,10,2.0, ,No,0,0,1,0,0,AnthonySherman,ANTHONYSHERMAN
394,nfl.p.26686,Travis,Kelce,TE,KC,OAK,KC@OAK,4:05PM EDT,30,10.3, ,No,0,1,0,0,0,TravisKelce,TRAVISKELCE
395,nfl.p.27494,James,Winchester,TE,KC,OAK,KC@OAK,4:05PM EDT,10,0.0, ,No,0,1,0,0,0,JamesWinchester,JAMESWINCHESTER
396,nfl.p.27532,Sammy,Watkins,WR,KC,OAK,KC@OAK,4:05PM EDT,27,42.3, ,No,0,0,0,0,1,SammyWatkins,SAMMYWATKINS
397,nfl.p.28115,Damien,Williams,RB,KC,OAK,KC@OAK,4:05PM EDT,24,15.5, ,No,0,0,1,0,0,DamienWilliams,DAMIENWILLIAMS
398,nfl.p.28505,Blake,Bell,TE,KC,OAK,KC@OAK,4:05PM EDT,10,1.2, ,No,0,1,0,0,0,BlakeBell,BLAKEBELL
399,nfl.p.29360,Demarcus,Robinson,WR,KC,OAK,KC@OAK,4:05PM EDT,10,0.5, ,No,0,0,0,0,1,DemarcusRobinson,DEMARCUSROBINSON
401,nfl.p.30123,Patrick,Mahomes,QB,KC,OAK,KC@OAK,4:05PM EDT,41,27.3, ,No,1,0,0,0,0,PatrickMahomes,PATRICKMAHOMES
402,nfl.p.31496,Byron,Pringle,WR,KC,OAK,KC@OAK,4:05PM EDT,10,0.0, ,No,0,0,0,0,1,ByronPringle,BYRONPRINGLE
403,nfl.p.31500,Darrel,Williams,RB,KC,OAK,KC@OAK,4:05PM EDT,10,3.6, ,No,0,0,1,0,0,DarrelWilliams,DARRELWILLIAMS
404,nfl.p.31519,Deon,Yelder,TE,KC,OAK,KC@OAK,4:05PM EDT,10,0.0, ,No,0,1,0,0,0,DeonYelder,DEONYELDER
406,nfl.p.31888,Mecole,Hardman,WR,KC,OAK,KC@OAK,4:05PM EDT,10,0.0, ,No,0,0,0,0,1,MecoleHardman,MECOLEHARDMAN
407,nfl.p.32046,Darwin,Thompson,RB,KC,OAK,KC@OAK,4:05PM EDT,10,0.8, ,No,0,0,1,0,0,DarwinThompson,DARWINTHOMPSON
408,nfl.p.24963,Dwayne,Harris,WR,OAK,KC,KC@OAK,4:05PM EDT,10,1.2, ,No,0,0,0,0,1,DwayneHarris,DWAYNEHARRIS
409,nfl.p.26416,Derek,Carrier,TE,OAK,KC,KC@OAK,4:05PM EDT,10,1.6, ,No,0,1,0,0,0,DerekCarrier,DEREKCARRIER
410,nfl.p.26696,Mike,Glennon,QB,OAK,KC,KC@OAK,4:05PM EDT,20,5.5, ,No,1,0,0,0,0,MikeGlennon,MIKEGLENNON
411,nfl.p.27564,Derek,Carr,QB,OAK,KC,KC@OAK,4:05PM EDT,26,14.6, ,No,1,0,0,0,0,DerekCarr,DEREKCARR
412,nfl.p.27670,Ryan,Grant,WR,OAK,KC,KC@OAK,4:05PM EDT,10,3.1, ,No,0,0,0,0,1,RyanGrant,RYANGRANT
414,nfl.p.28592,Darren,Waller,TE,OAK,KC,KC@OAK,4:05PM EDT,13,10.5, ,No,0,1,0,0,0,DarrenWaller,DARRENWALLER
415,nfl.p.28691,Tyrell,Williams,WR,OAK,KC,KC@OAK,4:05PM EDT,19,19.5, ,No,0,0,0,0,1,TyrellWilliams,TYRELLWILLIAMS
416,nfl.p.29377,DeAndre,Washington,RB,OAK,KC,KC@OAK,4:05PM EDT,13,0.8, ,No,0,0,1,0,0,DeAndreWashington,DEANDREWASHINGTON
417,nfl.p.30000,Jalen,Richard,RB,OAK,KC,KC@OAK,4:05PM EDT,13,0.3, ,No,0,0,1,0,0,JalenRichard,JALENRICHARD
418,nfl.p.31856,Josh,Jacobs,RB,OAK,KC,KC@OAK,4:05PM EDT,21,23.8, ,No,0,0,1,0,0,JoshJacobs,JOSHJACOBS
419,nfl.p.31969,Foster,Moreau,TE,OAK,KC,KC@OAK,4:05PM EDT,10,3.0, ,No,0,1,0,0,0,FosterMoreau,FOSTERMOREAU
420,nfl.p.31981,Hunter,Renfrow,WR,OAK,KC,KC@OAK,4:05PM EDT,13,2.3, ,No,0,0,0,0,1,HunterRenfrow,HUNTERRENFROW
421,nfl.p.32344,Alec,Ingold,RB,OAK,KC,KC@OAK,4:05PM EDT,10,0.0, ,No,0,0,1,0,0,AlecIngold,ALECINGOLD
423,nfl.p.8544,Matt,Moore,QB,KC,OAK,KC@OAK,4:05PM EDT,20,-0.1, ,No,1,0,0,0,0,MattMoore,MATTMOORE
424,nfl.p.9317,LeSean,McCoy,RB,KC,OAK,KC@OAK,4:05PM EDT,14,9.8, ,No,0,0,1,0,0,LeSeanMcCoy,LESEANMCCOY
425,nfl.p.30165,DeShone,Kizer,QB,OAK,KC,KC@OAK,4:05PM EDT,20,2.5, ,No,1,0,0,0,0,DeShoneKizer,DESHONEKIZER
427,nfl.p.32356,Felton,Davis,WR,KC,OAK,KC@OAK,4:05PM EDT,10,0.0, ,No,0,0,0,0,1,FeltonDavis,FELTONDAVIS
430,nfl.p.31283,David,Wells,TE,KC,OAK,KC@OAK,4:05PM EDT,10,0.0, ,No,0,1,0,0,0,DavidWells,DAVIDWELLS
432,nfl.p.27652,De'Anthony,Thomas,WR,KC,OAK,KC@OAK,4:05PM EDT,12,2.2, ,No,0,0,0,0,1,De'AnthonyThomas,DEANTHONYTHOMAS
433,nfl.p.32342,Keelan,Doss,WR,OAK,KC,KC@OAK,4:05PM EDT,10,0.0, ,No,0,0,0,0,1,KeelanDoss,KEELANDOSS
434,nfl.t.3,Chicago,Bears,DEF,CHI,DEN,CHI@DEN,4:25PM EDT,20,9.0, ,No,0,0,0,1,0,CHI,CHI
435,nfl.t.7,Denver,Broncos,DEF,DEN,CHI,CHI@DEN,4:25PM EDT,18,0.0, ,No,0,0,0,1,0,DEN,DEN
436,nfl.p.9678,Chase,Daniel,QB,CHI,DEN,CHI@DEN,4:25PM EDT,20,8.0, ,No,1,0,0,0,0,ChaseDaniel,CHASEDANIEL
437,nfl.p.25370,Patrick,Scales,TE,CHI,DEN,CHI@DEN,4:25PM EDT,10,0.0, ,No,0,1,0,0,0,PatrickScales,PATRICKSCALES
438,nfl.p.26050,Bradley,Sowell,TE,CHI,DEN,CHI@DEN,4:25PM EDT,10,3.4, ,No,0,1,0,0,0,BradleySowell,BRADLEYSOWELL
439,nfl.p.26652,Cordarrelle,Patterson,WR,CHI,DEN,CHI@DEN,4:25PM EDT,10,0.6, ,No,0,0,0,0,1,CordarrellePatterson,CORDARRELLEPATTERSON
440,nfl.p.27589,Allen,Robinson II,WR,CHI,DEN,CHI@DEN,4:25PM EDT,20,13.7, ,No,0,0,0,0,1,AllenRobinson II,ALLENROBINSONII
442,nfl.p.28234,Taylor,Gabriel,WR,CHI,DEN,CHI@DEN,4:25PM EDT,10,3.4, ,No,0,0,0,0,1,TaylorGabriel,TAYLORGABRIEL
443,nfl.p.28514,Mike,Davis,RB,CHI,DEN,CHI@DEN,4:25PM EDT,12,6.6, ,No,0,0,1,0,0,MikeDavis,MIKEDAVIS
444,nfl.p.29913,Ben,Braunecker,TE,CHI,DEN,CHI@DEN,4:25PM EDT,10,0.9, ,No,0,1,0,0,0,BenBraunecker,BENBRAUNECKER
445,nfl.p.30115,Mitchell,Trubisky,QB,CHI,DEN,CHI@DEN,4:25PM EDT,20,9.2, ,No,1,0,0,0,0,MitchellTrubisky,MITCHELLTRUBISKY
446,nfl.p.30158,Adam,Shaheen,TE,CHI,DEN,CHI@DEN,4:25PM EDT,10,1.1, ,No,0,1,0,0,0,AdamShaheen,ADAMSHAHEEN
447,nfl.p.30232,Tarik,Cohen,RB,CHI,DEN,CHI@DEN,4:25PM EDT,15,8.9, ,No,0,0,1,0,0,TarikCohen,TARIKCOHEN
448,nfl.p.31021,Anthony,Miller,WR,CHI,DEN,CHI@DEN,4:25PM EDT,10,0.0, ,No,0,0,0,0,1,AnthonyMiller,ANTHONYMILLER
449,nfl.p.31194,Javon,Wims,WR,CHI,DEN,CHI@DEN,4:25PM EDT,10,0.0, ,No,0,0,0,0,1,JavonWims,JAVONWIMS
450,nfl.p.31905,David,Montgomery,RB,CHI,DEN,CHI@DEN,4:25PM EDT,17,5.0, ,No,0,0,1,0,0,DavidMontgomery,DAVIDMONTGOMERY
451,nfl.p.31958,Riley,Ridley,WR,CHI,DEN,CHI@DEN,4:25PM EDT,10,0.0, ,No,0,0,0,0,1,RileyRidley,RILEYRIDLEY
452,nfl.p.32054,Kerrith,Whyte Jr.,RB,CHI,DEN,CHI@DEN,4:25PM EDT,10,0.0, ,No,0,0,1,0,0,KerrithWhyte Jr.,KERRITHWHYTEJR
453,nfl.p.8795,Joe,Flacco,QB,DEN,CHI,CHI@DEN,4:25PM EDT,20,14.8, ,No,1,0,0,0,0,JoeFlacco,JOEFLACCO
454,nfl.p.24057,Emmanuel,Sanders,WR,DEN,CHI,CHI@DEN,4:25PM EDT,18,17.1, ,No,0,0,0,0,1,EmmanuelSanders,EMMANUELSANDERS
455,nfl.p.28480,Jeff,Heuerman,TE,DEN,CHI,CHI@DEN,4:25PM EDT,10,5.6, ,No,0,1,0,0,0,JeffHeuerman,JEFFHEUERMAN
456,nfl.p.29370,Devontae,Booker,RB,DEN,CHI,CHI@DEN,4:25PM EDT,10,4.3, ,No,0,0,1,0,0,DevontaeBooker,DEVONTAEBOOKER
459,nfl.p.31010,Courtland,Sutton,WR,DEN,CHI,CHI@DEN,4:25PM EDT,16,15.5, ,No,0,0,0,0,1,CourtlandSutton,COURTLANDSUTTON
460,nfl.p.31041,Royce,Freeman,RB,DEN,CHI,CHI@DEN,4:25PM EDT,10,6.6, ,No,0,0,1,0,0,RoyceFreeman,ROYCEFREEMAN
461,nfl.p.31083,DaeSean,Hamilton,WR,DEN,CHI,CHI@DEN,4:25PM EDT,12,1.5, ,No,0,0,0,0,1,DaeSeanHamilton,DAESEANHAMILTON
462,nfl.p.31126,Troy,Fumagalli,TE,DEN,CHI,CHI@DEN,4:25PM EDT,10,0.0, ,No,0,1,0,0,0,TroyFumagalli,TROYFUMAGALLI
463,nfl.p.31379,Phillip,Lindsay,RB,DEN,CHI,CHI@DEN,4:25PM EDT,16,8.6, ,No,0,0,1,0,0,PhillipLindsay,PHILLIPLINDSAY
464,nfl.p.31852,Noah,Fant,TE,DEN,CHI,CHI@DEN,4:25PM EDT,11,3.4, ,No,0,1,0,0,0,NoahFant,NOAHFANT
465,nfl.p.32019,Juwann,Winfree,WR,DEN,CHI,CHI@DEN,4:25PM EDT,10,0.0, ,No,0,0,0,0,1,JuwannWinfree,JUWANNWINFREE
467,nfl.p.28279,Diontae,Spencer,WR,DEN,CHI,CHI@DEN,4:25PM EDT,10,0.0, ,No,0,0,0,0,1,DiontaeSpencer,DIONTAESPENCER
468,nfl.p.29435,Brandon,Allen,QB,DEN,CHI,CHI@DEN,4:25PM EDT,20,0.0, ,No,1,0,0,0,0,BrandonAllen,BRANDONALLEN
469,nfl.p.32225,Andrew,Beck,TE,DEN,CHI,CHI@DEN,4:25PM EDT,10,0.0, ,No,0,1,0,0,0,AndrewBeck,ANDREWBECK
470,nfl.p.32261,Dax,Raymond,TE,CHI,DEN,CHI@DEN,4:25PM EDT,10,0.0, ,No,0,1,0,0,0,DaxRaymond,DAXRAYMOND
474,nfl.t.18,New Orleans,Saints,DEF,NO,LAR,NO@LAR,4:25PM EDT,12,7.0, ,No,0,0,0,1,0,NO,NO
475,nfl.t.14,Los Angeles,Rams,DEF,LAR,NO,NO@LAR,4:25PM EDT,17,9.0, ,No,0,0,0,1,0,LAR,LAR
476,nfl.p.5479,Drew,Brees,QB,NO,LAR,NO@LAR,4:25PM EDT,33,21.8, ,No,1,0,0,0,0,DrewBrees,DREWBREES
477,nfl.p.8263,Ted,Ginn Jr.,WR,NO,LAR,NO@LAR,4:25PM EDT,14,13.6, ,No,0,0,0,0,1,TedGinn Jr.,TEDGINNJR
478,nfl.p.9353,Jared,Cook,TE,NO,LAR,NO@LAR,4:25PM EDT,17,4.7, ,No,0,1,0,0,0,JaredCook,JAREDCOOK
479,nfl.p.26804,Latavius,Murray,RB,NO,LAR,NO@LAR,4:25PM EDT,15,11.7, ,No,0,0,1,0,0,LataviusMurray,LATAVIUSMURRAY
480,nfl.p.26950,Josh,Hill,TE,NO,LAR,NO@LAR,4:25PM EDT,10,0.3, ,No,0,1,0,0,0,JoshHill,JOSHHILL
481,nfl.p.27135,Zach,Line,RB,NO,LAR,NO@LAR,4:25PM EDT,10,1.6, ,No,0,0,1,0,0,ZachLine,ZACHLINE
482,nfl.p.27560,Teddy,Bridgewater,QB,NO,LAR,NO@LAR,4:25PM EDT,20,2.1, ,No,1,0,0,0,0,TeddyBridgewater,TEDDYBRIDGEWATER
483,nfl.p.29281,Michael,Thomas,WR,NO,LAR,NO@LAR,4:25PM EDT,33,17.3, ,No,0,0,0,0,1,MichaelThomas,MICHAELTHOMAS
484,nfl.p.29470,Dwayne,Washington,RB,NO,LAR,NO@LAR,4:25PM EDT,10,2.6, ,No,0,0,1,0,0,DwayneWashington,DWAYNEWASHINGTON
485,nfl.p.30180,Alvin,Kamara,RB,NO,LAR,NO@LAR,4:25PM EDT,35,20.4, ,No,0,0,1,0,0,AlvinKamara,ALVINKAMARA
486,nfl.p.30614,Taysom,Hill,QB,NO,LAR,NO@LAR,4:25PM EDT,20,8.2, ,No,1,0,0,0,0,TaysomHill,TAYSOMHILL
487,nfl.p.30656,Austin,Carr,WR,NO,LAR,NO@LAR,4:25PM EDT,10,2.7, ,No,0,0,0,0,1,AustinCarr,AUSTINCARR
488,nfl.p.31061,Tre'Quan,Smith,WR,NO,LAR,NO@LAR,4:25PM EDT,14,9.6, ,No,0,0,0,0,1,Tre'QuanSmith,TREQUANSMITH
489,nfl.p.31517,Keith,Kirkwood,WR,NO,LAR,NO@LAR,4:25PM EDT,10,5.9, ,No,0,0,0,0,1,KeithKirkwood,KEITHKIRKWOOD
490,nfl.p.32398,Deonte,Harris,WR,NO,LAR,NO@LAR,4:25PM EDT,10,0.0, ,No,0,0,0,0,1,DeonteHarris,DEONTEHARRIS
491,nfl.p.26664,Robert,Woods,WR,LAR,NO,NO@LAR,4:25PM EDT,23,12.6, ,No,0,0,0,0,1,RobertWoods,ROBERTWOODS
492,nfl.p.27531,Blake,Bortles,QB,LAR,NO,NO@LAR,4:25PM EDT,20,14.2, ,No,1,0,0,0,0,BlakeBortles,BLAKEBORTLES
493,nfl.p.27548,Brandin,Cooks,WR,LAR,NO,NO@LAR,4:25PM EDT,21,4.9, ,No,0,0,0,0,1,BrandinCooks,BRANDINCOOKS
494,nfl.p.28398,Todd,Gurley II,RB,LAR,NO,NO@LAR,4:25PM EDT,18,10.6, ,No,0,0,1,0,0,ToddGurley II,TODDGURLEYII
495,nfl.p.28990,Malcolm,Brown,RB,LAR,NO,NO@LAR,4:25PM EDT,16,17.3, ,No,0,0,1,0,0,MalcolmBrown,MALCOLMBROWN
496,nfl.p.29235,Jared,Goff,QB,LAR,NO,NO@LAR,4:25PM EDT,35,10.4, ,No,1,0,0,0,0,JaredGoff,JAREDGOFF
497,nfl.p.29344,Tyler,Higbee,TE,LAR,NO,NO@LAR,4:25PM EDT,10,10.0, ,No,0,1,0,0,0,TylerHigbee,TYLERHIGBEE
498,nfl.p.29440,Mike,Thomas,WR,LAR,NO,NO@LAR,4:25PM EDT,10,0.0, ,No,0,0,0,0,1,MikeThomas,MIKETHOMAS
499,nfl.p.30157,Gerald,Everett,TE,LAR,NO,NO@LAR,4:25PM EDT,10,1.2, ,No,0,1,0,0,0,GeraldEverett,GERALDEVERETT
500,nfl.p.30182,Cooper,Kupp,WR,LAR,NO,NO@LAR,4:25PM EDT,22,8.1, ,No,0,0,0,0,1,CooperKupp,COOPERKUPP
501,nfl.p.30230,Josh,Reynolds,WR,LAR,NO,NO@LAR,4:25PM EDT,10,0.0, ,No,0,0,0,0,1,JoshReynolds,JOSHREYNOLDS
502,nfl.p.30373,Johnny,Mundt,TE,LAR,NO,NO@LAR,4:25PM EDT,10,0.5, ,No,0,1,0,0,0,JohnnyMundt,JOHNNYMUNDT
503,nfl.p.30531,JoJo,Natson,WR,LAR,NO,NO@LAR,4:25PM EDT,10,0.0, ,No,0,0,0,0,1,JoJoNatson,JOJONATSON
504,nfl.p.31902,Darrell,Henderson Jr.,RB,LAR,NO,NO@LAR,4:25PM EDT,10,0.0, ,No,0,0,1,0,0,DarrellHenderson Jr.,DARRELLHENDERSONJR
505,nfl.p.32137,Nsimba,Webster,WR,LAR,NO,NO@LAR,4:25PM EDT,10,0.0, ,No,0,0,0,0,1,NsimbaWebster,NSIMBAWEBSTER
507,nfl.p.30365,Matt,Dayes,RB,NO,LAR,NO@LAR,4:25PM EDT,10,0.0, ,No,0,0,1,0,0,MattDayes,MATTDAYES
508,nfl.t.21,Philadelphia,Eagles,DEF,PHI,ATL,PHI@ATL,8:20PM EDT,12,1.0, ,No,0,0,0,1,0,PHI,PHI
509,nfl.t.1,Atlanta,Falcons,DEF,ATL,PHI,PHI@ATL,8:20PM EDT,10,0.0, ,No,0,0,0,1,0,ATL,ATL
510,nfl.p.8826,DeSean,Jackson,WR,PHI,ATL,PHI@ATL,8:20PM EDT,22,31.4, ,No,0,0,0,0,1,DeSeanJackson,DESEANJACKSON
511,nfl.p.25755,Alshon,Jeffery,WR,PHI,ATL,PHI@ATL,8:20PM EDT,22,19.6, ,No,0,0,0,0,1,AlshonJeffery,ALSHONJEFFERY
512,nfl.p.26658,Zach,Ertz,TE,PHI,ATL,PHI@ATL,8:20PM EDT,22,7.9, ,No,0,1,0,0,0,ZachErtz,ZACHERTZ
513,nfl.p.28408,Nelson,Agholor,WR,PHI,ATL,PHI@ATL,8:20PM EDT,11,2.1, ,No,0,0,0,0,1,NelsonAgholor,NELSONAGHOLOR
514,nfl.p.29236,Carson,Wentz,QB,PHI,ATL,PHI@ATL,8:20PM EDT,34,25.0, ,No,1,0,0,0,0,CarsonWentz,CARSONWENTZ
515,nfl.p.29384,Jordan,Howard,RB,PHI,ATL,PHI@ATL,8:20PM EDT,14,6.5, ,No,0,0,1,0,0,JordanHoward,JORDANHOWARD
517,nfl.p.30231,Mack,Hollins,WR,PHI,ATL,PHI@ATL,8:20PM EDT,10,0.0, ,No,0,0,0,0,1,MackHollins,MACKHOLLINS
518,nfl.p.30707,Corey,Clement,RB,PHI,ATL,PHI@ATL,8:20PM EDT,10,6.4, ,No,0,0,1,0,0,CoreyClement,COREYCLEMENT
519,nfl.p.31019,Dallas,Goedert,TE,PHI,ATL,PHI@ATL,8:20PM EDT,10,2.6, ,No,0,1,0,0,0,DallasGoedert,DALLASGOEDERT
520,nfl.p.31885,Miles,Sanders,RB,PHI,ATL,PHI@ATL,8:20PM EDT,16,3.2, ,No,0,0,1,0,0,MilesSanders,MILESSANDERS
521,nfl.p.31889,JJ,Arcega-Whiteside,WR,PHI,ATL,PHI@ATL,8:20PM EDT,10,0.0, ,No,0,0,0,0,1,JJArcega-Whiteside,JJARCEGAWHITESIDE
522,nfl.p.6849,Matt,Schaub,QB,ATL,PHI,PHI@ATL,8:20PM EDT,20,0.3, ,No,1,0,0,0,0,MattSchaub,MATTSCHAUB
523,nfl.p.8780,Matt,Ryan,QB,ATL,PHI,PHI@ATL,8:20PM EDT,37,20.6, ,No,1,0,0,0,0,MattRyan,MATTRYAN
524,nfl.p.24793,Julio,Jones,WR,ATL,PHI,PHI@ATL,8:20PM EDT,36,12.1, ,No,0,0,0,0,1,JulioJones,JULIOJONES
525,nfl.p.24891,Luke,Stocker,TE,ATL,PHI,PHI@ATL,8:20PM EDT,10,0.0, ,No,0,1,0,0,0,LukeStocker,LUKESTOCKER
526,nfl.p.25793,Mohamed,Sanu,WR,ATL,PHI,PHI@ATL,8:20PM EDT,16,8.2, ,No,0,0,0,0,1,MohamedSanu,MOHAMEDSANU
528,nfl.p.27631,Devonta,Freeman,RB,ATL,PHI,PHI@ATL,8:20PM EDT,17,2.6, ,No,0,0,1,0,0,DevontaFreeman,DEVONTAFREEMAN
529,nfl.p.28495,Justin,Hardy,WR,ATL,PHI,PHI@ATL,8:20PM EDT,10,6.1, ,No,0,0,0,0,1,JustinHardy,JUSTINHARDY
530,nfl.p.29315,Austin,Hooper,TE,ATL,PHI,PHI@ATL,8:20PM EDT,13,12.2, ,No,0,1,0,0,0,AustinHooper,AUSTINHOOPER
531,nfl.p.30269,Brian,Hill,RB,ATL,PHI,PHI@ATL,8:20PM EDT,10,3.0, ,No,0,0,1,0,0,BrianHill,BRIANHILL
532,nfl.p.30996,Calvin,Ridley,WR,ATL,PHI,PHI@ATL,8:20PM EDT,21,14.4, ,No,0,0,0,0,1,CalvinRidley,CALVINRIDLEY
533,nfl.p.31096,Ito,Smith,RB,ATL,PHI,PHI@ATL,8:20PM EDT,11,4.5, ,No,0,0,1,0,0,ItoSmith,ITOSMITH
535,nfl.p.31749,Jaeden,Graham,TE,ATL,PHI,PHI@ATL,8:20PM EDT,10,0.0, ,No,0,1,0,0,0,JaedenGraham,JAEDENGRAHAM
536,nfl.p.31984,Qadree,Ollison,RB,ATL,PHI,PHI@ATL,8:20PM EDT,10,0.0, ,No,0,0,1,0,0,QadreeOllison,QADREEOLLISON
537,nfl.p.32123,Olamide,Zaccheaus,WR,ATL,PHI,PHI@ATL,8:20PM EDT,10,0.0, ,No,0,0,0,0,1,OlamideZaccheaus,OLAMIDEZACCHEAUS
538,nfl.p.5967,Josh,McCown,QB,PHI,ATL,PHI@ATL,8:20PM EDT,20,6.2, ,No,1,0,0,0,0,JoshMcCown,JOSHMCCOWN
539,nfl.p.7306,Darren,Sproles,RB,PHI,ATL,PHI@ATL,8:20PM EDT,11,9.8, ,No,0,0,1,0,0,DarrenSproles,DARRENSPROLES
540,nfl.p.29944,Alex,Ellis,TE,PHI,ATL,PHI@ATL,8:20PM EDT,10,0.0, ,No,0,1,0,0,0,AlexEllis,ALEXELLIS
541,nfl.p.28141,Keith,Smith,RB,ATL,PHI,PHI@ATL,8:20PM EDT,10,0.5, ,No,0,0,1,0,0,KeithSmith,KEITHSMITH
542,nfl.p.27626,Richard,Rodgers,TE,PHI,ATL,PHI@ATL,8:20PM EDT,10,1.2, ,No,0,1,0,0,0,RichardRodgers,RICHARDRODGERS
