"Rank","Tier","WSIS","Flex Position (RB/WR/TE)","Team","Pos","Opp","Best","Worst","Avg","Std Dev"
"1","undefined","","Christian McCaffrey","CAR","RB1","vs. TB","1","4","1.4","0.7"
"2","undefined","","Saquon Barkley","NYG","RB2","vs. BUF","1","12","2.7","0.9"
"3","undefined","","Alvin Kamara","NO","RB3","at LAR","1","8","3.1","0.8"
"4","undefined","","Ezekiel Elliott","DAL","RB4","at WAS","1","63","3.8","3.1"
"5","undefined","","Nick Chubb","CLE","RB5","at NYJ","1","28","6.2","2.8"
"6","undefined","","Julio Jones","ATL","WR1","vs. PHI","4","24","8.9","2.7"
"7","undefined","","James Conner","PIT","RB6","vs. SEA","5","75","10.5","4.6"
"8","undefined","","DeAndre Hopkins","HOU","WR2","vs. JAC","5","28","10.6","4.0"
"9","undefined","","Dalvin Cook","MIN","RB7","at GB","2","35","10.7","3.9"
"10","undefined","","Le'Veon Bell","NYJ","RB8","vs. CLE","2","44","11.0","8.2"
"11","undefined","","Chris Carson","SEA","RB9","at PIT","5","34","12.1","5.0"
"12","undefined","","Odell Beckham Jr.","CLE","WR3","at NYJ","5","30","13.7","3.9"
"13","undefined","","Derrick Henry","TEN","RB10","vs. IND","1","56","14.9","7.2"
"14","undefined","","Todd Gurley","LAR","RB11","vs. NO","5","44","16.2","6.0"
"15","undefined","","David Johnson","ARI","RB12","at BAL","4","44","16.7","7.1"
"16","undefined","","Michael Thomas","NO","WR4","at LAR","7","28","16.7","4.7"
"17","undefined","","Travis Kelce","KC","TE1","at OAK","8","51","17.7","6.9"
"18","undefined","","Davante Adams","GB","WR5","vs. MIN","10","48","17.8","5.3"
"19","undefined","","Mark Ingram","BAL","RB13","vs. ARI","6","49","18.6","5.4"
"20","undefined","","Austin Ekeler","LAC","RB14","at DET","2","65","20.1","7.5"
"21","undefined","","JuJu Smith-Schuster","PIT","WR6","vs. SEA","10","61","20.3","4.8"
"22","undefined","","Sony Michel","NE","RB15","at MIA","5","66","21.2","7.7"
"23","undefined","","Keenan Allen","LAC","WR7","at DET","9","38","22.5","4.4"
"24","undefined","","Josh Jacobs","OAK","RB16","vs. KC","8","51","23.2","6.0"
"25","undefined","","Sammy Watkins","KC","WR8","at OAK","7","52","23.5","5.8"
"26","undefined","","Marlon Mack","IND","RB17","at TEN","5","65","25.1","7.6"
"27","undefined","","Leonard Fournette","JAC","RB18","at HOU","9","56","25.4","5.4"
"28","undefined","","Amari Cooper","DAL","WR9","at WAS","17","47","27.3","3.5"
"29","undefined","","Mike Evans","TB","WR10","at CAR","13","58","30.3","6.2"
"30","undefined","","Damien Williams","KC","RB19","at OAK","9","103","32.0","6.6"
"31","undefined","","Robert Woods","LAR","WR11","vs. NO","20","98","32.7","4.7"
"32","undefined","","Kerryon Johnson","DET","RB20","vs. LAC","11","56","32.8","5.0"
"33","undefined","","Adam Thielen","MIN","WR12","at GB","10","53","33.1","5.6"
"34","undefined","","Brandin Cooks","LAR","WR13","vs. NO","26","67","34.3","5.3"
"35","undefined","","Matt Breida","SF","RB21","at CIN","11","67","36.5","6.9"
"36","undefined","","T.Y. Hilton","IND","WR14","at TEN","14","55","38.1","5.8"
"37","undefined","","Aaron Jones","GB","RB22","vs. MIN","6","66","38.6","8.6"
"38","undefined","","Julian Edelman","NE","WR15","at MIA","17","61","39.2","5.2"
"39","undefined","","Cooper Kupp","LAR","WR16","vs. NO","14","62","40.6","6.0"
"40","undefined","","Tyler Lockett","SEA","WR17","at PIT","24","86","41.8","7.1"
"41","undefined","","Chris Godwin","TB","WR18","at CAR","24","68","42.1","6.0"
"42","undefined","","D.J. Moore","CAR","WR19","vs. TB","30","91","42.3","6.9"
"43","undefined","","Devonta Freeman","ATL","RB23","vs. PHI","20","96","43.8","11.0"
"44","undefined","","George Kittle","SF","TE2","at CIN","16","69","45.7","6.3"
"45","undefined","","Tyler Boyd","CIN","WR20","vs. SF","24","101","46.1","6.0"
"46","undefined","","Kenny Golladay","DET","WR21","vs. LAC","35","74","49.5","6.3"
"47","undefined","","Josh Gordon","NE","WR22","at MIA","30","86","49.7","8.5"
"48","undefined","","Allen Robinson","CHI","WR23","at DEN","26","104","52.2","6.6"
"49","undefined","","Stefon Diggs","MIN","WR24","at GB","36","136","52.3","9.0"
"50","undefined","","Alshon Jeffery","PHI","WR25","at ATL","30","86","53.2","5.5"
"51","undefined","","LeSean McCoy","KC","RB24","at OAK","23","133","54.6","17.1"
"52","undefined","","DeSean Jackson","PHI","WR26","at ATL","24","86","54.6","6.9"
"53","undefined","","Calvin Ridley","ATL","WR27","vs. PHI","29","73","54.7","5.9"
"54","undefined","","Devin Singletary","BUF","RB25","at NYG","18","112","54.8","12.6"
"55","undefined","","Tyrell Williams","OAK","WR28","vs. KC","13","99","55.2","10.3"
"56","undefined","","John Brown","BUF","WR29","at NYG","33","87","56.9","6.4"
"57","undefined","","Zach Ertz","PHI","TE3","at ATL","16","94","57.0","9.5"
"58","undefined","","Duke Johnson","HOU","RB26","vs. JAC","15","109","57.7","12.4"
"59","undefined","","Evan Engram","NYG","TE4","vs. BUF","16","77","60.2","10.6"
"60","undefined","","James White","NE","RB27","at MIA","22","93","62.8","11.5"
"61","undefined","","Adrian Peterson","WAS","RB28","vs. DAL","18","107","65.3","15.0"
"62","undefined","","Phillip Lindsay","DEN","RB29","vs. CHI","13","102","66.4","14.2"
"63","undefined","","Michael Gallup","DAL","WR30","at WAS","41","121","66.6","8.2"
"64","undefined","","Miles Sanders","PHI","RB30","at ATL","31","111","66.9","12.0"
"65","undefined","","Curtis Samuel","CAR","WR31","vs. TB","36","119","67.2","9.0"
"66","undefined","","O.J. Howard","TB","TE5","at CAR","38","129","68.9","14.4"
"67","undefined","","Will Fuller","HOU","WR32","vs. JAC","38","104","70.9","7.3"
"68","undefined","","Larry Fitzgerald","ARI","WR33","at BAL","42","107","71.7","5.3"
"69","undefined","","Antonio Brown","NE","WR34","at MIA","24","207","63.9","23.7"
"70","undefined","","Jarvis Landry","CLE","WR35","at NYJ","48","99","71.7","6.8"
"71","undefined","","Robby Anderson","NYJ","WR36","vs. CLE","52","131","71.8","13.5"
"72","undefined","","David Montgomery","CHI","RB31","at DEN","23","134","72.1","14.6"
"73","undefined","","Jamison Crowder","NYJ","WR37","vs. CLE","39","115","72.8","10.2"
"74","undefined","","Marvin Jones","DET","WR38","vs. LAC","57","142","77.2","8.3"
"75","undefined","","Dede Westbrook","JAC","WR39","at HOU","45","115","77.3","7.1"
"76","undefined","","Darren Waller","OAK","TE6","vs. KC","46","129","78.9","11.8"
"77","undefined","","John Ross","CIN","WR40","vs. SF","41","127","79.2","10.7"
"78","undefined","","Giovani Bernard","CIN","RB32","vs. SF","31","147","80.3","22.8"
"79","undefined","","Christian Kirk","ARI","WR41","at BAL","48","115","80.3","8.6"
"80","undefined","","Mark Andrews","BAL","TE7","vs. ARI","51","128","81.0","10.5"
"81","undefined","","Delanie Walker","TEN","TE8","vs. IND","46","122","81.1","9.8"
"82","undefined","","D.K. Metcalf","SEA","WR42","at PIT","54","119","81.8","8.1"
"83","undefined","","Courtland Sutton","DEN","WR43","vs. CHI","40","104","82.2","9.8"
"84","undefined","","Latavius Murray","NO","RB33","at LAR","37","124","82.2","14.3"
"85","undefined","","Tarik Cohen","CHI","RB34","at DEN","43","135","84.7","9.7"
"86","undefined","","Marquez Valdes-Scantling","GB","WR44","vs. MIN","71","143","87.5","8.5"
"87","undefined","","Jared Cook","NO","TE9","at LAR","59","132","89.9","13.8"
"88","undefined","","Marquise Brown","BAL","WR45","vs. ARI","47","161","89.1","13.0"
"89","undefined","","Mecole Hardman","KC","WR46","at OAK","35","154","88.8","14.3"
"90","undefined","","Kenyan Drake","MIA","RB35","vs. NE","37","160","92.4","13.0"
"91","undefined","","Emmanuel Sanders","DEN","WR47","vs. CHI","42","136","93.4","10.7"
"92","undefined","","Ronald Jones II","TB","RB36","at CAR","34","156","93.7","14.9"
"93","undefined","","T.J. Hockenson","DET","TE10","vs. LAC","43","149","95.0","14.2"
"94","undefined","","Corey Davis","TEN","WR48","vs. IND","50","201","95.1","13.2"
"95","undefined","","Royce Freeman","DEN","RB37","vs. CHI","70","144","98.8","8.1"
"96","undefined","","Justin Jackson","LAC","RB38","at DET","64","140","99.1","11.1"
"97","undefined","","Terry McLaurin","WAS","WR49","vs. DAL","41","188","100.1","17.5"
"98","undefined","","Donte Moncrief","PIT","WR50","vs. SEA","72","136","100.6","10.2"
"99","undefined","","Vance McDonald","PIT","TE11","vs. SEA","75","139","101.8","13.4"
"100","undefined","","Chris Thompson","WAS","RB39","vs. DAL","59","141","102.9","14.8"
"101","undefined","","Carlos Hyde","HOU","RB40","vs. JAC","56","165","102.9","10.4"
"102","undefined","","David Njoku","CLE","TE12","at NYJ","69","139","103.6","11.7"
"103","undefined","","Malcolm Brown","LAR","RB41","vs. NO","31","186","103.7","14.4"
"104","undefined","","Jordan Howard","PHI","RB42","at ATL","84","160","107.1","12.1"
"105","undefined","","Mohamed Sanu","ATL","WR51","vs. PHI","80","144","109.6","9.4"
"106","undefined","","Greg Olsen","CAR","TE13","vs. TB","69","208","111.6","15.2"
"107","undefined","","Rex Burkhead","NE","RB43","at MIA","19","177","110.7","18.5"
"108","undefined","","Mike Williams","LAC","WR52","at DET","50","231","90.4","37.0"
"109","undefined","","Austin Hooper","ATL","TE14","vs. PHI","75","146","113.5","14.1"
"110","undefined","","A.J. Brown","TEN","WR53","vs. IND","35","179","113.3","15.2"
"111","undefined","","James Washington","PIT","WR54","vs. SEA","67","206","109.9","19.4"
"112","undefined","","Devante Parker","MIA","WR55","vs. NE","67","162","113.6","13.5"
"113","undefined","","Joe Mixon","CIN","RB44","vs. SF","8","186","89.7","40.1"
"114","undefined","","Peyton Barber","TB","RB45","at CAR","70","184","116.2","14.0"
"115","undefined","","Rashaad Penny","SEA","RB46","at PIT","97","159","118.6","12.8"
"116","undefined","","Marquise Goodwin","SF","WR56","at CIN","86","174","115.5","14.3"
"117","undefined","","Jimmy Graham","GB","TE15","vs. MIN","69","139","120.2","5.0"
"118","undefined","","Ted Ginn","NO","WR57","at LAR","73","185","115.7","16.4"
"119","undefined","","Mike Davis","CHI","RB47","at DEN","61","160","123.3","12.6"
"120","undefined","","Eric Ebron","IND","TE16","at TEN","77","174","124.4","8.3"
"121","undefined","","C.J. Anderson","DET","RB48","vs. LAC","103","160","124.5","10.7"
"122","undefined","","Raheem Mostert","SF","RB49","at CIN","34","199","124.0","23.6"
"123","undefined","","Ito Smith","ATL","RB50","vs. PHI","100","167","126.8","10.3"
"124","undefined","","Geronimo Allison","GB","WR58","vs. MIN","86","182","122.8","16.3"
"125","undefined","","Danny Amendola","DET","WR59","vs. LAC","67","171","129.2","18.6"
"126","undefined","","Tyler Eifert","CIN","TE17","vs. SF","94","191","130.9","11.4"
"127","undefined","","D.J. Chark","JAC","WR60","at HOU","80","202","129.2","16.3"
"128","undefined","","Dion Lewis","TEN","RB51","vs. IND","81","159","130.6","11.8"
"129","undefined","","Randall Cobb","DAL","WR61","at WAS","80","183","132.2","14.2"
"130","undefined","","Frank Gore","BUF","RB52","at NYG","65","179","134.4","12.9"
"131","undefined","","Kyle Rudolph","MIN","TE18","at GB","119","192","136.6","10.5"
"132","undefined","","Kenny Stills","HOU","WR62","vs. JAC","91","201","132.6","15.2"
"133","undefined","","Trey Quinn","WAS","WR63","vs. DAL","101","223","136.3","13.5"
"134","undefined","","Deebo Samuel","SF","WR64","at CIN","72","192","133.4","15.9"
"135","undefined","","Vernon Davis","WAS","TE19","vs. DAL","59","204","138.5","21.7"
"136","undefined","","Anthony Miller","CHI","WR65","at DEN","82","248","135.4","24.3"
"137","undefined","","Chris Conley","JAC","WR66","at HOU","78","181","137.8","18.1"
"138","undefined","","Dante Pettis","SF","WR67","at CIN","62","218","133.9","22.2"
"139","undefined","","Kalen Ballage","MIA","RB53","vs. NE","100","184","138.9","13.0"
"140","undefined","","Cole Beasley","BUF","WR68","at NYG","62","176","141.8","24.2"
"141","undefined","","Tre'Quan Smith","NO","WR69","at LAR","104","181","141.2","14.7"
"142","undefined","","Jack Doyle","IND","TE20","at TEN","117","221","146.6","14.7"
"143","undefined","","Nyheim Hines","IND","RB54","at TEN","103","179","147.7","8.4"
"144","undefined","","Dallas Goedert","PHI","TE21","at ATL","122","209","145.7","13.8"
"145","undefined","","Justice Hill","BAL","RB55","vs. ARI","111","199","146.6","14.7"
"146","undefined","","Rashard Higgins","CLE","WR70","at NYJ","104","181","148.5","11.6"
"147","undefined","","Jaylen Samuels","PIT","RB56","vs. SEA","97","193","154.1","11.0"
"148","undefined","","Jamaal Williams","GB","RB57","vs. MIN","112","190","153.8","12.4"
"149","undefined","","Noah Fant","DEN","TE22","vs. CHI","94","196","151.4","14.0"
"150","undefined","","Willie Snead","BAL","WR71","vs. ARI","104","189","151.9","11.8"
"151","undefined","","DaeSean Hamilton","DEN","WR72","vs. CHI","102","189","152.1","12.5"
"152","undefined","","Gus Edwards","BAL","RB58","vs. ARI","86","184","149.5","16.4"
"153","undefined","","Preston Williams","MIA","WR73","vs. NE","73","201","150.8","18.5"
"154","undefined","","Adam Humphries","TEN","WR74","vs. IND","76","200","153.8","13.4"
"155","undefined","","Alexander Mattison","MIN","RB59","at GB","84","190","154.7","13.9"
"156","undefined","","Paul Richardson","WAS","WR75","vs. DAL","92","183","154.3","16.7"
"157","undefined","","Taylor Gabriel","CHI","WR76","at DEN","106","205","155.1","11.8"
"158","undefined","","Darren Sproles","PHI","RB60","at ATL","85","205","159.2","22.1"
"159","undefined","","Zay Jones","BUF","WR77","at NYG","72","200","158.2","14.7"
"160","undefined","","Trey Burton","CHI","TE23","at DEN","94","225","147.8","19.2"
"161","undefined","","Jason Witten","DAL","TE24","at WAS","122","208","161.7","12.7"
"162","undefined","","KeeSean Johnson","ARI","WR78","at BAL","63","216","158.5","19.6"
"163","undefined","","Mike Gesicki","MIA","TE25","vs. NE","95","204","158.3","11.2"
"164","undefined","","Phillip Dorsett","NE","WR79","at MIA","57","189","160.5","19.5"
"165","undefined","","Demarcus Robinson","KC","WR80","at OAK","104","221","161.7","18.2"
"166","undefined","","Jalen Richard","OAK","RB61","vs. KC","97","205","165.0","17.6"
"167","undefined","","Dare Ogunbowale","TB","RB62","at CAR","112","199","169.4","17.4"
"168","undefined","","Parris Campbell","IND","WR81","at TEN","116","217","166.3","15.6"
"169","undefined","","Cody Latimer","NYG","WR82","vs. BUF","62","208","161.1","30.3"
"170","undefined","","Keke Coutee","HOU","WR83","vs. JAC","102","216","168.0","15.2"
"171","undefined","","Tony Pollard","DAL","RB63","at WAS","90","199","173.3","16.0"
"172","undefined","","Albert Wilson","MIA","WR84","vs. NE","98","235","153.1","26.6"
"173","undefined","","Travis Benjamin","LAC","WR85","at DET","86","213","165.3","32.8"
"174","undefined","","Miles Boykin","BAL","WR86","vs. ARI","118","242","171.5","16.5"
"175","undefined","","Hunter Renfrow","OAK","WR87","vs. KC","114","214","172.7","12.9"
"176","undefined","","C.J. Uzomah","CIN","TE26","vs. SF","119","228","175.4","17.8"
"177","undefined","","Gerald Everett","LAR","TE27","vs. NO","143","212","176.7","13.6"
"178","undefined","","Nelson Agholor","PHI","WR88","at ATL","99","206","172.1","14.3"
"179","undefined","","Ty Montgomery","NYJ","RB64","vs. CLE","96","244","177.9","23.4"
"180","undefined","","Darrell Henderson","LAR","RB65","vs. NO","111","305","176.0","15.9"
"181","undefined","","Cameron Brate","TB","TE28","at CAR","117","212","177.9","17.7"
"182","undefined","","Tyler Higbee","LAR","TE29","vs. NO","128","236","184.0","16.4"
"183","undefined","","Breshad Perriman","TB","WR89","at CAR","72","207","176.2","13.0"
"184","undefined","","Deon Cain","IND","WR90","at TEN","114","238","179.8","15.2"
"185","undefined","","Darwin Thompson","KC","RB66","at OAK","159","245","184.9","10.2"
"186","undefined","","Hayden Hurst","BAL","TE30","vs. ARI","132","222","190.4","10.9"
"187","undefined","","Will Dissly","SEA","TE31","at PIT","113","227","187.1","14.7"
"188","undefined","","Cordarrelle Patterson","CHI","WR91","at DEN","148","245","184.7","13.4"
"189","undefined","","Ryan Grant","OAK","WR92","vs. KC","131","223","186.5","12.5"
"190","undefined","","Robert Foster","BUF","WR93","at NYG","101","245","184.2","19.6"
"191","undefined","","Nick Vannett","SEA","TE32","at PIT","150","228","194.5","13.1"
"192","undefined","","Marqise Lee","JAC","WR94","at HOU","82","278","187.2","19.8"
"193","undefined","","Chase Edmonds","ARI","RB67","at BAL","159","270","194.3","11.7"
"194","undefined","","Damion Willis","CIN","WR95","vs. SF","116","233","194.3","15.2"
"195","undefined","","Ian Thomas","CAR","TE33","vs. TB","129","293","199.9","16.1"
"196","undefined","","Josh Reynolds","LAR","WR96","vs. NO","144","226","192.2","12.8"
"197","undefined","","Wayne Gallman","NYG","RB68","vs. BUF","136","205","195.5","10.8"
"198","undefined","","Jeff Wilson","SF","RB69","at CIN","96","205","190.7","13.4"
"199","undefined","","Jaron Brown","SEA","WR97","at PIT","138","240","196.8","17.1"
"200","undefined","","Kendrick Bourne","SF","WR98","at CIN","162","242","199.6","11.8"
"201","undefined","","J.J. Arcega-Whiteside","PHI","WR99","at ATL","151","339","201.5","20.5"
"202","undefined","","Bennie Fowler","NYG","WR100","vs. BUF","144","233","198.4","16.1"
"203","undefined","","Dontrell Hilliard","CLE","RB70","at NYJ","159","205","197.5","9.1"
"204","undefined","","Chris Hogan","CAR","WR101","vs. TB","126","282","208.1","15.4"
"205","undefined","","Jordan Akins","HOU","TE34","vs. JAC","154","237","200.9","10.2"
"206","undefined","","Keelan Cole","JAC","WR102","at HOU","164","248","208.4","11.3"
"207","undefined","","Diontae Johnson","PIT","WR103","vs. SEA","137","223","207.9","9.8"
"208","undefined","","Jakeem Grant","MIA","WR104","vs. NE","119","233","199.8","21.5"
"209","undefined","","Jake Kumerow","GB","WR105","vs. MIN","181","336","210.2","20.7"
"210","undefined","","Andy Isabella","ARI","WR106","at BAL","138","352","209.1","21.4"
"211","undefined","","Demaryius Thomas","NYJ","WR107","vs. CLE","134","247","205.4","24.0"
"212","undefined","","Chad Beebe","MIN","WR108","at GB","168","243","210.8","11.2"
"213","undefined","","Keith Kirkwood","NO","WR109","at LAR","182","271","213.4","12.9"
"214","undefined","","Blake Jarwin","DAL","TE35","at WAS","149","219","195.5","15.2"
"215","undefined","","Ryan Griffin","NYJ","TE36","vs. CLE","129","249","193.3","22.0"
"216","undefined","","Virgil Green","LAC","TE37","at DET","132","222","188.0","25.1"
"217","undefined","","Geoff Swaim","JAC","TE38","at HOU","132","225","196.1","17.0"
"218","undefined","","Ryquell Armstead","JAC","RB71","at HOU","159","241","195.6","11.1"
"219","undefined","","Dontrelle Inman","LAC","WR110","at DET","127","234","188.3","23.9"
"220","undefined","","Damien Harris","NE","RB72","at MIA","135","245","187.6","16.9"
"221","undefined","","Ryan Switzer","PIT","WR111","vs. SEA","148","239","200.2","19.6"
"222","undefined","","T.J. Yeldon","BUF","RB73","at NYG","160","304","195.8","21.9"
"223","undefined","","Damiere Byrd","ARI","WR112","at BAL","137","251","198.9","26.5"
"224","undefined","","Adam Shaheen","CHI","TE39","at DEN","166","234","209.4","14.8"
"225","undefined","","Irv Smith Jr.","MIN","TE40","at GB","139","254","218.1","13.9"
"226","undefined","","James O'Shaughnessy","JAC","TE41","at HOU","150","232","208.6","21.6"
"227","undefined","","Dawson Knox","BUF","TE42","at NYG","191","236","214.1","11.2"
"228","undefined","","Jarius Wright","CAR","WR113","vs. TB","168","242","210.9","17.1"
"229","undefined","","Charles Clay","ARI","TE43","at BAL","172","283","220.1","19.9"
"230","undefined","","Allen Hurns","MIA","WR114","vs. NE","143","244","207.0","24.6"
"231","undefined","","Jonnu Smith","TEN","TE44","vs. IND","191","237","220.6","8.9"
"232","undefined","","Richie James","SF","WR115","at CIN","164","246","216.1","20.1"
"233","undefined","","Jesse James","DET","TE45","vs. LAC","165","236","222.0","6.7"
"234","undefined","","Michael Crabtree","ARI","WR116","at BAL","98","255","203.8","33.3"
"235","undefined","","Kelvin Harmon","WAS","WR117","vs. DAL","137","248","224.5","14.0"
"236","undefined","","Alex Erickson","CIN","WR118","vs. SF","181","253","219.1","17.6"
"237","undefined","","Trayveon Williams","CIN","RB74","vs. SF","31","202","190.3","7.8"
"238","undefined","","J.J. Nelson","OAK","WR119","vs. KC","183","250","220.4","20.4"
"239","undefined","","De'Anthony Thomas","KC","WR120","at OAK","163","251","209.3","22.4"
"240","undefined","","Foster Moreau","OAK","TE46","vs. KC","185","253","230.4","10.3"
"241","undefined","","Jeff Heuerman","DEN","TE47","vs. CHI","208","256","232.1","9.6"
"242","undefined","","Tajae Sharpe","TEN","WR121","vs. IND","185","245","222.6","18.6"
"243","undefined","","Chester Rogers","IND","WR122","at TEN","168","256","216.5","24.4"
"244","undefined","","Nick Boyle","BAL","TE48","vs. ARI","215","247","233.3","7.3"
"245","undefined","","Tommy Sweeney","BUF","TE49","at NYG","215","246","229.1","9.2"
"246","undefined","","Demetrius Harris","CLE","TE50","at NYJ","220","272","235.0","11.1"
"247","undefined","","Matt LaCosse","NE","TE51","at MIA","193","252","227.1","13.0"
"248","undefined","","Josh Hill","NO","TE52","at LAR","208","249","233.9","7.9"
"249","undefined","","Justin Hardy","ATL","WR123","vs. PHI","146","245","216.6","26.2"
"250","undefined","","Ryan Izzo","NE","TE53","at MIA","192","253","229.1","17.4"
"251","undefined","","Rhett Ellison","NYG","TE54","vs. BUF","217","259","235.8","8.4"
"252","undefined","","Robert Tonyan","GB","TE55","vs. MIN","211","243","230.7","10.7"
"253","undefined","","Corey Clement","PHI","RB75","at ATL","141","313","203.7","53.5"
"254","undefined","","Seth Roberts","BAL","WR124","vs. ARI","175","256","216.9","24.6"
"255","undefined","","Marcedes Lewis","GB","TE56","vs. MIN","194","253","234.1","15.4"
"256","undefined","","Tevin Coleman","SF","RB76","at CIN","37","205","142.0","74.7"
"257","undefined","","Taywan Taylor","CLE","WR125","at NYJ","195","251","219.9","18.5"
"258","undefined","","Blake Bell","KC","TE57","at OAK","223","274","239.4","11.0"
"259","undefined","","Josh Bellamy","NYJ","WR126","vs. CLE","146","252","222.5","26.0"
"260","undefined","","DeAndre Washington","OAK","RB77","vs. KC","179","247","210.8","21.8"
"261","undefined","","Darren Fells","HOU","TE58","vs. JAC","200","252","238.5","12.8"
"262","undefined","","Bilal Powell","NYJ","RB78","vs. CLE","141","186","167.7","19.3"
"263","undefined","","David Moore","SEA","WR127","at PIT","176","210","192.8","16.8"
"264","undefined","","D'Ernest Johnson","CLE","RB79","at NYJ","171","237","194.8","25.8"
"265","undefined","","Jeremy Sprinkle","WAS","TE59","vs. DAL","214","301","243.1","19.0"
"266","undefined","","Devontae Booker","DEN","RB80","vs. CHI","169","291","219.2","42.9"
"267","undefined","","Verran Tucker","KC","WR128","at OAK","114","176","145.0","31.0"
"268","undefined","","Damion Ratley","CLE","WR129","at NYJ","178","248","220.7","20.7"
"269","undefined","","Tavon Austin","DAL","WR130","at WAS","201","228","215.4","9.0"
"270","undefined","","Sean Culkin","LAC","TE60","at DET","198","320","244.4","26.8"
"271","undefined","","Jalen Hurd","SF","WR131","at CIN","189","222","207.3","13.1"
"272","undefined","","Maxx Williams","ARI","TE61","at BAL","227","280","245.9","12.2"
"273","undefined","","Luke Stocker","ATL","TE62","vs. PHI","225","257","245.0","7.4"
"274","undefined","","Russell Shepard","NYG","WR132","vs. BUF","196","257","228.3","21.5"
"275","undefined","","Stephen Carlson","CLE","TE63","at NYJ","116","223","169.5","53.5"
"276","undefined","","Tyler Kroft","BUF","TE64","at NYG","147","238","214.0","38.7"
"277","undefined","","Jordan Scarlett","CAR","RB81","vs. TB","199","335","238.2","51.5"
"278","undefined","","Devin Funchess","IND ","WR133","at TEN","176","218","201.7","18.4"
"279","undefined","","Zach Pascal","IND","WR134","at TEN","206","234","224.8","6.7"
"280","undefined","","Ty Johnson","DET","RB82","vs. LAC","186","306","232.3","45.8"
"281","undefined","","Austin Seferian-Jenkins","FA","TE65","","144","229","186.5","42.5"
"282","undefined","","Justin Watson","TB","WR135","at CAR","211","357","251.4","54.6"
"283","undefined","","Ben Braunecker","CHI","TE66","at DEN","211","328","249.2","38.4"
"284","undefined","","Trevor Davis","GB","WR136","vs. MIN","185","256","233.8","13.5"
"285","undefined","","Xavier Grimble","PIT","TE67","vs. SEA","232","346","255.6","27.9"
"286","undefined","","Wendell Smallwood","WAS","RB83","vs. DAL","199","310","238.0","51.0"
"287","undefined","","Trent Taylor","SF","WR137","at CIN","183","224","203.5","20.5"
"288","undefined","","Mo Alie-Cox","IND","TE68","at TEN","225","258","250.1","5.8"
"289","undefined","","Jakobi Meyers","NE","WR138","at MIA","188","255","241.3","16.0"
"290","undefined","","Jordan Wilkins","IND","RB84","at TEN","200","275","235.3","30.8"
"291","undefined","","Nick O'Leary","MIA","TE69","vs. NE","220","263","249.1","9.2"
"292","undefined","","John Ursua","SEA","WR139","at PIT","213","221","217.0","4.0"
"293","undefined","","Chris Moore","BAL","WR140","vs. ARI","213","251","231.7","15.5"
"294","undefined","","C.J. Prosise","SEA","RB85","at PIT","205","316","254.0","46.2"
"295","undefined","","Braxton Berrios","NYJ","WR141","vs. CLE","214","330","259.0","50.8"
"296","undefined","","Dwayne Harris","OAK","WR142","vs. KC","210","249","235.7","18.2"
"297","undefined","","Javon Wims","CHI","WR143","at DEN","220","233","226.5","6.5"
"298","undefined","","Benny Snell Jr.","PIT","RB86","vs. SEA","199","276","237.5","38.5"
"299","undefined","","Devine Ozigbo","JAC","RB87","at HOU","200","296","248.0","48.0"
"300","undefined","","Cody Core","NYG","WR144","vs. BUF","217","242","229.5","12.5"
"301","undefined","","Mack Hollins","PHI","WR145","at ATL","206","344","275.0","69.0"
"302","undefined","","DeAndre Carter","HOU","WR146","vs. JAC","218","255","236.5","18.5"
"303","undefined","","Darius Jennings","TEN","WR147","vs. IND","216","324","270.0","54.0"
"304","undefined","","Isaiah McKenzie","BUF","WR148","at NYG","218","277","247.5","29.5"
"305","undefined","","Ray-Ray McCloud","CAR","WR149","vs. TB","221","360","290.5","69.5"
"306","undefined","","Bobo Wilson","TB","WR150","at CAR","223","331","277.0","54.0"
"307","undefined","","Ross Dwelley","SF","TE70","at CIN","246","334","266.6","33.8"
"308","undefined","","Tyler Ervin","JAC","RB88","at HOU","226","319","272.5","46.5"
"309","undefined","","Russell Gage","ATL","WR151","vs. PHI","238","247","242.5","4.5"
"310","undefined","","Troy Fumagalli","DEN","TE71","vs. CHI","245","349","273.3","43.8"
"311","undefined","","Chris Manhertz","CAR","TE72","vs. TB","237","268","254.4","10.0"
"312","undefined","","Trent Sherfield","ARI","WR152","at BAL","231","345","288.0","57.0"
"313","undefined","","Chris Lacy","DET","WR153","vs. LAC","231","358","294.5","63.5"
"314","undefined","","Durham Smythe","MIA","TE73","vs. NE","232","299","265.5","33.5"
"315","undefined","","Olabisi Johnson","MIN","WR154","at GB","234","332","283.0","49.0"
"316","undefined","","Derek Carrier","OAK","TE74","vs. KC","235","311","273.0","38.0"
"317","undefined","","Drew Sample","CIN","TE75","vs. SF","249","333","269.0","32.1"
"318","undefined","","Anthony Firkser","TEN","TE76","vs. IND","252","255","253.0","1.4"
"319","undefined","","Logan Thomas","DET","TE77","vs. LAC","246","315","280.5","34.5"
"320","undefined","","Trevon Wesco","NYJ","TE78","vs. CLE","252","342","283.0","41.7"
"321","undefined","","Lee Smith","BUF","TE79","at NYG","250","292","271.0","21.0"
"322","undefined","","Mike Boone","MIN","RB89","at GB","251","307","279.0","28.0"
"323","undefined","","Reggie Bonnafon","CAR","RB90","vs. TB","256","264","260.0","4.0"
"324","undefined","","Tyler Conklin","NE","TE80","at MIA","257","329","293.0","36.0"
""
""