QB,RB1,RB2,WR1,WR2,WR3,TE,FLEX,DEF," ",Instructions,ID,First Name,Last Name,ID + Name,Position,Team,Opponent,Game,Time,Salary,FPPG,Injury Status,Starting
" "," "," "," "," "," "," "," "," "," ",1. Locate the player you want to select in the list below," "," "," "," "," "," "," "," "," "," "," "," "," "
" "," "," "," "," "," "," "," "," "," ","2. Copy the ID of your player (you can use the ""ID + Name"" column or the ""ID"" column)"," "," "," "," "," "," "," "," "," "," "," "," "," "
" "," "," "," "," "," "," "," "," "," ",3. Paste the ID into the roster position desired," "," "," "," "," "," "," "," "," "," "," "," "," "
" "," "," "," "," "," "," "," "," "," ",4. You can create up to 10 lineups," "," "," "," "," "," "," "," "," "," "," "," "," "
" "," "," "," "," "," "," "," "," "," "," "," "," "," "," "," "," "," "," "," "," "," "," "," "
" "," "," "," "," "," "," "," "," "," "," ",nfl.p.8285$nfl.g.2142265,Greg,Olsen,nfl.p.8285$nfl.g.2142265 - Greg Olsen,TE,CAR,ATL,CAR@ATL,1:00PM EST,16,7.6,O," "
" "," "," "," "," "," "," "," "," "," "," ",nfl.p.25828$nfl.g.2142265,Jarius,Wright,nfl.p.25828$nfl.g.2142265 - Jarius Wright,WR,CAR,ATL,CAR@ATL,1:00PM EST,10,2.7," "," "
" "," "," "," "," "," "," "," "," "," "," ",nfl.p.27618$nfl.g.2142265,Donte,Moncrief,nfl.p.27618$nfl.g.2142265 - Donte Moncrief,WR,CAR,ATL,CAR@ATL,1:00PM EST,10,1.0," "," "
" "," "," "," "," "," "," "," "," "," "," ",nfl.p.28365$nfl.g.2142265,Chris,Manhertz,nfl.p.28365$nfl.g.2142265 - Chris Manhertz,TE,CAR,ATL,CAR@ATL,1:00PM EST,10,4.1," "," "
" "," "," "," "," "," "," "," "," "," "," ",nfl.p.28514$nfl.g.2142265,Mike,Davis,nfl.p.28514$nfl.g.2142265 - Mike Davis,RB,CAR,ATL,CAR@ATL,1:00PM EST,10,1.6," "," "
" "," "," "," "," "," "," "," "," "," "," ",nfl.p.28800$nfl.g.2142265,DeAndrew,White,nfl.p.28800$nfl.g.2142265 - DeAndrew White,WR,CAR,ATL,CAR@ATL,1:00PM EST,10,0.3," "," "
" "," "," "," "," "," "," "," "," "," "," ",nfl.p.30121$nfl.g.2142265,Christian,McCaffrey,nfl.p.30121$nfl.g.2142265 - Christian McCaffrey,RB,CAR,ATL,CAR@ATL,1:00PM EST,44,26.4," "," "
" "," "," "," "," "," "," "," "," "," "," ",nfl.p.30153$nfl.g.2142265,Curtis,Samuel,nfl.p.30153$nfl.g.2142265 - Curtis Samuel,WR,CAR,ATL,CAR@ATL,1:00PM EST,19,10.0," "," "
" "," "," "," "," "," "," "," "," "," "," ",nfl.p.30305$nfl.g.2142265,Alex,Armah,nfl.p.30305$nfl.g.2142265 - Alex Armah,RB,CAR,ATL,CAR@ATL,1:00PM EST,10,1.4," "," "
" "," "," "," "," "," "," "," "," "," "," ",nfl.p.30959$nfl.g.2142265,Brandon,Zylstra,nfl.p.30959$nfl.g.2142265 - Brandon Zylstra,WR,CAR,ATL,CAR@ATL,1:00PM EST,10,0.0," "," "
" "," "," "," "," "," "," "," "," "," "," ",nfl.p.30994$nfl.g.2142265,DJ,Moore,nfl.p.30994$nfl.g.2142265 - DJ Moore,WR,CAR,ATL,CAR@ATL,1:00PM EST,29,13.3," "," "
" "," "," "," "," "," "," "," "," "," "," ",nfl.p.31071$nfl.g.2142265,Ian,Thomas,nfl.p.31071$nfl.g.2142265 - Ian Thomas,TE,CAR,ATL,CAR@ATL,1:00PM EST,10,1.1," "," "
" "," "," "," "," "," "," "," "," "," "," ",nfl.p.31301$nfl.g.2142265,Kyle,Allen,nfl.p.31301$nfl.g.2142265 - Kyle Allen,QB,CAR,ATL,CAR@ATL,1:00PM EST,26,14.7," "," "
" "," "," "," "," "," "," "," "," "," "," ",nfl.p.31302$nfl.g.2142265,Reggie,Bonnafon,nfl.p.31302$nfl.g.2142265 - Reggie Bonnafon,RB,CAR,ATL,CAR@ATL,1:00PM EST,10,2.8," "," "
" "," "," "," "," "," "," "," "," "," "," ",nfl.p.31932$nfl.g.2142265,Will,Grier,nfl.p.31932$nfl.g.2142265 - Will Grier,QB,CAR,ATL,CAR@ATL,1:00PM EST,20,0.0," "," "
" "," "," "," "," "," "," "," "," "," "," ",nfl.p.31986$nfl.g.2142265,Jordan,Scarlett,nfl.p.31986$nfl.g.2142265 - Jordan Scarlett,RB,CAR,ATL,CAR@ATL,1:00PM EST,10,0.3,IR," "
" "," "," "," "," "," "," "," "," "," "," ",nfl.p.6849$nfl.g.2142265,Matt,Schaub,nfl.p.6849$nfl.g.2142265 - Matt Schaub,QB,ATL,CAR,CAR@ATL,1:00PM EST,20,8.5," "," "
" "," "," "," "," "," "," "," "," "," "," ",nfl.p.8780$nfl.g.2142265,Matt,Ryan,nfl.p.8780$nfl.g.2142265 - Matt Ryan,QB,ATL,CAR,CAR@ATL,1:00PM EST,32,18.9," "," "
" "," "," "," "," "," "," "," "," "," "," ",nfl.p.24793$nfl.g.2142265,Julio,Jones,nfl.p.24793$nfl.g.2142265 - Julio Jones,WR,ATL,CAR,CAR@ATL,1:00PM EST,34,13.7," "," "
" "," "," "," "," "," "," "," "," "," "," ",nfl.p.24891$nfl.g.2142265,Luke,Stocker,nfl.p.24891$nfl.g.2142265 - Luke Stocker,TE,ATL,CAR,CAR@ATL,1:00PM EST,10,0.8," "," "
" "," "," "," "," "," "," "," "," "," "," ",nfl.p.26805$nfl.g.2142265,Kenjon,Barner,nfl.p.26805$nfl.g.2142265 - Kenjon Barner,RB,ATL,CAR,CAR@ATL,1:00PM EST,10,1.3," "," "
" "," "," "," "," "," "," "," "," "," "," ",nfl.p.27631$nfl.g.2142265,Devonta,Freeman,nfl.p.27631$nfl.g.2142265 - Devonta Freeman,RB,ATL,CAR,CAR@ATL,1:00PM EST,20,10.7," "," "
" "," "," "," "," "," "," "," "," "," "," ",nfl.p.28141$nfl.g.2142265,Keith,Smith,nfl.p.28141$nfl.g.2142265 - Keith Smith,RB,ATL,CAR,CAR@ATL,1:00PM EST,10,0.2," "," "
" "," "," "," "," "," "," "," "," "," "," ",nfl.p.28495$nfl.g.2142265,Justin,Hardy,nfl.p.28495$nfl.g.2142265 - Justin Hardy,WR,ATL,CAR,CAR@ATL,1:00PM EST,10,2.6," "," "
" "," "," "," "," "," "," "," "," "," "," ",nfl.p.29315$nfl.g.2142265,Austin,Hooper,nfl.p.29315$nfl.g.2142265 - Austin Hooper,TE,ATL,CAR,CAR@ATL,1:00PM EST,24,14.1," "," "
" "," "," "," "," "," "," "," "," "," "," ",nfl.p.30269$nfl.g.2142265,Brian,Hill,nfl.p.30269$nfl.g.2142265 - Brian Hill,RB,ATL,CAR,CAR@ATL,1:00PM EST,14,6.6," "," "
" "," "," "," "," "," "," "," "," "," "," ",nfl.p.30996$nfl.g.2142265,Calvin,Ridley,nfl.p.30996$nfl.g.2142265 - Calvin Ridley,WR,ATL,CAR,CAR@ATL,1:00PM EST,25,12.5," "," "
" "," "," "," "," "," "," "," "," "," "," ",nfl.p.31164$nfl.g.2142265,Russell,Gage,nfl.p.31164$nfl.g.2142265 - Russell Gage,WR,ATL,CAR,CAR@ATL,1:00PM EST,15,4.7," "," "
" "," "," "," "," "," "," "," "," "," "," ",nfl.p.31347$nfl.g.2142265,Christian,Blake,nfl.p.31347$nfl.g.2142265 - Christian Blake,WR,ATL,CAR,CAR@ATL,1:00PM EST,10,3.6," "," "
" "," "," "," "," "," "," "," "," "," "," ",nfl.p.31641$nfl.g.2142265,Brandon,Powell,nfl.p.31641$nfl.g.2142265 - Brandon Powell,WR,ATL,CAR,CAR@ATL,1:00PM EST,10,3.1," "," "
" "," "," "," "," "," "," "," "," "," "," ",nfl.p.31749$nfl.g.2142265,Jaeden,Graham,nfl.p.31749$nfl.g.2142265 - Jaeden Graham,TE,ATL,CAR,CAR@ATL,1:00PM EST,10,2.8," "," "
" "," "," "," "," "," "," "," "," "," "," ",nfl.p.31984$nfl.g.2142265,Qadree,Ollison,nfl.p.31984$nfl.g.2142265 - Qadree Ollison,RB,ATL,CAR,CAR@ATL,1:00PM EST,14,8.1," "," "
" "," "," "," "," "," "," "," "," "," "," ",nfl.p.32123$nfl.g.2142265,Olamide,Zaccheaus,nfl.p.32123$nfl.g.2142265 - Olamide Zaccheaus,WR,ATL,CAR,CAR@ATL,1:00PM EST,10,0.0," "," "
" "," "," "," "," "," "," "," "," "," "," ",nfl.p.31336$nfl.g.2142265,Kurt,Benkert,nfl.p.31336$nfl.g.2142265 - Kurt Benkert,QB,ATL,CAR,CAR@ATL,1:00PM EST,20,0.0,IR," "
" "," "," "," "," "," "," "," "," "," "," ",nfl.t.29$nfl.g.2142265,Carolina,Panthers,nfl.t.29$nfl.g.2142265 - Carolina Panthers,DEF,CAR,ATL,CAR@ATL,1:00PM EST,17,8.2," "," "
" "," "," "," "," "," "," "," "," "," "," ",nfl.t.1$nfl.g.2142265,Atlanta,Falcons,nfl.t.1$nfl.g.2142265 - Atlanta Falcons,DEF,ATL,CAR,CAR@ATL,1:00PM EST,11,4.2," "," "
" "," "," "," "," "," "," "," "," "," "," ",nfl.p.31478$nfl.g.2142265,Marcus,Baugh,nfl.p.31478$nfl.g.2142265 - Marcus Baugh,TE,CAR,ATL,CAR@ATL,1:00PM EST,10,0.0,IR," "
" "," "," "," "," "," "," "," "," "," "," ",nfl.p.31096$nfl.g.2142265,Ito,Smith,nfl.p.31096$nfl.g.2142265 - Ito Smith,RB,ATL,CAR,CAR@ATL,1:00PM EST,10,4.4,IR," "
" "," "," "," "," "," "," "," "," "," "," ",nfl.p.30888$nfl.g.2142265,Alex,Gray,nfl.p.30888$nfl.g.2142265 - Alex Gray,TE,ATL,CAR,CAR@ATL,1:00PM EST,10,0.0,IR," "
" "," "," "," "," "," "," "," "," "," "," ",nfl.p.24788$nfl.g.2142265,Cam,Newton,nfl.p.24788$nfl.g.2142265 - Cam Newton,QB,CAR,ATL,CAR@ATL,1:00PM EST,20,8.8,IR," "
" "," "," "," "," "," "," "," "," "," "," ",nfl.p.25178$nfl.g.2142265,Chris,Hogan,nfl.p.25178$nfl.g.2142265 - Chris Hogan,WR,CAR,ATL,CAR@ATL,1:00PM EST,10,1.0,IR," "
" "," "," "," "," "," "," "," "," "," "," ",nfl.p.32094$nfl.g.2142265,Carson,Meier,nfl.p.32094$nfl.g.2142265 - Carson Meier,TE,ATL,CAR,CAR@ATL,1:00PM EST,10,0.0," "," "
" "," "," "," "," "," "," "," "," "," "," ",nfl.p.24815$nfl.g.2142268,Mark,Ingram II,nfl.p.24815$nfl.g.2142268 - Mark Ingram II,RB,BAL,BUF,BAL@BUF,1:00PM EST,27,15.1," "," "
" "," "," "," "," "," "," "," "," "," "," ",nfl.p.25712$nfl.g.2142268,Robert,Griffin III,nfl.p.25712$nfl.g.2142268 - Robert Griffin III,QB,BAL,BUF,BAL@BUF,1:00PM EST,20,2.2," "," "
" "," "," "," "," "," "," "," "," "," "," ",nfl.p.27652$nfl.g.2142268,De'Anthony,Thomas,nfl.p.27652$nfl.g.2142268 - De'Anthony Thomas,WR,BAL,BUF,BAL@BUF,1:00PM EST,10,0.2," "," "
" "," "," "," "," "," "," "," "," "," "," ",nfl.p.28026$nfl.g.2142268,Willie,Snead IV,nfl.p.28026$nfl.g.2142268 - Willie Snead IV,WR,BAL,BUF,BAL@BUF,1:00PM EST,10,5.4," "," "
" "," "," "," "," "," "," "," "," "," "," ",nfl.p.28214$nfl.g.2142268,Seth,Roberts,nfl.p.28214$nfl.g.2142268 - Seth Roberts,WR,BAL,BUF,BAL@BUF,1:00PM EST,10,3.1,Q," "
" "," "," "," "," "," "," "," "," "," "," ",nfl.p.28559$nfl.g.2142268,Nick,Boyle,nfl.p.28559$nfl.g.2142268 - Nick Boyle,TE,BAL,BUF,BAL@BUF,1:00PM EST,10,3.9," "," "
" "," "," "," "," "," "," "," "," "," "," ",nfl.p.29341$nfl.g.2142268,Chris,Moore,nfl.p.29341$nfl.g.2142268 - Chris Moore,WR,BAL,BUF,BAL@BUF,1:00PM EST,10,0.9," "," "
" "," "," "," "," "," "," "," "," "," "," ",nfl.p.30592$nfl.g.2142268,Patrick,Ricard,nfl.p.30592$nfl.g.2142268 - Patrick Ricard,RB,BAL,BUF,BAL@BUF,1:00PM EST,10,1.8," "," "
" "," "," "," "," "," "," "," "," "," "," ",nfl.p.30995$nfl.g.2142268,Hayden,Hurst,nfl.p.30995$nfl.g.2142268 - Hayden Hurst,TE,BAL,BUF,BAL@BUF,1:00PM EST,10,3.2," "," "
" "," "," "," "," "," "," "," "," "," "," ",nfl.p.31002$nfl.g.2142268,Lamar,Jackson,nfl.p.31002$nfl.g.2142268 - Lamar Jackson,QB,BAL,BUF,BAL@BUF,1:00PM EST,38,27.9," "," "
" "," "," "," "," "," "," "," "," "," "," ",nfl.p.31056$nfl.g.2142268,Mark,Andrews,nfl.p.31056$nfl.g.2142268 - Mark Andrews,TE,BAL,BUF,BAL@BUF,1:00PM EST,20,11.3," "," "
" "," "," "," "," "," "," "," "," "," "," ",nfl.p.31102$nfl.g.2142268,Jaleel,Scott,nfl.p.31102$nfl.g.2142268 - Jaleel Scott,WR,BAL,BUF,BAL@BUF,1:00PM EST,10,0.0," "," "
" "," "," "," "," "," "," "," "," "," "," ",nfl.p.31424$nfl.g.2142268,Gus,Edwards,nfl.p.31424$nfl.g.2142268 - Gus Edwards,RB,BAL,BUF,BAL@BUF,1:00PM EST,13,5.3," "," "
" "," "," "," "," "," "," "," "," "," "," ",nfl.p.31857$nfl.g.2142268,Marquise,Brown,nfl.p.31857$nfl.g.2142268 - Marquise Brown,WR,BAL,BUF,BAL@BUF,1:00PM EST,16,10.6,Q," "
" "," "," "," "," "," "," "," "," "," "," ",nfl.p.31925$nfl.g.2142268,Miles,Boykin,nfl.p.31925$nfl.g.2142268 - Miles Boykin,WR,BAL,BUF,BAL@BUF,1:00PM EST,10,4.0," "," "
" "," "," "," "," "," "," "," "," "," "," ",nfl.p.31945$nfl.g.2142268,Justice,Hill,nfl.p.31945$nfl.g.2142268 - Justice Hill,RB,BAL,BUF,BAL@BUF,1:00PM EST,10,1.6," "," "
" "," "," "," "," "," "," "," "," "," "," ",nfl.p.32029$nfl.g.2142268,Trace,McSorley,nfl.p.32029$nfl.g.2142268 - Trace McSorley,QB,BAL,BUF,BAL@BUF,1:00PM EST,20,0.0," "," "
" "," "," "," "," "," "," "," "," "," "," ",nfl.p.7241$nfl.g.2142268,Frank,Gore,nfl.p.7241$nfl.g.2142268 - Frank Gore,RB,BUF,BAL,BAL@BUF,1:00PM EST,12,6.7," "," "
" "," "," "," "," "," "," "," "," "," "," ",nfl.p.24063$nfl.g.2142268,Andre,Roberts,nfl.p.24063$nfl.g.2142268 - Andre Roberts,WR,BUF,BAL,BAL@BUF,1:00PM EST,10,0.3," "," "
" "," "," "," "," "," "," "," "," "," "," ",nfl.p.24946$nfl.g.2142268,Lee,Smith,nfl.p.24946$nfl.g.2142268 - Lee Smith,TE,BUF,BAL,BAL@BUF,1:00PM EST,10,1.6," "," "
" "," "," "," "," "," "," "," "," "," "," ",nfl.p.25158$nfl.g.2142268,Patrick,DiMarco,nfl.p.25158$nfl.g.2142268 - Patrick DiMarco,RB,BUF,BAL,BAL@BUF,1:00PM EST,10,1.2," "," "
" "," "," "," "," "," "," "," "," "," "," ",nfl.p.26060$nfl.g.2142268,Cole,Beasley,nfl.p.26060$nfl.g.2142268 - Cole Beasley,WR,BUF,BAL,BAL@BUF,1:00PM EST,17,10.2," "," "
" "," "," "," "," "," "," "," "," "," "," ",nfl.p.26721$nfl.g.2142268,Matt,Barkley,nfl.p.26721$nfl.g.2142268 - Matt Barkley,QB,BUF,BAL,BAL@BUF,1:00PM EST,20,4.1," "," "
" "," "," "," "," "," "," "," "," "," "," ",nfl.p.27619$nfl.g.2142268,John,Brown,nfl.p.27619$nfl.g.2142268 - John Brown,WR,BUF,BAL,BAL@BUF,1:00PM EST,23,12.9," "," "
" "," "," "," "," "," "," "," "," "," "," ",nfl.p.28223$nfl.g.2142268,Senorise,Perry,nfl.p.28223$nfl.g.2142268 - Senorise Perry,RB,BUF,BAL,BAL@BUF,1:00PM EST,10,0.0," "," "
" "," "," "," "," "," "," "," "," "," "," ",nfl.p.28424$nfl.g.2142268,T.J.,Yeldon,nfl.p.28424$nfl.g.2142268 - T.J. Yeldon,RB,BUF,BAL,BAL@BUF,1:00PM EST,10,5.8," "," "
" "," "," "," "," "," "," "," "," "," "," ",nfl.p.28473$nfl.g.2142268,Tyler,Kroft,nfl.p.28473$nfl.g.2142268 - Tyler Kroft,TE,BUF,BAL,BAL@BUF,1:00PM EST,10,1.8," "," "
" "," "," "," "," "," "," "," "," "," "," ",nfl.p.29973$nfl.g.2142268,Duke,Williams,nfl.p.29973$nfl.g.2142268 - Duke Williams,WR,BUF,BAL,BAL@BUF,1:00PM EST,10,4.9," "," "
" "," "," "," "," "," "," "," "," "," "," ",nfl.p.30285$nfl.g.2142268,Isaiah,McKenzie,nfl.p.30285$nfl.g.2142268 - Isaiah McKenzie,WR,BUF,BAL,BAL@BUF,1:00PM EST,10,4.3," "," "
" "," "," "," "," "," "," "," "," "," "," ",nfl.p.30977$nfl.g.2142268,Josh,Allen,nfl.p.30977$nfl.g.2142268 - Josh Allen,QB,BUF,BAL,BAL@BUF,1:00PM EST,30,20.7," "," "
" "," "," "," "," "," "," "," "," "," "," ",nfl.p.31601$nfl.g.2142268,Robert,Foster,nfl.p.31601$nfl.g.2142268 - Robert Foster,WR,BUF,BAL,BAL@BUF,1:00PM EST,10,1.5," "," "
" "," "," "," "," "," "," "," "," "," "," ",nfl.p.31906$nfl.g.2142268,Devin,Singletary,nfl.p.31906$nfl.g.2142268 - Devin Singletary,RB,BUF,BAL,BAL@BUF,1:00PM EST,19,11.7," "," "
" "," "," "," "," "," "," "," "," "," "," ",nfl.p.31928$nfl.g.2142268,Dawson,Knox,nfl.p.31928$nfl.g.2142268 - Dawson Knox,TE,BUF,BAL,BAL@BUF,1:00PM EST,10,4.7," "," "
" "," "," "," "," "," "," "," "," "," "," ",nfl.p.32060$nfl.g.2142268,Tommy,Sweeney,nfl.p.32060$nfl.g.2142268 - Tommy Sweeney,TE,BUF,BAL,BAL@BUF,1:00PM EST,10,1.3," "," "
" "," "," "," "," "," "," "," "," "," "," ",nfl.p.30594$nfl.g.2142268,Jason,Croom,nfl.p.30594$nfl.g.2142268 - Jason Croom,TE,BUF,BAL,BAL@BUF,1:00PM EST,10,3.5,IR," "
" "," "," "," "," "," "," "," "," "," "," ",nfl.t.33$nfl.g.2142268,Baltimore,Ravens,nfl.t.33$nfl.g.2142268 - Baltimore Ravens,DEF,BAL,BUF,BAL@BUF,1:00PM EST,19,9.7," "," "
" "," "," "," "," "," "," "," "," "," "," ",nfl.t.2$nfl.g.2142268,Buffalo,Bills,nfl.t.2$nfl.g.2142268 - Buffalo Bills,DEF,BUF,BAL,BAL@BUF,1:00PM EST,13,8.6," "," "
" "," "," "," "," "," "," "," "," "," "," ",nfl.p.8497$nfl.g.2142269,Clark,Harris,nfl.p.8497$nfl.g.2142269 - Clark Harris,TE,CIN,CLE,CIN@CLE,1:00PM EST,10,0.0," "," "
" "," "," "," "," "," "," "," "," "," "," ",nfl.p.24791$nfl.g.2142269,A.J.,Green,nfl.p.24791$nfl.g.2142269 - A.J. Green,WR,CIN,CLE,CIN@CLE,1:00PM EST,23,14.0,O," "
" "," "," "," "," "," "," "," "," "," "," ",nfl.p.24822$nfl.g.2142269,Andy,Dalton,nfl.p.24822$nfl.g.2142269 - Andy Dalton,QB,CIN,CLE,CIN@CLE,1:00PM EST,24,16.6," "," "
" "," "," "," "," "," "," "," "," "," "," ",nfl.p.26644$nfl.g.2142269,Tyler,Eifert,nfl.p.26644$nfl.g.2142269 - Tyler Eifert,TE,CIN,CLE,CIN@CLE,1:00PM EST,10,4.4," "," "
" "," "," "," "," "," "," "," "," "," "," ",nfl.p.26660$nfl.g.2142269,Giovani,Bernard,nfl.p.26660$nfl.g.2142269 - Giovani Bernard,RB,CIN,CLE,CIN@CLE,1:00PM EST,10,3.3," "," "
" "," "," "," "," "," "," "," "," "," "," ",nfl.p.28545$nfl.g.2142269,C.J.,Uzomah,nfl.p.28545$nfl.g.2142269 - C.J. Uzomah,TE,CIN,CLE,CIN@CLE,1:00PM EST,10,2.5," "," "
" "," "," "," "," "," "," "," "," "," "," ",nfl.p.29288$nfl.g.2142269,Tyler,Boyd,nfl.p.29288$nfl.g.2142269 - Tyler Boyd,WR,CIN,CLE,CIN@CLE,1:00PM EST,18,10.4," "," "
" "," "," "," "," "," "," "," "," "," "," ",nfl.p.29703$nfl.g.2142269,Alex,Erickson,nfl.p.29703$nfl.g.2142269 - Alex Erickson,WR,CIN,CLE,CIN@CLE,1:00PM EST,10,4.7," "," "
" "," "," "," "," "," "," "," "," "," "," ",nfl.p.30161$nfl.g.2142269,Joe,Mixon,nfl.p.30161$nfl.g.2142269 - Joe Mixon,RB,CIN,CLE,CIN@CLE,1:00PM EST,18,10.5," "," "
" "," "," "," "," "," "," "," "," "," "," ",nfl.p.30577$nfl.g.2142269,Cethan,Carter,nfl.p.30577$nfl.g.2142269 - Cethan Carter,TE,CIN,CLE,CIN@CLE,1:00PM EST,10,0.0," "," "
" "," "," "," "," "," "," "," "," "," "," ",nfl.p.31223$nfl.g.2142269,Auden,Tate,nfl.p.31223$nfl.g.2142269 - Auden Tate,WR,CIN,CLE,CIN@CLE,1:00PM EST,11,7.2," "," "
" "," "," "," "," "," "," "," "," "," "," ",nfl.p.31557$nfl.g.2142269,Devonte,Boyd,nfl.p.31557$nfl.g.2142269 - Devonte Boyd,WR,CIN,CLE,CIN@CLE,1:00PM EST,10,0.0," "," "
" "," "," "," "," "," "," "," "," "," "," ",nfl.p.31884$nfl.g.2142269,Drew,Sample,nfl.p.31884$nfl.g.2142269 - Drew Sample,TE,CIN,CLE,CIN@CLE,1:00PM EST,10,1.4,IR," "
" "," "," "," "," "," "," "," "," "," "," ",nfl.p.31936$nfl.g.2142269,Ryan,Finley,nfl.p.31936$nfl.g.2142269 - Ryan Finley,QB,CIN,CLE,CIN@CLE,1:00PM EST,20,8.9," "," "
" "," "," "," "," "," "," "," "," "," "," ",nfl.p.32014$nfl.g.2142269,Trayveon,Williams,nfl.p.32014$nfl.g.2142269 - Trayveon Williams,RB,CIN,CLE,CIN@CLE,1:00PM EST,10,0.0," "," "
" "," "," "," "," "," "," "," "," "," "," ",nfl.p.32464$nfl.g.2142269,Jake,Dolegala,nfl.p.32464$nfl.g.2142269 - Jake Dolegala,QB,CIN,CLE,CIN@CLE,1:00PM EST,20,0.0," "," "
" "," "," "," "," "," "," "," "," "," "," ",nfl.p.32469$nfl.g.2142269,Stanley,Morgan,nfl.p.32469$nfl.g.2142269 - Stanley Morgan,WR,CIN,CLE,CIN@CLE,1:00PM EST,10,0.8," "," "
" "," "," "," "," "," "," "," "," "," "," ",nfl.p.32471$nfl.g.2142269,Damion,Willis,nfl.p.32471$nfl.g.2142269 - Damion Willis,WR,CIN,CLE,CIN@CLE,1:00PM EST,10,1.8," "," "
" "," "," "," "," "," "," "," "," "," "," ",nfl.p.32043$nfl.g.2142269,Rodney,Anderson,nfl.p.32043$nfl.g.2142269 - Rodney Anderson,RB,CIN,CLE,CIN@CLE,1:00PM EST,10,0.0,IR," "
" "," "," "," "," "," "," "," "," "," "," ",nfl.p.27174$nfl.g.2142269,Demetrius,Harris,nfl.p.27174$nfl.g.2142269 - Demetrius Harris,TE,CLE,CIN,CIN@CLE,1:00PM EST,10,3.1,Q," "
" "," "," "," "," "," "," "," "," "," "," ",nfl.p.27540$nfl.g.2142269,Odell,Beckham Jr.,nfl.p.27540$nfl.g.2142269 - Odell Beckham Jr.,WR,CLE,CIN,CIN@CLE,1:00PM EST,23,10.1," "," "
" "," "," "," "," "," "," "," "," "," "," ",nfl.p.27591$nfl.g.2142269,Jarvis,Landry,nfl.p.27591$nfl.g.2142269 - Jarvis Landry,WR,CLE,CIN,CIN@CLE,1:00PM EST,25,12.9," "," "
" "," "," "," "," "," "," "," "," "," "," ",nfl.p.27742$nfl.g.2142269,Garrett,Gilbert,nfl.p.27742$nfl.g.2142269 - Garrett Gilbert,QB,CLE,CIN,CIN@CLE,1:00PM EST,20,0.0," "," "
" "," "," "," "," "," "," "," "," "," "," ",nfl.p.29406$nfl.g.2142269,Rashard,Higgins,nfl.p.29406$nfl.g.2142269 - Rashard Higgins,WR,CLE,CIN,CIN@CLE,1:00PM EST,10,2.2," "," "
" "," "," "," "," "," "," "," "," "," "," ",nfl.p.30185$nfl.g.2142269,Taywan,Taylor,nfl.p.30185$nfl.g.2142269 - Taywan Taylor,WR,CLE,CIN,CIN@CLE,1:00PM EST,10,0.0," "," "
" "," "," "," "," "," "," "," "," "," "," ",nfl.p.30199$nfl.g.2142269,Kareem,Hunt,nfl.p.30199$nfl.g.2142269 - Kareem Hunt,RB,CLE,CIN,CIN@CLE,1:00PM EST,17,11.6," "," "
" "," "," "," "," "," "," "," "," "," "," ",nfl.p.30494$nfl.g.2142269,Ricky,Seals-Jones,nfl.p.30494$nfl.g.2142269 - Ricky Seals-Jones,TE,CLE,CIN,CIN@CLE,1:00PM EST,10,5.3," "," "
" "," "," "," "," "," "," "," "," "," "," ",nfl.p.30627$nfl.g.2142269,Pharaoh,Brown,nfl.p.30627$nfl.g.2142269 - Pharaoh Brown,TE,CLE,CIN,CIN@CLE,1:00PM EST,10,0.9," "," "
" "," "," "," "," "," "," "," "," "," "," ",nfl.p.30971$nfl.g.2142269,Baker,Mayfield,nfl.p.30971$nfl.g.2142269 - Baker Mayfield,QB,CLE,CIN,CIN@CLE,1:00PM EST,28,15.1," "," "
" "," "," "," "," "," "," "," "," "," "," ",nfl.p.31005$nfl.g.2142269,Nick,Chubb,nfl.p.31005$nfl.g.2142269 - Nick Chubb,RB,CLE,CIN,CIN@CLE,1:00PM EST,29,16.1," "," "
" "," "," "," "," "," "," "," "," "," "," ",nfl.p.31148$nfl.g.2142269,Damion,Ratley,nfl.p.31148$nfl.g.2142269 - Damion Ratley,WR,CLE,CIN,CIN@CLE,1:00PM EST,10,2.9," "," "
" "," "," "," "," "," "," "," "," "," "," ",nfl.p.31457$nfl.g.2142269,Dontrell,Hilliard,nfl.p.31457$nfl.g.2142269 - Dontrell Hilliard,RB,CLE,CIN,CIN@CLE,1:00PM EST,10,2.8," "," "
" "," "," "," "," "," "," "," "," "," "," ",nfl.p.31769$nfl.g.2142269,KhaDarel,Hodge,nfl.p.31769$nfl.g.2142269 - KhaDarel Hodge,WR,CLE,CIN,CIN@CLE,1:00PM EST,10,0.8," "," "
" "," "," "," "," "," "," "," "," "," "," ",nfl.p.32273$nfl.g.2142269,Stephen,Carlson,nfl.p.32273$nfl.g.2142269 - Stephen Carlson,TE,CLE,CIN,CIN@CLE,1:00PM EST,10,3.1," "," "
" "," "," "," "," "," "," "," "," "," "," ",nfl.p.32608$nfl.g.2142269,D'Ernest,Johnson,nfl.p.32608$nfl.g.2142269 - D'Ernest Johnson,RB,CLE,CIN,CIN@CLE,1:00PM EST,10,1.7," "," "
" "," "," "," "," "," "," "," "," "," "," ",nfl.p.30142$nfl.g.2142269,David,Njoku,nfl.p.30142$nfl.g.2142269 - David Njoku,TE,CLE,CIN,CIN@CLE,1:00PM EST,14,5.8," "," "
" "," "," "," "," "," "," "," "," "," "," ",nfl.p.32283$nfl.g.2142269,D.J.,Montgomery,nfl.p.32283$nfl.g.2142269 - D.J. Montgomery,WR,CLE,CIN,CIN@CLE,1:00PM EST,10,0.0,IR," "
" "," "," "," "," "," "," "," "," "," "," ",nfl.t.4$nfl.g.2142269,Cincinnati,Bengals,nfl.t.4$nfl.g.2142269 - Cincinnati Bengals,DEF,CIN,CLE,CIN@CLE,1:00PM EST,11,4.1," "," "
" "," "," "," "," "," "," "," "," "," "," ",nfl.t.5$nfl.g.2142269,Cleveland,Browns,nfl.t.5$nfl.g.2142269 - Cleveland Browns,DEF,CLE,CIN,CIN@CLE,1:00PM EST,15,6.6," "," "
" "," "," "," "," "," "," "," "," "," "," ",nfl.p.30122$nfl.g.2142269,John,Ross III,nfl.p.30122$nfl.g.2142269 - John Ross III,WR,CIN,CLE,CIN@CLE,1:00PM EST,16,14.2," "," "
" "," "," "," "," "," "," "," "," "," "," ",nfl.p.8297$nfl.g.2142269,Drew,Stanton,nfl.p.8297$nfl.g.2142269 - Drew Stanton,QB,CLE,CIN,CIN@CLE,1:00PM EST,20,0.0,IR," "
" "," "," "," "," "," "," "," "," "," "," ",nfl.p.30364$nfl.g.2142269,Mason,Schreck,nfl.p.30364$nfl.g.2142269 - Mason Schreck,TE,CIN,CLE,CIN@CLE,1:00PM EST,10,0.0," "," "
" "," "," "," "," "," "," "," "," "," "," ",nfl.p.8261$nfl.g.2142271,Adrian,Peterson,nfl.p.8261$nfl.g.2142271 - Adrian Peterson,RB,WAS,GB,WAS@GB,1:00PM EST,17,8.1," "," "
" "," "," "," "," "," "," "," "," "," "," ",nfl.p.24060$nfl.g.2142271,Colt,McCoy,nfl.p.24060$nfl.g.2142271 - Colt McCoy,QB,WAS,GB,WAS@GB,1:00PM EST,20,5.2," "," "
" "," "," "," "," "," "," "," "," "," "," ",nfl.p.26483$nfl.g.2142271,Case,Keenum,nfl.p.26483$nfl.g.2142271 - Case Keenum,QB,WAS,GB,WAS@GB,1:00PM EST,20,10.1," "," "
" "," "," "," "," "," "," "," "," "," "," ",nfl.p.26777$nfl.g.2142271,Chris,Thompson,nfl.p.26777$nfl.g.2142271 - Chris Thompson,RB,WAS,GB,WAS@GB,1:00PM EST,12,7.5," "," "
" "," "," "," "," "," "," "," "," "," "," ",nfl.p.27573$nfl.g.2142271,Paul,Richardson Jr.,nfl.p.27573$nfl.g.2142271 - Paul Richardson Jr.,WR,WAS,GB,WAS@GB,1:00PM EST,10,5.0,O," "
" "," "," "," "," "," "," "," "," "," "," ",nfl.p.28556$nfl.g.2142271,Michael,Burton,nfl.p.28556$nfl.g.2142271 - Michael Burton,RB,WAS,GB,WAS@GB,1:00PM EST,10,0.0," "," "
" "," "," "," "," "," "," "," "," "," "," ",nfl.p.29387$nfl.g.2142271,Wendell,Smallwood,nfl.p.29387$nfl.g.2142271 - Wendell Smallwood,RB,WAS,GB,WAS@GB,1:00PM EST,10,1.8," "," "
" "," "," "," "," "," "," "," "," "," "," ",nfl.p.30267$nfl.g.2142271,Jeremy,Sprinkle,nfl.p.30267$nfl.g.2142271 - Jeremy Sprinkle,TE,WAS,GB,WAS@GB,1:00PM EST,12,2.9," "," "
" "," "," "," "," "," "," "," "," "," "," ",nfl.p.31029$nfl.g.2142271,Derrius,Guice,nfl.p.31029$nfl.g.2142271 - Derrius Guice,RB,WAS,GB,WAS@GB,1:00PM EST,19,12.4," "," "
" "," "," "," "," "," "," "," "," "," "," ",nfl.p.31226$nfl.g.2142271,Trey,Quinn,nfl.p.31226$nfl.g.2142271 - Trey Quinn,WR,WAS,GB,WAS@GB,1:00PM EST,10,3.2,O," "
" "," "," "," "," "," "," "," "," "," "," ",nfl.p.31405$nfl.g.2142271,Cam,Sims,nfl.p.31405$nfl.g.2142271 - Cam Sims,WR,WAS,GB,WAS@GB,1:00PM EST,10,0.0," "," "
" "," "," "," "," "," "," "," "," "," "," ",nfl.p.31847$nfl.g.2142271,Dwayne,Haskins Jr.,nfl.p.31847$nfl.g.2142271 - Dwayne Haskins Jr.,QB,WAS,GB,WAS@GB,1:00PM EST,20,6.9," "," "
" "," "," "," "," "," "," "," "," "," "," ",nfl.p.31908$nfl.g.2142271,Terry,McLaurin,nfl.p.31908$nfl.g.2142271 - Terry McLaurin,WR,WAS,GB,WAS@GB,1:00PM EST,19,10.5," "," "
" "," "," "," "," "," "," "," "," "," "," ",nfl.p.32038$nfl.g.2142271,Kelvin,Harmon,nfl.p.32038$nfl.g.2142271 - Kelvin Harmon,WR,WAS,GB,WAS@GB,1:00PM EST,10,2.9," "," "
" "," "," "," "," "," "," "," "," "," "," ",nfl.p.32187$nfl.g.2142271,Steven,Sims Jr.,nfl.p.32187$nfl.g.2142271 - Steven Sims Jr.,WR,WAS,GB,WAS@GB,1:00PM EST,10,2.9," "," "
" "," "," "," "," "," "," "," "," "," "," ",nfl.p.32295$nfl.g.2142271,Hale,Hentges,nfl.p.32295$nfl.g.2142271 - Hale Hentges,TE,WAS,GB,WAS@GB,1:00PM EST,10,0.8," "," "
" "," "," "," "," "," "," "," "," "," "," ",nfl.p.7200$nfl.g.2142271,Aaron,Rodgers,nfl.p.7200$nfl.g.2142271 - Aaron Rodgers,QB,GB,WAS,WAS@GB,1:00PM EST,31,18.9," "," "
" "," "," "," "," "," "," "," "," "," "," ",nfl.p.7777$nfl.g.2142271,Marcedes,Lewis,nfl.p.7777$nfl.g.2142271 - Marcedes Lewis,TE,GB,WAS,WAS@GB,1:00PM EST,10,3.1," "," "
" "," "," "," "," "," "," "," "," "," "," ",nfl.p.24070$nfl.g.2142271,Jimmy,Graham,nfl.p.24070$nfl.g.2142271 - Jimmy Graham,TE,GB,WAS,WAS@GB,1:00PM EST,13,5.5," "," "
" "," "," "," "," "," "," "," "," "," "," ",nfl.p.27581$nfl.g.2142271,Davante,Adams,nfl.p.27581$nfl.g.2142271 - Davante Adams,WR,GB,WAS,WAS@GB,1:00PM EST,27,13.8," "," "
" "," "," "," "," "," "," "," "," "," "," ",nfl.p.27670$nfl.g.2142271,Ryan,Grant,nfl.p.27670$nfl.g.2142271 - Ryan Grant,WR,GB,WAS,WAS@GB,1:00PM EST,10,1.7," "," "
" "," "," "," "," "," "," "," "," "," "," ",nfl.p.28974$nfl.g.2142271,Jake,Kumerow,nfl.p.28974$nfl.g.2142271 - Jake Kumerow,WR,GB,WAS,WAS@GB,1:00PM EST,10,3.4," "," "
" "," "," "," "," "," "," "," "," "," "," ",nfl.p.29431$nfl.g.2142271,Danny,Vitale,nfl.p.29431$nfl.g.2142271 - Danny Vitale,RB,GB,WAS,WAS@GB,1:00PM EST,10,1.2," "," "
" "," "," "," "," "," "," "," "," "," "," ",nfl.p.29719$nfl.g.2142271,Geronimo,Allison,nfl.p.29719$nfl.g.2142271 - Geronimo Allison,WR,GB,WAS,WAS@GB,1:00PM EST,11,4.4," "," "
" "," "," "," "," "," "," "," "," "," "," ",nfl.p.30247$nfl.g.2142271,Jamaal,Williams,nfl.p.30247$nfl.g.2142271 - Jamaal Williams,RB,GB,WAS,WAS@GB,1:00PM EST,18,10.4," "," "
" "," "," "," "," "," "," "," "," "," "," ",nfl.p.30295$nfl.g.2142271,Aaron,Jones,nfl.p.30295$nfl.g.2142271 - Aaron Jones,RB,GB,WAS,WAS@GB,1:00PM EST,30,16.9," "," "
" "," "," "," "," "," "," "," "," "," "," ",nfl.p.30777$nfl.g.2142271,Robert,Tonyan,nfl.p.30777$nfl.g.2142271 - Robert Tonyan,TE,GB,WAS,WAS@GB,1:00PM EST,10,1.7," "," "
" "," "," "," "," "," "," "," "," "," "," ",nfl.p.31144$nfl.g.2142271,Marquez,Valdes-Scantling,nfl.p.31144$nfl.g.2142271 - Marquez Valdes-Scantling,WR,GB,WAS,WAS@GB,1:00PM EST,10,5.6," "," "
" "," "," "," "," "," "," "," "," "," "," ",nfl.p.31268$nfl.g.2142271,Allen,Lazard,nfl.p.31268$nfl.g.2142271 - Allen Lazard,WR,GB,WAS,WAS@GB,1:00PM EST,13,7.3," "," "
" "," "," "," "," "," "," "," "," "," "," ",nfl.p.31431$nfl.g.2142271,Tim,Boyle,nfl.p.31431$nfl.g.2142271 - Tim Boyle,QB,GB,WAS,WAS@GB,1:00PM EST,20,-0.4," "," "
" "," "," "," "," "," "," "," "," "," "," ",nfl.p.31907$nfl.g.2142271,Jace,Sternberger,nfl.p.31907$nfl.g.2142271 - Jace Sternberger,TE,GB,WAS,WAS@GB,1:00PM EST,10,0.0," "," "
" "," "," "," "," "," "," "," "," "," "," ",nfl.p.32026$nfl.g.2142271,Dexter,Williams,nfl.p.32026$nfl.g.2142271 - Dexter Williams,RB,GB,WAS,WAS@GB,1:00PM EST,10,0.2," "," "
" "," "," "," "," "," "," "," "," "," "," ",nfl.t.28$nfl.g.2142271,Washington,Redskins,nfl.t.28$nfl.g.2142271 - Washington Redskins,DEF,WAS,GB,WAS@GB,1:00PM EST,10,7.0," "," "
" "," "," "," "," "," "," "," "," "," "," ",nfl.t.9$nfl.g.2142271,Green Bay,Packers,nfl.t.9$nfl.g.2142271 - Green Bay Packers,DEF,GB,WAS,WAS@GB,1:00PM EST,12,6.4," "," "
" "," "," "," "," "," "," "," "," "," "," ",nfl.p.7755$nfl.g.2142271,Vernon,Davis,nfl.p.7755$nfl.g.2142271 - Vernon Davis,TE,WAS,GB,WAS@GB,1:00PM EST,10,5.8,IR," "
" "," "," "," "," "," "," "," "," "," "," ",nfl.p.28348$nfl.g.2142271,Jerome,Cunningham,nfl.p.28348$nfl.g.2142271 - Jerome Cunningham,TE,WAS,GB,WAS@GB,1:00PM EST,10,0.0,IR," "
" "," "," "," "," "," "," "," "," "," "," ",nfl.p.26708$nfl.g.2142271,Jordan,Reed,nfl.p.26708$nfl.g.2142271 - Jordan Reed,TE,WAS,GB,WAS@GB,1:00PM EST,10,7.1,IR," "
" "," "," "," "," "," "," "," "," "," "," ",nfl.p.29870$nfl.g.2142271,Josh,Woodrum,nfl.p.29870$nfl.g.2142271 - Josh Woodrum,QB,WAS,GB,WAS@GB,1:00PM EST,20,0.0,IR," "
" "," "," "," "," "," "," "," "," "," "," ",nfl.p.28583$nfl.g.2142271,Malcolm,Johnson,nfl.p.28583$nfl.g.2142271 - Malcolm Johnson,RB,GB,WAS,WAS@GB,1:00PM EST,10,0.0,IR," "
" "," "," "," "," "," "," "," "," "," "," ",nfl.p.31177$nfl.g.2142271,Equanimeous,St. Brown,nfl.p.31177$nfl.g.2142271 - Equanimeous St. Brown,WR,GB,WAS,WAS@GB,1:00PM EST,10,4.0,IR," "
" "," "," "," "," "," "," "," "," "," "," ",nfl.p.29353$nfl.g.2142271,Tyler,Ervin,nfl.p.29353$nfl.g.2142271 - Tyler Ervin,RB,GB,WAS,WAS@GB,1:00PM EST,10,0.0," "," "
" "," "," "," "," "," "," "," "," "," "," ",nfl.p.28279$nfl.g.2142273,Diontae,Spencer,nfl.p.28279$nfl.g.2142273 - Diontae Spencer,WR,DEN,HOU,DEN@HOU,1:00PM EST,10,0.5," "," "
" "," "," "," "," "," "," "," "," "," "," ",nfl.p.28480$nfl.g.2142273,Jeff,Heuerman,nfl.p.28480$nfl.g.2142273 - Jeff Heuerman,TE,DEN,HOU,DEN@HOU,1:00PM EST,10,3.0," "," "
" "," "," "," "," "," "," "," "," "," "," ",nfl.p.29370$nfl.g.2142273,Devontae,Booker,nfl.p.29370$nfl.g.2142273 - Devontae Booker,RB,DEN,HOU,DEN@HOU,1:00PM EST,10,0.6," "," "
" "," "," "," "," "," "," "," "," "," "," ",nfl.p.29435$nfl.g.2142273,Brandon,Allen,nfl.p.29435$nfl.g.2142273 - Brandon Allen,QB,DEN,HOU,DEN@HOU,1:00PM EST,20,11.5," "," "
" "," "," "," "," "," "," "," "," "," "," ",nfl.p.30511$nfl.g.2142273,Tim,Patrick,nfl.p.30511$nfl.g.2142273 - Tim Patrick,WR,DEN,HOU,DEN@HOU,1:00PM EST,10,2.6," "," "
" "," "," "," "," "," "," "," "," "," "," ",nfl.p.30901$nfl.g.2142273,Fred,Brown,nfl.p.30901$nfl.g.2142273 - Fred Brown,WR,DEN,HOU,DEN@HOU,1:00PM EST,10,0.6," "," "
" "," "," "," "," "," "," "," "," "," "," ",nfl.p.31010$nfl.g.2142273,Courtland,Sutton,nfl.p.31010$nfl.g.2142273 - Courtland Sutton,WR,DEN,HOU,DEN@HOU,1:00PM EST,21,13.1," "," "
" "," "," "," "," "," "," "," "," "," "," ",nfl.p.31041$nfl.g.2142273,Royce,Freeman,nfl.p.31041$nfl.g.2142273 - Royce Freeman,RB,DEN,HOU,DEN@HOU,1:00PM EST,12,7.9," "," "
" "," "," "," "," "," "," "," "," "," "," ",nfl.p.31083$nfl.g.2142273,DaeSean,Hamilton,nfl.p.31083$nfl.g.2142273 - DaeSean Hamilton,WR,DEN,HOU,DEN@HOU,1:00PM EST,10,2.0," "," "
" "," "," "," "," "," "," "," "," "," "," ",nfl.p.31126$nfl.g.2142273,Troy,Fumagalli,nfl.p.31126$nfl.g.2142273 - Troy Fumagalli,TE,DEN,HOU,DEN@HOU,1:00PM EST,10,3.1," "," "
" "," "," "," "," "," "," "," "," "," "," ",nfl.p.31379$nfl.g.2142273,Phillip,Lindsay,nfl.p.31379$nfl.g.2142273 - Phillip Lindsay,RB,DEN,HOU,DEN@HOU,1:00PM EST,18,11.7," "," "
" "," "," "," "," "," "," "," "," "," "," ",nfl.p.31852$nfl.g.2142273,Noah,Fant,nfl.p.31852$nfl.g.2142273 - Noah Fant,TE,DEN,HOU,DEN@HOU,1:00PM EST,11,5.2," "," "
" "," "," "," "," "," "," "," "," "," "," ",nfl.p.32019$nfl.g.2142273,Juwann,Winfree,nfl.p.32019$nfl.g.2142273 - Juwann Winfree,WR,DEN,HOU,DEN@HOU,1:00PM EST,10,0.0," "," "
" "," "," "," "," "," "," "," "," "," "," ",nfl.p.32225$nfl.g.2142273,Andrew,Beck,nfl.p.32225$nfl.g.2142273 - Andrew Beck,TE,DEN,HOU,DEN@HOU,1:00PM EST,10,1.1," "," "
" "," "," "," "," "," "," "," "," "," "," ",nfl.p.26822$nfl.g.2142273,Theo,Riddick,nfl.p.26822$nfl.g.2142273 - Theo Riddick,RB,DEN,HOU,DEN@HOU,1:00PM EST,10,6.1,IR," "
" "," "," "," "," "," "," "," "," "," "," ",nfl.p.30258$nfl.g.2142273,Jake,Butt,nfl.p.30258$nfl.g.2142273 - Jake Butt,TE,DEN,HOU,DEN@HOU,1:00PM EST,10,4.2,IR," "
" "," "," "," "," "," "," "," "," "," "," ",nfl.p.31874$nfl.g.2142273,Drew,Lock,nfl.p.31874$nfl.g.2142273 - Drew Lock,QB,DEN,HOU,DEN@HOU,1:00PM EST,22,13.9," "," "
" "," "," "," "," "," "," "," "," "," "," ",nfl.p.32191$nfl.g.2142273,Austin,Fort,nfl.p.32191$nfl.g.2142273 - Austin Fort,TE,DEN,HOU,DEN@HOU,1:00PM EST,10,0.0,IR," "
" "," "," "," "," "," "," "," "," "," "," ",nfl.p.24912$nfl.g.2142273,Taiwan,Jones,nfl.p.24912$nfl.g.2142273 - Taiwan Jones,RB,HOU,DEN,DEN@HOU,1:00PM EST,10,0.0,O," "
" "," "," "," "," "," "," "," "," "," "," ",nfl.p.26612$nfl.g.2142273,Darren,Fells,nfl.p.26612$nfl.g.2142273 - Darren Fells,TE,HOU,DEN,DEN@HOU,1:00PM EST,12,7.3," "," "
" "," "," "," "," "," "," "," "," "," "," ",nfl.p.26650$nfl.g.2142273,DeAndre,Hopkins,nfl.p.26650$nfl.g.2142273 - DeAndre Hopkins,WR,HOU,DEN,DEN@HOU,1:00PM EST,32,14.6," "," "
" "," "," "," "," "," "," "," "," "," "," ",nfl.p.26767$nfl.g.2142273,Kenny,Stills,nfl.p.26767$nfl.g.2142273 - Kenny Stills,WR,HOU,DEN,DEN@HOU,1:00PM EST,14,7.3," "," "
" "," "," "," "," "," "," "," "," "," "," ",nfl.p.27585$nfl.g.2142273,Carlos,Hyde,nfl.p.27585$nfl.g.2142273 - Carlos Hyde,RB,HOU,DEN,DEN@HOU,1:00PM EST,16,9.3," "," "
" "," "," "," "," "," "," "," "," "," "," ",nfl.p.27692$nfl.g.2142273,AJ,McCarron,nfl.p.27692$nfl.g.2142273 - AJ McCarron,QB,HOU,DEN,DEN@HOU,1:00PM EST,20,0.0," "," "
" "," "," "," "," "," "," "," "," "," "," ",nfl.p.28465$nfl.g.2142273,Duke,Johnson,nfl.p.28465$nfl.g.2142273 - Duke Johnson,RB,HOU,DEN,DEN@HOU,1:00PM EST,13,8.9," "," "
" "," "," "," "," "," "," "," "," "," "," ",nfl.p.28947$nfl.g.2142273,DeAndre,Carter,nfl.p.28947$nfl.g.2142273 - DeAndre Carter,WR,HOU,DEN,DEN@HOU,1:00PM EST,10,0.6," "," "
" "," "," "," "," "," "," "," "," "," "," ",nfl.p.29255$nfl.g.2142273,Will,Fuller V,nfl.p.29255$nfl.g.2142273 - Will Fuller V,WR,HOU,DEN,DEN@HOU,1:00PM EST,19,11.0,Q," "
" "," "," "," "," "," "," "," "," "," "," ",nfl.p.30125$nfl.g.2142273,Deshaun,Watson,nfl.p.30125$nfl.g.2142273 - Deshaun Watson,QB,HOU,DEN,DEN@HOU,1:00PM EST,33,22.8," "," "
" "," "," "," "," "," "," "," "," "," "," ",nfl.p.31068$nfl.g.2142273,Jordan,Akins,nfl.p.31068$nfl.g.2142273 - Jordan Akins,TE,HOU,DEN,DEN@HOU,1:00PM EST,10,4.6," "," "
" "," "," "," "," "," "," "," "," "," "," ",nfl.p.31073$nfl.g.2142273,Keke,Coutee,nfl.p.31073$nfl.g.2142273 - Keke Coutee,WR,HOU,DEN,DEN@HOU,1:00PM EST,10,5.6," "," "
" "," "," "," "," "," "," "," "," "," "," ",nfl.p.31181$nfl.g.2142273,Jordan,Thomas,nfl.p.31181$nfl.g.2142273 - Jordan Thomas,TE,HOU,DEN,DEN@HOU,1:00PM EST,10,4.0," "," "
" "," "," "," "," "," "," "," "," "," "," ",nfl.p.31537$nfl.g.2142273,Buddy,Howell,nfl.p.31537$nfl.g.2142273 - Buddy Howell,RB,HOU,DEN,DEN@HOU,1:00PM EST,10,0.1," "," "
" "," "," "," "," "," "," "," "," "," "," ",nfl.p.32052$nfl.g.2142273,Cullen,Gillaspia,nfl.p.32052$nfl.g.2142273 - Cullen Gillaspia,RB,HOU,DEN,DEN@HOU,1:00PM EST,10,0.0," "," "
" "," "," "," "," "," "," "," "," "," "," ",nfl.p.31918$nfl.g.2142273,Kahale,Warring,nfl.p.31918$nfl.g.2142273 - Kahale Warring,TE,HOU,DEN,DEN@HOU,1:00PM EST,10,0.0,IR," "
" "," "," "," "," "," "," "," "," "," "," ",nfl.p.24175$nfl.g.2142273,Joe,Webb III,nfl.p.24175$nfl.g.2142273 - Joe Webb III,QB,HOU,DEN,DEN@HOU,1:00PM EST,20,0.6,IR," "
" "," "," "," "," "," "," "," "," "," "," ",nfl.t.7$nfl.g.2142273,Denver,Broncos,nfl.t.7$nfl.g.2142273 - Denver Broncos,DEF,DEN,HOU,DEN@HOU,1:00PM EST,11,6.1," "," "
" "," "," "," "," "," "," "," "," "," "," ",nfl.t.34$nfl.g.2142273,Houston,Texans,nfl.t.34$nfl.g.2142273 - Houston Texans,DEF,HOU,DEN,DEN@HOU,1:00PM EST,12,5.8," "," "
" "," "," "," "," "," "," "," "," "," "," ",nfl.p.31391$nfl.g.2142273,Steven,Mitchell Jr.,nfl.p.31391$nfl.g.2142273 - Steven Mitchell Jr.,WR,HOU,DEN,DEN@HOU,1:00PM EST,10,0.0," "," "
" "," "," "," "," "," "," "," "," "," "," ",nfl.p.29410$nfl.g.2142273,Andy,Janovich,nfl.p.29410$nfl.g.2142273 - Andy Janovich,RB,DEN,HOU,DEN@HOU,1:00PM EST,10,2.6,IR," "
" "," "," "," "," "," "," "," "," "," "," ",nfl.p.8795$nfl.g.2142273,Joe,Flacco,nfl.p.8795$nfl.g.2142273 - Joe Flacco,QB,DEN,HOU,DEN@HOU,1:00PM EST,20,11.2,IR," "
" "," "," "," "," "," "," "," "," "," "," ",nfl.p.25807$nfl.g.2142273,Lamar,Miller,nfl.p.25807$nfl.g.2142273 - Lamar Miller,RB,HOU,DEN,DEN@HOU,1:00PM EST,10,10.8,IR," "
" "," "," "," "," "," "," "," "," "," "," ",nfl.p.30637$nfl.g.2142273,Isaac,Whitney,nfl.p.30637$nfl.g.2142273 - Isaac Whitney,WR,HOU,DEN,DEN@HOU,1:00PM EST,10,0.0,IR," "
" "," "," "," "," "," "," "," "," "," "," ",nfl.p.9037$nfl.g.2142274,Danny,Amendola,nfl.p.9037$nfl.g.2142274 - Danny Amendola,WR,DET,MIN,DET@MIN,1:00PM EST,13,7.2," "," "
" "," "," "," "," "," "," "," "," "," "," ",nfl.p.9265$nfl.g.2142274,Matthew,Stafford,nfl.p.9265$nfl.g.2142274 - Matthew Stafford,QB,DET,MIN,DET@MIN,1:00PM EST,33,21.4,O," "
" "," "," "," "," "," "," "," "," "," "," ",nfl.p.25876$nfl.g.2142274,Marvin,Jones Jr.,nfl.p.25876$nfl.g.2142274 - Marvin Jones Jr.,WR,DET,MIN,DET@MIN,1:00PM EST,24,13.1," "," "
" "," "," "," "," "," "," "," "," "," "," ",nfl.p.27648$nfl.g.2142274,Logan,Thomas,nfl.p.27648$nfl.g.2142274 - Logan Thomas,TE,DET,MIN,DET@MIN,1:00PM EST,10,2.4," "," "
" "," "," "," "," "," "," "," "," "," "," ",nfl.p.28548$nfl.g.2142274,Jesse,James,nfl.p.28548$nfl.g.2142274 - Jesse James,TE,DET,MIN,DET@MIN,1:00PM EST,10,1.3," "," "
" "," "," "," "," "," "," "," "," "," "," ",nfl.p.29441$nfl.g.2142274,Jeff,Driskel,nfl.p.29441$nfl.g.2142274 - Jeff Driskel,QB,DET,MIN,DET@MIN,1:00PM EST,20,20.5,IR," "
" "," "," "," "," "," "," "," "," "," "," ",nfl.p.29650$nfl.g.2142274,J.D.,McKissic,nfl.p.29650$nfl.g.2142274 - J.D. McKissic,RB,DET,MIN,DET@MIN,1:00PM EST,10,5.0," "," "
" "," "," "," "," "," "," "," "," "," "," ",nfl.p.30209$nfl.g.2142274,Kenny,Golladay,nfl.p.30209$nfl.g.2142274 - Kenny Golladay,WR,DET,MIN,DET@MIN,1:00PM EST,26,14.2," "," "
" "," "," "," "," "," "," "," "," "," "," ",nfl.p.31206$nfl.g.2142274,Bo,Scarbrough,nfl.p.31206$nfl.g.2142274 - Bo Scarbrough,RB,DET,MIN,DET@MIN,1:00PM EST,15,9.2," "," "
" "," "," "," "," "," "," "," "," "," "," ",nfl.p.31840$nfl.g.2142274,T.J.,Hockenson,nfl.p.31840$nfl.g.2142274 - T.J. Hockenson,TE,DET,MIN,DET@MIN,1:00PM EST,10,5.4,IR," "
" "," "," "," "," "," "," "," "," "," "," ",nfl.p.32018$nfl.g.2142274,Ty,Johnson,nfl.p.32018$nfl.g.2142274 - Ty Johnson,RB,DET,MIN,DET@MIN,1:00PM EST,10,3.0," "," "
" "," "," "," "," "," "," "," "," "," "," ",nfl.p.32272$nfl.g.2142274,David,Blough,nfl.p.32272$nfl.g.2142274 - David Blough,QB,DET,MIN,DET@MIN,1:00PM EST,22,18.3," "," "
" "," "," "," "," "," "," "," "," "," "," ",nfl.p.24830$nfl.g.2142274,Kyle,Rudolph,nfl.p.24830$nfl.g.2142274 - Kyle Rudolph,TE,MIN,DET,DET@MIN,1:00PM EST,14,7.0," "," "
" "," "," "," "," "," "," "," "," "," "," ",nfl.p.25812$nfl.g.2142274,Kirk,Cousins,nfl.p.25812$nfl.g.2142274 - Kirk Cousins,QB,MIN,DET,DET@MIN,1:00PM EST,31,18.0," "," "
" "," "," "," "," "," "," "," "," "," "," ",nfl.p.27277$nfl.g.2142274,Adam,Thielen,nfl.p.27277$nfl.g.2142274 - Adam Thielen,WR,MIN,DET,DET@MIN,1:00PM EST,30,11.8,D," "
" "," "," "," "," "," "," "," "," "," "," ",nfl.p.28442$nfl.g.2142274,Ameer,Abdullah,nfl.p.28442$nfl.g.2142274 - Ameer Abdullah,RB,MIN,DET,DET@MIN,1:00PM EST,10,1.3," "," "
" "," "," "," "," "," "," "," "," "," "," ",nfl.p.28477$nfl.g.2142274,Sean,Mannion,nfl.p.28477$nfl.g.2142274 - Sean Mannion,QB,MIN,DET,DET@MIN,1:00PM EST,20,-0.2," "," "
" "," "," "," "," "," "," "," "," "," "," ",nfl.p.28534$nfl.g.2142274,Stefon,Diggs,nfl.p.28534$nfl.g.2142274 - Stefon Diggs,WR,MIN,DET,DET@MIN,1:00PM EST,28,12.1," "," "
" "," "," "," "," "," "," "," "," "," "," ",nfl.p.29257$nfl.g.2142274,Laquon,Treadwell,nfl.p.29257$nfl.g.2142274 - Laquon Treadwell,WR,MIN,DET,DET@MIN,1:00PM EST,10,4.0," "," "
" "," "," "," "," "," "," "," "," "," "," ",nfl.p.29951$nfl.g.2142274,C.J.,Ham,nfl.p.29951$nfl.g.2142274 - C.J. Ham,RB,MIN,DET,DET@MIN,1:00PM EST,10,2.0," "," "
" "," "," "," "," "," "," "," "," "," "," ",nfl.p.30154$nfl.g.2142274,Dalvin,Cook,nfl.p.30154$nfl.g.2142274 - Dalvin Cook,RB,MIN,DET,DET@MIN,1:00PM EST,37,20.5," "," "
" "," "," "," "," "," "," "," "," "," "," ",nfl.p.31127$nfl.g.2142274,Tyler,Conklin,nfl.p.31127$nfl.g.2142274 - Tyler Conklin,TE,MIN,DET,DET@MIN,1:00PM EST,10,1.4," "," "
" "," "," "," "," "," "," "," "," "," "," ",nfl.p.31228$nfl.g.2142274,Mike,Boone,nfl.p.31228$nfl.g.2142274 - Mike Boone,RB,MIN,DET,DET@MIN,1:00PM EST,10,0.7," "," "
" "," "," "," "," "," "," "," "," "," "," ",nfl.p.31882$nfl.g.2142274,Irv,Smith Jr.,nfl.p.31882$nfl.g.2142274 - Irv Smith Jr.,TE,MIN,DET,DET@MIN,1:00PM EST,10,4.7," "," "
" "," "," "," "," "," "," "," "," "," "," ",nfl.p.31934$nfl.g.2142274,Alexander,Mattison,nfl.p.31934$nfl.g.2142274 - Alexander Mattison,RB,MIN,DET,DET@MIN,1:00PM EST,17,4.7," "," "
" "," "," "," "," "," "," "," "," "," "," ",nfl.p.32079$nfl.g.2142274,Olabisi,Johnson,nfl.p.32079$nfl.g.2142274 - Olabisi Johnson,WR,MIN,DET,DET@MIN,1:00PM EST,10,5.2," "," "
" "," "," "," "," "," "," "," "," "," "," ",nfl.t.8$nfl.g.2142274,Detroit,Lions,nfl.t.8$nfl.g.2142274 - Detroit Lions,DEF,DET,MIN,DET@MIN,1:00PM EST,10,5.3," "," "
" "," "," "," "," "," "," "," "," "," "," ",nfl.t.16$nfl.g.2142274,Minnesota,Vikings,nfl.t.16$nfl.g.2142274 - Minnesota Vikings,DEF,MIN,DET,DET@MIN,1:00PM EST,14,7.4," "," "
" "," "," "," "," "," "," "," "," "," "," ",nfl.p.32056$nfl.g.2142274,Isaac,Nauta,nfl.p.32056$nfl.g.2142274 - Isaac Nauta,TE,DET,MIN,DET@MIN,1:00PM EST,10,0.0," "," "
" "," "," "," "," "," "," "," "," "," "," ",nfl.p.31651$nfl.g.2142274,Chris,Lacy,nfl.p.31651$nfl.g.2142274 - Chris Lacy,WR,DET,MIN,DET@MIN,1:00PM EST,10,0.0," "," "
" "," "," "," "," "," "," "," "," "," "," ",nfl.p.30023$nfl.g.2142274,Marvin,Hall,nfl.p.30023$nfl.g.2142274 - Marvin Hall,WR,DET,MIN,DET@MIN,1:00PM EST,10,5.2,IR," "
" "," "," "," "," "," "," "," "," "," "," ",nfl.p.31207$nfl.g.2142274,Nick,Bawden,nfl.p.31207$nfl.g.2142274 - Nick Bawden,RB,DET,MIN,DET@MIN,1:00PM EST,10,0.6,IR," "
" "," "," "," "," "," "," "," "," "," "," ",nfl.p.31013$nfl.g.2142274,Kerryon,Johnson,nfl.p.31013$nfl.g.2142274 - Kerryon Johnson,RB,DET,MIN,DET@MIN,1:00PM EST,10,10.6,IR," "
" "," "," "," "," "," "," "," "," "," "," ",nfl.p.25991$nfl.g.2142274,Jermaine,Kearse,nfl.p.25991$nfl.g.2142274 - Jermaine Kearse,WR,DET,MIN,DET@MIN,1:00PM EST,10,4.7,IR," "
" "," "," "," "," "," "," "," "," "," "," ",nfl.p.31508$nfl.g.2142274,Chad,Beebe,nfl.p.31508$nfl.g.2142274 - Chad Beebe,WR,MIN,DET,DET@MIN,1:00PM EST,10,2.7,IR," "
" "," "," "," "," "," "," "," "," "," "," ",nfl.p.30822$nfl.g.2142274,Kyle,Sloter,nfl.p.30822$nfl.g.2142274 - Kyle Sloter,QB,DET,MIN,DET@MIN,1:00PM EST,20,0.0," "," "
" "," "," "," "," "," "," "," "," "," "," ",nfl.p.32143$nfl.g.2142274,Alexander,Hollins,nfl.p.32143$nfl.g.2142274 - Alexander Hollins,WR,MIN,DET,DET@MIN,1:00PM EST,10,0.0," "," "
" "," "," "," "," "," "," "," "," "," "," ",nfl.p.24057$nfl.g.2142277,Emmanuel,Sanders,nfl.p.24057$nfl.g.2142277 - Emmanuel Sanders,WR,SF,NO,SF@NO,1:00PM EST,16,8.7," "," "
" "," "," "," "," "," "," "," "," "," "," ",nfl.p.25291$nfl.g.2142277,Kyle,Nelson,nfl.p.25291$nfl.g.2142277 - Kyle Nelson,TE,SF,NO,SF@NO,1:00PM EST,10,0.0," "," "
" "," "," "," "," "," "," "," "," "," "," ",nfl.p.26253$nfl.g.2142277,Garrett,Celek,nfl.p.26253$nfl.g.2142277 - Garrett Celek,TE,SF,NO,SF@NO,1:00PM EST,10,0.0," "," "
" "," "," "," "," "," "," "," "," "," "," ",nfl.p.26701$nfl.g.2142277,Marquise,Goodwin,nfl.p.26701$nfl.g.2142277 - Marquise Goodwin,WR,SF,NO,SF@NO,1:00PM EST,10,4.0,Q," "
" "," "," "," "," "," "," "," "," "," "," ",nfl.p.26753$nfl.g.2142277,Kyle,Juszczyk,nfl.p.26753$nfl.g.2142277 - Kyle Juszczyk,RB,SF,NO,SF@NO,1:00PM EST,10,4.2," "," "
" "," "," "," "," "," "," "," "," "," "," ",nfl.p.26756$nfl.g.2142277,Levine,Toilolo,nfl.p.26756$nfl.g.2142277 - Levine Toilolo,TE,SF,NO,SF@NO,1:00PM EST,10,1.0," "," "
" "," "," "," "," "," "," "," "," "," "," ",nfl.p.27590$nfl.g.2142277,Jimmy,Garoppolo,nfl.p.27590$nfl.g.2142277 - Jimmy Garoppolo,QB,SF,NO,SF@NO,1:00PM EST,28,16.2," "," "
" "," "," "," "," "," "," "," "," "," "," ",nfl.p.28461$nfl.g.2142277,Tevin,Coleman,nfl.p.28461$nfl.g.2142277 - Tevin Coleman,RB,SF,NO,SF@NO,1:00PM EST,16,11.5," "," "
" "," "," "," "," "," "," "," "," "," "," ",nfl.p.28654$nfl.g.2142277,Raheem,Mostert,nfl.p.28654$nfl.g.2142277 - Raheem Mostert,RB,SF,NO,SF@NO,1:00PM EST,15,7.7," "," "
" "," "," "," "," "," "," "," "," "," "," ",nfl.p.30217$nfl.g.2142277,C.J.,Beathard,nfl.p.30217$nfl.g.2142277 - C.J. Beathard,QB,SF,NO,SF@NO,1:00PM EST,20,16.4," "," "
" "," "," "," "," "," "," "," "," "," "," ",nfl.p.30259$nfl.g.2142277,George,Kittle,nfl.p.30259$nfl.g.2142277 - George Kittle,TE,SF,NO,SF@NO,1:00PM EST,25,11.5," "," "
" "," "," "," "," "," "," "," "," "," "," ",nfl.p.30551$nfl.g.2142277,Kendrick,Bourne,nfl.p.30551$nfl.g.2142277 - Kendrick Bourne,WR,SF,NO,SF@NO,1:00PM EST,12,5.2," "," "
" "," "," "," "," "," "," "," "," "," "," ",nfl.p.30552$nfl.g.2142277,Matt,Breida,nfl.p.30552$nfl.g.2142277 - Matt Breida,RB,SF,NO,SF@NO,1:00PM EST,15,9.5," "," "
" "," "," "," "," "," "," "," "," "," "," ",nfl.p.30563$nfl.g.2142277,Nick,Mullens,nfl.p.30563$nfl.g.2142277 - Nick Mullens,QB,SF,NO,SF@NO,1:00PM EST,20,-0.3," "," "
" "," "," "," "," "," "," "," "," "," "," ",nfl.p.31014$nfl.g.2142277,Dante,Pettis,nfl.p.31014$nfl.g.2142277 - Dante Pettis,WR,SF,NO,SF@NO,1:00PM EST,10,3.2,Q," "
" "," "," "," "," "," "," "," "," "," "," ",nfl.p.31210$nfl.g.2142277,Richie,James Jr.,nfl.p.31210$nfl.g.2142277 - Richie James Jr.,WR,SF,NO,SF@NO,1:00PM EST,10,2.0," "," "
" "," "," "," "," "," "," "," "," "," "," ",nfl.p.31329$nfl.g.2142277,Ross,Dwelley,nfl.p.31329$nfl.g.2142277 - Ross Dwelley,TE,SF,NO,SF@NO,1:00PM EST,10,4.3," "," "
" "," "," "," "," "," "," "," "," "," "," ",nfl.p.31394$nfl.g.2142277,Jeff,Wilson Jr.,nfl.p.31394$nfl.g.2142277 - Jeff Wilson Jr.,RB,SF,NO,SF@NO,1:00PM EST,10,5.7," "," "
" "," "," "," "," "," "," "," "," "," "," ",nfl.p.31868$nfl.g.2142277,Deebo,Samuel,nfl.p.31868$nfl.g.2142277 - Deebo Samuel,WR,SF,NO,SF@NO,1:00PM EST,16,9.7," "," "
" "," "," "," "," "," "," "," "," "," "," ",nfl.p.31899$nfl.g.2142277,Jalen,Hurd,nfl.p.31899$nfl.g.2142277 - Jalen Hurd,WR,SF,NO,SF@NO,1:00PM EST,10,0.0,IR," "
" "," "," "," "," "," "," "," "," "," "," ",nfl.p.30290$nfl.g.2142277,Trent,Taylor,nfl.p.30290$nfl.g.2142277 - Trent Taylor,WR,SF,NO,SF@NO,1:00PM EST,10,3.3,IR," "
" "," "," "," "," "," "," "," "," "," "," ",nfl.p.27624$nfl.g.2142277,Jerick,McKinnon,nfl.p.27624$nfl.g.2142277 - Jerick McKinnon,RB,SF,NO,SF@NO,1:00PM EST,10,0.0,IR," "
" "," "," "," "," "," "," "," "," "," "," ",nfl.p.32325$nfl.g.2142277,Shawn,Poindexter,nfl.p.32325$nfl.g.2142277 - Shawn Poindexter,WR,SF,NO,SF@NO,1:00PM EST,10,0.0,IR," "
" "," "," "," "," "," "," "," "," "," "," ",nfl.p.5479$nfl.g.2142277,Drew,Brees,nfl.p.5479$nfl.g.2142277 - Drew Brees,QB,NO,SF,SF@NO,1:00PM EST,28,16.5," "," "
" "," "," "," "," "," "," "," "," "," "," ",nfl.p.8263$nfl.g.2142277,Ted,Ginn Jr.,nfl.p.8263$nfl.g.2142277 - Ted Ginn Jr.,WR,NO,SF,SF@NO,1:00PM EST,10,5.5," "," "
" "," "," "," "," "," "," "," "," "," "," ",nfl.p.9353$nfl.g.2142277,Jared,Cook,nfl.p.9353$nfl.g.2142277 - Jared Cook,TE,NO,SF,SF@NO,1:00PM EST,14,8.6," "," "
" "," "," "," "," "," "," "," "," "," "," ",nfl.p.26804$nfl.g.2142277,Latavius,Murray,nfl.p.26804$nfl.g.2142277 - Latavius Murray,RB,NO,SF,SF@NO,1:00PM EST,14,9.4," "," "
" "," "," "," "," "," "," "," "," "," "," ",nfl.p.26950$nfl.g.2142277,Josh,Hill,nfl.p.26950$nfl.g.2142277 - Josh Hill,TE,NO,SF,SF@NO,1:00PM EST,10,3.4," "," "
" "," "," "," "," "," "," "," "," "," "," ",nfl.p.27135$nfl.g.2142277,Zach,Line,nfl.p.27135$nfl.g.2142277 - Zach Line,RB,NO,SF,SF@NO,1:00PM EST,10,1.2,O," "
" "," "," "," "," "," "," "," "," "," "," ",nfl.p.27560$nfl.g.2142277,Teddy,Bridgewater,nfl.p.27560$nfl.g.2142277 - Teddy Bridgewater,QB,NO,SF,SF@NO,1:00PM EST,24,13.2," "," "
" "," "," "," "," "," "," "," "," "," "," ",nfl.p.29281$nfl.g.2142277,Michael,Thomas,nfl.p.29281$nfl.g.2142277 - Michael Thomas,WR,NO,SF,SF@NO,1:00PM EST,35,18.3," "," "
" "," "," "," "," "," "," "," "," "," "," ",nfl.p.29470$nfl.g.2142277,Dwayne,Washington,nfl.p.29470$nfl.g.2142277 - Dwayne Washington,RB,NO,SF,SF@NO,1:00PM EST,10,1.6," "," "
" "," "," "," "," "," "," "," "," "," "," ",nfl.p.30180$nfl.g.2142277,Alvin,Kamara,nfl.p.30180$nfl.g.2142277 - Alvin Kamara,RB,NO,SF,SF@NO,1:00PM EST,28,14.8," "," "
" "," "," "," "," "," "," "," "," "," "," ",nfl.p.30487$nfl.g.2142277,Krishawn,Hogan,nfl.p.30487$nfl.g.2142277 - Krishawn Hogan,WR,NO,SF,SF@NO,1:00PM EST,10,0.0," "," "
" "," "," "," "," "," "," "," "," "," "," ",nfl.p.30614$nfl.g.2142277,Taysom,Hill,nfl.p.30614$nfl.g.2142277 - Taysom Hill,QB,NO,SF,SF@NO,1:00PM EST,20,5.2," "," "
" "," "," "," "," "," "," "," "," "," "," ",nfl.p.30656$nfl.g.2142277,Austin,Carr,nfl.p.30656$nfl.g.2142277 - Austin Carr,WR,NO,SF,SF@NO,1:00PM EST,10,0.7,IR," "
" "," "," "," "," "," "," "," "," "," "," ",nfl.p.30891$nfl.g.2142277,Dan,Arnold,nfl.p.30891$nfl.g.2142277 - Dan Arnold,TE,ARI,NO,SF@NO,1:00PM EST,10,1.8," "," "
" "," "," "," "," "," "," "," "," "," "," ",nfl.p.31061$nfl.g.2142277,Tre'Quan,Smith,nfl.p.31061$nfl.g.2142277 - Tre'Quan Smith,WR,NO,SF,SF@NO,1:00PM EST,10,4.7," "," "
" "," "," "," "," "," "," "," "," "," "," ",nfl.p.32398$nfl.g.2142277,Deonte,Harris,nfl.p.32398$nfl.g.2142277 - Deonte Harris,WR,NO,SF,SF@NO,1:00PM EST,10,1.0," "," "
" "," "," "," "," "," "," "," "," "," "," ",nfl.p.31517$nfl.g.2142277,Keith,Kirkwood,nfl.p.31517$nfl.g.2142277 - Keith Kirkwood,WR,NO,SF,SF@NO,1:00PM EST,10,5.9,IR," "
" "," "," "," "," "," "," "," "," "," "," ",nfl.p.30024$nfl.g.2142277,Garrett,Griffin,nfl.p.30024$nfl.g.2142277 - Garrett Griffin,TE,NO,SF,SF@NO,1:00PM EST,10,8.2,IR," "
" "," "," "," "," "," "," "," "," "," "," ",nfl.t.25$nfl.g.2142277,San Francisco,49ers,nfl.t.25$nfl.g.2142277 - San Francisco 49ers,DEF,SF,NO,SF@NO,1:00PM EST,19,12.8," "," "
" "," "," "," "," "," "," "," "," "," "," ",nfl.t.18$nfl.g.2142277,New Orleans,Saints,nfl.t.18$nfl.g.2142277 - New Orleans Saints,DEF,NO,SF,SF@NO,1:00PM EST,17,9.4," "," "
" "," "," "," "," "," "," "," "," "," "," ",nfl.p.29806$nfl.g.2142277,Jason,Vander Laan,nfl.p.29806$nfl.g.2142277 - Jason Vander Laan,TE,NO,SF,SF@NO,1:00PM EST,10,0.0,IR," "
" "," "," "," "," "," "," "," "," "," "," ",nfl.p.7426$nfl.g.2142280,Ryan,Fitzpatrick,nfl.p.7426$nfl.g.2142280 - Ryan Fitzpatrick,QB,MIA,NYJ,MIA@NYJ,1:00PM EST,23,14.7," "," "
" "," "," "," "," "," "," "," "," "," "," ",nfl.p.27874$nfl.g.2142280,Allen,Hurns,nfl.p.27874$nfl.g.2142280 - Allen Hurns,WR,MIA,NYJ,MIA@NYJ,1:00PM EST,12,4.7," "," "
" "," "," "," "," "," "," "," "," "," "," ",nfl.p.28046$nfl.g.2142280,Albert,Wilson,nfl.p.28046$nfl.g.2142280 - Albert Wilson,WR,MIA,NYJ,MIA@NYJ,1:00PM EST,10,4.1," "," "
" "," "," "," "," "," "," "," "," "," "," ",nfl.p.28402$nfl.g.2142280,DeVante,Parker,nfl.p.28402$nfl.g.2142280 - DeVante Parker,WR,MIA,NYJ,MIA@NYJ,1:00PM EST,20,12.3," "," "
" "," "," "," "," "," "," "," "," "," "," ",nfl.p.28456$nfl.g.2142280,Clive,Walford,nfl.p.28456$nfl.g.2142280 - Clive Walford,TE,MIA,NYJ,MIA@NYJ,1:00PM EST,10,0.6," "," "
" "," "," "," "," "," "," "," "," "," "," ",nfl.p.30980$nfl.g.2142280,Josh,Rosen,nfl.p.30980$nfl.g.2142280 - Josh Rosen,QB,MIA,NYJ,MIA@NYJ,1:00PM EST,20,4.6," "," "
" "," "," "," "," "," "," "," "," "," "," ",nfl.p.31012$nfl.g.2142280,Mike,Gesicki,nfl.p.31012$nfl.g.2142280 - Mike Gesicki,TE,MIA,NYJ,MIA@NYJ,1:00PM EST,12,6.2," "," "
" "," "," "," "," "," "," "," "," "," "," ",nfl.p.31093$nfl.g.2142280,Durham,Smythe,nfl.p.31093$nfl.g.2142280 - Durham Smythe,TE,MIA,NYJ,MIA@NYJ,1:00PM EST,10,0.6," "," "
" "," "," "," "," "," "," "," "," "," "," ",nfl.p.31100$nfl.g.2142280,Kalen,Ballage,nfl.p.31100$nfl.g.2142280 - Kalen Ballage,RB,MIA,NYJ,MIA@NYJ,1:00PM EST,10,3.7,IR," "
" "," "," "," "," "," "," "," "," "," "," ",nfl.p.31425$nfl.g.2142280,De'Lance,Turner,nfl.p.31425$nfl.g.2142280 - De'Lance Turner,RB,MIA,NYJ,MIA@NYJ,1:00PM EST,10,1.5," "," "
" "," "," "," "," "," "," "," "," "," "," ",nfl.p.32065$nfl.g.2142280,Chandler,Cox,nfl.p.32065$nfl.g.2142280 - Chandler Cox,RB,MIA,NYJ,MIA@NYJ,1:00PM EST,10,0.0," "," "
" "," "," "," "," "," "," "," "," "," "," ",nfl.p.32066$nfl.g.2142280,Myles,Gaskin,nfl.p.32066$nfl.g.2142280 - Myles Gaskin,RB,MIA,NYJ,MIA@NYJ,1:00PM EST,10,1.5," "," "
" "," "," "," "," "," "," "," "," "," "," ",nfl.p.32439$nfl.g.2142280,Patrick,Laird,nfl.p.32439$nfl.g.2142280 - Patrick Laird,RB,MIA,NYJ,MIA@NYJ,1:00PM EST,11,7.1," "," "
" "," "," "," "," "," "," "," "," "," "," ",nfl.p.23997$nfl.g.2142280,Demaryius,Thomas,nfl.p.23997$nfl.g.2142280 - Demaryius Thomas,WR,NYJ,MIA,MIA@NYJ,1:00PM EST,14,5.8,Q," "
" "," "," "," "," "," "," "," "," "," "," ",nfl.p.24913$nfl.g.2142280,Bilal,Powell,nfl.p.24913$nfl.g.2142280 - Bilal Powell,RB,NYJ,MIA,MIA@NYJ,1:00PM EST,10,1.8," "," "
" "," "," "," "," "," "," "," "," "," "," ",nfl.p.26671$nfl.g.2142280,Le'Veon,Bell,nfl.p.26671$nfl.g.2142280 - Le'Veon Bell,RB,NYJ,MIA,MIA@NYJ,1:00PM EST,28,12.6,O," "
" "," "," "," "," "," "," "," "," "," "," ",nfl.p.26824$nfl.g.2142280,Ryan,Griffin,nfl.p.26824$nfl.g.2142280 - Ryan Griffin,TE,NYJ,MIA,MIA@NYJ,1:00PM EST,16,6.6,Q," "
" "," "," "," "," "," "," "," "," "," "," ",nfl.p.27711$nfl.g.2142280,David,Fales,nfl.p.27711$nfl.g.2142280 - David Fales,QB,NYJ,MIA,MIA@NYJ,1:00PM EST,20,0.0," "," "
" "," "," "," "," "," "," "," "," "," "," ",nfl.p.28482$nfl.g.2142280,Ty,Montgomery,nfl.p.28482$nfl.g.2142280 - Ty Montgomery,RB,NYJ,MIA,MIA@NYJ,1:00PM EST,10,1.4," "," "
" "," "," "," "," "," "," "," "," "," "," ",nfl.p.28493$nfl.g.2142280,Jamison,Crowder,nfl.p.28493$nfl.g.2142280 - Jamison Crowder,WR,NYJ,MIA,MIA@NYJ,1:00PM EST,17,8.8," "," "
" "," "," "," "," "," "," "," "," "," "," ",nfl.p.29102$nfl.g.2142280,Daniel,Brown,nfl.p.29102$nfl.g.2142280 - Daniel Brown,TE,NYJ,MIA,MIA@NYJ,1:00PM EST,10,1.7," "," "
" "," "," "," "," "," "," "," "," "," "," ",nfl.p.29785$nfl.g.2142280,Robby,Anderson,nfl.p.29785$nfl.g.2142280 - Robby Anderson,WR,NYJ,MIA,MIA@NYJ,1:00PM EST,19,7.5," "," "
" "," "," "," "," "," "," "," "," "," "," ",nfl.p.30973$nfl.g.2142280,Sam,Darnold,nfl.p.30973$nfl.g.2142280 - Sam Darnold,QB,NYJ,MIA,MIA@NYJ,1:00PM EST,30,16.3," "," "
" "," "," "," "," "," "," "," "," "," "," ",nfl.p.31180$nfl.g.2142280,Braxton,Berrios,nfl.p.31180$nfl.g.2142280 - Braxton Berrios,WR,NYJ,MIA,MIA@NYJ,1:00PM EST,10,1.0," "," "
" "," "," "," "," "," "," "," "," "," "," ",nfl.p.31567$nfl.g.2142280,Josh,Adams,nfl.p.31567$nfl.g.2142280 - Josh Adams,RB,NYJ,MIA,MIA@NYJ,1:00PM EST,10,0.6," "," "
" "," "," "," "," "," "," "," "," "," "," ",nfl.p.31588$nfl.g.2142280,Vyncint,Smith,nfl.p.31588$nfl.g.2142280 - Vyncint Smith,WR,NYJ,MIA,MIA@NYJ,1:00PM EST,10,2.1," "," "
" "," "," "," "," "," "," "," "," "," "," ",nfl.p.31953$nfl.g.2142280,Trevon,Wesco,nfl.p.31953$nfl.g.2142280 - Trevon Wesco,TE,NYJ,MIA,MIA@NYJ,1:00PM EST,10,0.7," "," "
" "," "," "," "," "," "," "," "," "," "," ",nfl.t.15$nfl.g.2142280,Miami,Dolphins,nfl.t.15$nfl.g.2142280 - Miami Dolphins,DEF,MIA,NYJ,MIA@NYJ,1:00PM EST,13,2.6," "," "
" "," "," "," "," "," "," "," "," "," "," ",nfl.t.20$nfl.g.2142280,New York,Jets,nfl.t.20$nfl.g.2142280 - New York Jets,DEF,NYJ,MIA,MIA@NYJ,1:00PM EST,20,8.2," "," "
" "," "," "," "," "," "," "," "," "," "," ",nfl.p.30350$nfl.g.2142280,Isaiah,Ford,nfl.p.30350$nfl.g.2142280 - Isaiah Ford,WR,MIA,NYJ,MIA@NYJ,1:00PM EST,10,0.5," "," "
" "," "," "," "," "," "," "," "," "," "," ",nfl.p.31077$nfl.g.2142280,Chris,Herndon,nfl.p.31077$nfl.g.2142280 - Chris Herndon,TE,NYJ,MIA,MIA@NYJ,1:00PM EST,10,1.2,IR," "
" "," "," "," "," "," "," "," "," "," "," ",nfl.p.31174$nfl.g.2142280,Trenton,Cannon,nfl.p.31174$nfl.g.2142280 - Trenton Cannon,RB,NYJ,MIA,MIA@NYJ,1:00PM EST,10,0.0,IR," "
" "," "," "," "," "," "," "," "," "," "," ",nfl.p.27737$nfl.g.2142280,Quincy,Enunwa,nfl.p.27737$nfl.g.2142280 - Quincy Enunwa,WR,NYJ,MIA,MIA@NYJ,1:00PM EST,10,-1.9,IR," "
" "," "," "," "," "," "," "," "," "," "," ",nfl.p.29420$nfl.g.2142280,Jakeem,Grant,nfl.p.29420$nfl.g.2142280 - Jakeem Grant,WR,MIA,NYJ,MIA@NYJ,1:00PM EST,10,4.0,IR," "
" "," "," "," "," "," "," "," "," "," "," ",nfl.p.31952$nfl.g.2142280,Gary,Jennings,nfl.p.31952$nfl.g.2142280 - Gary Jennings,WR,MIA,NYJ,MIA@NYJ,1:00PM EST,10,0.0,IR," "
" "," "," "," "," "," "," "," "," "," "," ",nfl.p.32447$nfl.g.2142280,Preston,Williams,nfl.p.32447$nfl.g.2142280 - Preston Williams,WR,MIA,NYJ,MIA@NYJ,1:00PM EST,10,9.4,IR," "
" "," "," "," "," "," "," "," "," "," "," ",nfl.p.29348$nfl.g.2142280,Ricardo,Louis,nfl.p.29348$nfl.g.2142280 - Ricardo Louis,WR,MIA,NYJ,MIA@NYJ,1:00PM EST,10,0.0,IR," "
" "," "," "," "," "," "," "," "," "," "," ",nfl.p.26108$nfl.g.2142280,Josh,Bellamy,nfl.p.26108$nfl.g.2142280 - Josh Bellamy,WR,NYJ,MIA,MIA@NYJ,1:00PM EST,10,0.6,IR," "
" "," "," "," "," "," "," "," "," "," "," ",nfl.p.28638$nfl.g.2142280,Trevor,Siemian,nfl.p.28638$nfl.g.2142280 - Trevor Siemian,QB,NYJ,MIA,MIA@NYJ,1:00PM EST,20,0.1,IR," "
" "," "," "," "," "," "," "," "," "," "," ",nfl.p.9547$nfl.g.2142283,Brian,Hoyer,nfl.p.9547$nfl.g.2142283 - Brian Hoyer,QB,IND,TB,IND@TB,1:00PM EST,20,8.4," "," "
" "," "," "," "," "," "," "," "," "," "," ",nfl.p.25802$nfl.g.2142283,T.Y.,Hilton,nfl.p.25802$nfl.g.2142283 - T.Y. Hilton,WR,IND,TB,IND@TB,1:00PM EST,25,12.2,O," "
" "," "," "," "," "," "," "," "," "," "," ",nfl.p.27299$nfl.g.2142283,Jack,Doyle,nfl.p.27299$nfl.g.2142283 - Jack Doyle,TE,IND,TB,IND@TB,1:00PM EST,20,7.2," "," "
" "," "," "," "," "," "," "," "," "," "," ",nfl.p.29325$nfl.g.2142283,Jacoby,Brissett,nfl.p.29325$nfl.g.2142283 - Jacoby Brissett,QB,IND,TB,IND@TB,1:00PM EST,27,15.8," "," "
" "," "," "," "," "," "," "," "," "," "," ",nfl.p.29390$nfl.g.2142283,Jonathan,Williams,nfl.p.29390$nfl.g.2142283 - Jonathan Williams,RB,IND,TB,IND@TB,1:00PM EST,14,9.5," "," "
" "," "," "," "," "," "," "," "," "," "," ",nfl.p.29609$nfl.g.2142283,Chester,Rogers,nfl.p.29609$nfl.g.2142283 - Chester Rogers,WR,IND,TB,IND@TB,1:00PM EST,13,3.8,IR," "
" "," "," "," "," "," "," "," "," "," "," ",nfl.p.29678$nfl.g.2142283,Marcus,Johnson,nfl.p.29678$nfl.g.2142283 - Marcus Johnson,WR,IND,TB,IND@TB,1:00PM EST,10,5.2," "," "
" "," "," "," "," "," "," "," "," "," "," ",nfl.p.30112$nfl.g.2142283,Mo,Alie-Cox,nfl.p.30112$nfl.g.2142283 - Mo Alie-Cox,TE,IND,TB,IND@TB,1:00PM EST,10,1.1," "," "
" "," "," "," "," "," "," "," "," "," "," ",nfl.p.30256$nfl.g.2142283,Marlon,Mack,nfl.p.30256$nfl.g.2142283 - Marlon Mack,RB,IND,TB,IND@TB,1:00PM EST,21,12.6," "," "
" "," "," "," "," "," "," "," "," "," "," ",nfl.p.30366$nfl.g.2142283,Chad,Kelly,nfl.p.30366$nfl.g.2142283 - Chad Kelly,QB,IND,TB,IND@TB,1:00PM EST,20,-0.1," "," "
" "," "," "," "," "," "," "," "," "," "," ",nfl.p.30502$nfl.g.2142283,Zach,Pascal,nfl.p.30502$nfl.g.2142283 - Zach Pascal,WR,IND,TB,IND@TB,1:00PM EST,16,7.3," "," "
" "," "," "," "," "," "," "," "," "," "," ",nfl.p.31074$nfl.g.2142283,Nyheim,Hines,nfl.p.31074$nfl.g.2142283 - Nyheim Hines,RB,IND,TB,IND@TB,1:00PM EST,11,5.9," "," "
" "," "," "," "," "," "," "," "," "," "," ",nfl.p.31139$nfl.g.2142283,Jordan,Wilkins,nfl.p.31139$nfl.g.2142283 - Jordan Wilkins,RB,IND,TB,IND@TB,1:00PM EST,12,3.1," "," "
" "," "," "," "," "," "," "," "," "," "," ",nfl.p.31891$nfl.g.2142283,Parris,Campbell,nfl.p.31891$nfl.g.2142283 - Parris Campbell,WR,IND,TB,IND@TB,1:00PM EST,10,4.4," "," "
" "," "," "," "," "," "," "," "," "," "," ",nfl.p.32292$nfl.g.2142283,Ashton,Dulin,nfl.p.32292$nfl.g.2142283 - Ashton Dulin,WR,IND,TB,IND@TB,1:00PM EST,10,0.3," "," "
" "," "," "," "," "," "," "," "," "," "," ",nfl.p.26949$nfl.g.2142283,Ryan,Griffin,nfl.p.26949$nfl.g.2142283 - Ryan Griffin,QB,TB,IND,IND@TB,1:00PM EST,20,0.0," "," "
" "," "," "," "," "," "," "," "," "," "," ",nfl.p.27535$nfl.g.2142283,Mike,Evans,nfl.p.27535$nfl.g.2142283 - Mike Evans,WR,TB,IND,IND@TB,1:00PM EST,31,15.6," "," "
" "," "," "," "," "," "," "," "," "," "," ",nfl.p.28267$nfl.g.2142283,Cameron,Brate,nfl.p.28267$nfl.g.2142283 - Cameron Brate,TE,TB,IND,IND@TB,1:00PM EST,10,4.8," "," "
" "," "," "," "," "," "," "," "," "," "," ",nfl.p.28389$nfl.g.2142283,Jameis,Winston,nfl.p.28389$nfl.g.2142283 - Jameis Winston,QB,TB,IND,IND@TB,1:00PM EST,33,19.4," "," "
" "," "," "," "," "," "," "," "," "," "," ",nfl.p.28414$nfl.g.2142283,Breshad,Perriman,nfl.p.28414$nfl.g.2142283 - Breshad Perriman,WR,TB,IND,IND@TB,1:00PM EST,10,3.8," "," "
" "," "," "," "," "," "," "," "," "," "," ",nfl.p.29560$nfl.g.2142283,Peyton,Barber,nfl.p.29560$nfl.g.2142283 - Peyton Barber,RB,TB,IND,IND@TB,1:00PM EST,13,7.8," "," "
" "," "," "," "," "," "," "," "," "," "," ",nfl.p.30132$nfl.g.2142283,O.J.,Howard,nfl.p.30132$nfl.g.2142283 - O.J. Howard,TE,TB,IND,IND@TB,1:00PM EST,10,5.0," "," "
" "," "," "," "," "," "," "," "," "," "," ",nfl.p.30197$nfl.g.2142283,Chris,Godwin,nfl.p.30197$nfl.g.2142283 - Chris Godwin,WR,TB,IND,IND@TB,1:00PM EST,32,17.2," "," "
" "," "," "," "," "," "," "," "," "," "," ",nfl.p.30263$nfl.g.2142283,Jordan,Leggett,nfl.p.30263$nfl.g.2142283 - Jordan Leggett,TE,TB,IND,IND@TB,1:00PM EST,10,1.9," "," "
" "," "," "," "," "," "," "," "," "," "," ",nfl.p.30292$nfl.g.2142283,T.J.,Logan,nfl.p.30292$nfl.g.2142283 - T.J. Logan,RB,TB,IND,IND@TB,1:00PM EST,10,0.4,O," "
" "," "," "," "," "," "," "," "," "," "," ",nfl.p.30860$nfl.g.2142283,Dare,Ogunbowale,nfl.p.30860$nfl.g.2142283 - Dare Ogunbowale,RB,TB,IND,IND@TB,1:00PM EST,10,3.8," "," "
" "," "," "," "," "," "," "," "," "," "," ",nfl.p.31008$nfl.g.2142283,Ronald,Jones II,nfl.p.31008$nfl.g.2142283 - Ronald Jones II,RB,TB,IND,IND@TB,1:00PM EST,14,9.0," "," "
" "," "," "," "," "," "," "," "," "," "," ",nfl.p.31114$nfl.g.2142283,Justin,Watson,nfl.p.31114$nfl.g.2142283 - Justin Watson,WR,TB,IND,IND@TB,1:00PM EST,10,0.4," "," "
" "," "," "," "," "," "," "," "," "," "," ",nfl.p.31257$nfl.g.2142283,Tanner,Hudson,nfl.p.31257$nfl.g.2142283 - Tanner Hudson,TE,TB,IND,IND@TB,1:00PM EST,10,0.8," "," "
" "," "," "," "," "," "," "," "," "," "," ",nfl.p.32040$nfl.g.2142283,Scotty,Miller,nfl.p.32040$nfl.g.2142283 - Scotty Miller,WR,TB,IND,IND@TB,1:00PM EST,10,2.7,O," "
" "," "," "," "," "," "," "," "," "," "," ",nfl.t.11$nfl.g.2142283,Indianapolis,Colts,nfl.t.11$nfl.g.2142283 - Indianapolis Colts,DEF,IND,TB,IND@TB,1:00PM EST,14,6.9," "," "
" "," "," "," "," "," "," "," "," "," "," ",nfl.t.27$nfl.g.2142283,Tampa Bay,Buccaneers,nfl.t.27$nfl.g.2142283 - Tampa Bay Buccaneers,DEF,TB,IND,IND@TB,1:00PM EST,12,8.0," "," "
" "," "," "," "," "," "," "," "," "," "," ",nfl.p.29208$nfl.g.2142283,Ross,Travis,nfl.p.29208$nfl.g.2142283 - Ross Travis,TE,IND,TB,IND@TB,1:00PM EST,10,2.1," "," "
" "," "," "," "," "," "," "," "," "," "," ",nfl.p.28975$nfl.g.2142283,Matt,Lengel,nfl.p.28975$nfl.g.2142283 - Matt Lengel,TE,IND,TB,IND@TB,1:00PM EST,10,1.5," "," "
" "," "," "," "," "," "," "," "," "," "," ",nfl.p.27538$nfl.g.2142283,Eric,Ebron,nfl.p.27538$nfl.g.2142283 - Eric Ebron,TE,IND,TB,IND@TB,1:00PM EST,10,6.5,IR," "
" "," "," "," "," "," "," "," "," "," "," ",nfl.p.28429$nfl.g.2142283,Devin,Funchess,nfl.p.28429$nfl.g.2142283 - Devin Funchess,WR,IND,TB,IND@TB,1:00PM EST,13,4.7,IR," "
" "," "," "," "," "," "," "," "," "," "," ",nfl.p.31129$nfl.g.2142283,Reece,Fountain,nfl.p.31129$nfl.g.2142283 - Reece Fountain,WR,IND,TB,IND@TB,1:00PM EST,10,0.0,IR," "
" "," "," "," "," "," "," "," "," "," "," ",nfl.p.31369$nfl.g.2142283,Steve,Ishmael,nfl.p.31369$nfl.g.2142283 - Steve Ishmael,WR,IND,TB,IND@TB,1:00PM EST,10,0.0,IR," "
" "," "," "," "," "," "," "," "," "," "," ",nfl.p.30756$nfl.g.2142283,Billy,Brown,nfl.p.30756$nfl.g.2142283 - Billy Brown,TE,IND,TB,IND@TB,1:00PM EST,10,0.0,IR," "
" "," "," "," "," "," "," "," "," "," "," ",nfl.p.30468$nfl.g.2142283,Antony,Auclair,nfl.p.30468$nfl.g.2142283 - Antony Auclair,TE,TB,IND,IND@TB,1:00PM EST,10,0.4,IR," "
" "," "," "," "," "," "," "," "," "," "," ",nfl.p.24797$nfl.g.2142283,Blaine,Gabbert,nfl.p.24797$nfl.g.2142283 - Blaine Gabbert,QB,TB,IND,IND@TB,1:00PM EST,20,4.6,IR," "
" "," "," "," "," "," "," "," "," "," "," ",nfl.p.31816$nfl.g.2142283,Bryant,Mitchell,nfl.p.31816$nfl.g.2142283 - Bryant Mitchell,WR,TB,IND,IND@TB,1:00PM EST,10,0.0,IR," "
" "," "," "," "," "," "," "," "," "," "," ",nfl.p.30211$nfl.g.2142283,Chad,Williams,nfl.p.30211$nfl.g.2142283 - Chad Williams,WR,IND,TB,IND@TB,1:00PM EST,10,3.2," "," "
" "," "," "," "," "," "," "," "," "," "," ",nfl.p.6763$nfl.g.2142285,Philip,Rivers,nfl.p.6763$nfl.g.2142285 - Philip Rivers,QB,LAC,JAX,LAC@JAX,4:05PM EST,26,15.9," "," "
" "," "," "," "," "," "," "," "," "," "," ",nfl.p.24834$nfl.g.2142285,Lance,Kendricks,nfl.p.24834$nfl.g.2142285 - Lance Kendricks,TE,LAC,JAX,LAC@JAX,4:05PM EST,10,1.6," "," "
" "," "," "," "," "," "," "," "," "," "," ",nfl.p.24967$nfl.g.2142285,Tyrod,Taylor,nfl.p.24967$nfl.g.2142285 - Tyrod Taylor,QB,LAC,JAX,LAC@JAX,4:05PM EST,22,0.1," "," "
" "," "," "," "," "," "," "," "," "," "," ",nfl.p.24991$nfl.g.2142285,Virgil,Green,nfl.p.24991$nfl.g.2142285 - Virgil Green,TE,LAC,JAX,LAC@JAX,4:05PM EST,10,1.2," "," "
" "," "," "," "," "," "," "," "," "," "," ",nfl.p.26699$nfl.g.2142285,Keenan,Allen,nfl.p.26699$nfl.g.2142285 - Keenan Allen,WR,LAC,JAX,LAC@JAX,4:05PM EST,22,13.0," "," "
" "," "," "," "," "," "," "," "," "," "," ",nfl.p.28403$nfl.g.2142285,Melvin,Gordon III,nfl.p.28403$nfl.g.2142285 - Melvin Gordon III,RB,LAC,JAX,LAC@JAX,4:05PM EST,23,12.1," "," "
" "," "," "," "," "," "," "," "," "," "," ",nfl.p.28574$nfl.g.2142285,Geremy,Davis,nfl.p.28574$nfl.g.2142285 - Geremy Davis,WR,LAC,JAX,LAC@JAX,4:05PM EST,10,1.1,IR," "
" "," "," "," "," "," "," "," "," "," "," ",nfl.p.29269$nfl.g.2142285,Hunter,Henry,nfl.p.29269$nfl.g.2142285 - Hunter Henry,TE,LAC,JAX,LAC@JAX,4:05PM EST,18,11.3," "," "
" "," "," "," "," "," "," "," "," "," "," ",nfl.p.29432$nfl.g.2142285,Derek,Watt,nfl.p.29432$nfl.g.2142285 - Derek Watt,RB,LAC,JAX,LAC@JAX,4:05PM EST,10,0.5," "," "
" "," "," "," "," "," "," "," "," "," "," ",nfl.p.30061$nfl.g.2142285,Troymaine,Pope,nfl.p.30061$nfl.g.2142285 - Troymaine Pope,RB,LAC,JAX,LAC@JAX,4:05PM EST,10,1.5," "," "
" "," "," "," "," "," "," "," "," "," "," ",nfl.p.30120$nfl.g.2142285,Mike,Williams,nfl.p.30120$nfl.g.2142285 - Mike Williams,WR,LAC,JAX,LAC@JAX,4:05PM EST,14,8.8," "," "
" "," "," "," "," "," "," "," "," "," "," ",nfl.p.30423$nfl.g.2142285,Austin,Ekeler,nfl.p.30423$nfl.g.2142285 - Austin Ekeler,RB,LAC,JAX,LAC@JAX,4:05PM EST,20,16.7," "," "
" "," "," "," "," "," "," "," "," "," "," ",nfl.p.30430$nfl.g.2142285,Andre,Patton,nfl.p.30430$nfl.g.2142285 - Andre Patton,WR,LAC,JAX,LAC@JAX,4:05PM EST,10,0.9," "," "
" "," "," "," "," "," "," "," "," "," "," ",nfl.p.31221$nfl.g.2142285,Justin,Jackson,nfl.p.31221$nfl.g.2142285 - Justin Jackson,RB,LAC,JAX,LAC@JAX,4:05PM EST,10,5.1," "," "
" "," "," "," "," "," "," "," "," "," "," ",nfl.p.31998$nfl.g.2142285,Easton,Stick,nfl.p.31998$nfl.g.2142285 - Easton Stick,QB,LAC,JAX,LAC@JAX,4:05PM EST,20,0.0," "," "
" "," "," "," "," "," "," "," "," "," "," ",nfl.p.32547$nfl.g.2142285,Jason,Moore,nfl.p.32547$nfl.g.2142285 - Jason Moore,WR,LAC,JAX,LAC@JAX,4:05PM EST,10,1.3," "," "
" "," "," "," "," "," "," "," "," "," "," ",nfl.p.25810$nfl.g.2142285,Travis,Benjamin,nfl.p.25810$nfl.g.2142285 - Travis Benjamin,WR,LAC,JAX,LAC@JAX,4:05PM EST,10,1.2,IR," "
" "," "," "," "," "," "," "," "," "," "," ",nfl.p.30420$nfl.g.2142285,Sean,Culkin,nfl.p.30420$nfl.g.2142285 - Sean Culkin,TE,LAC,JAX,LAC@JAX,4:05PM EST,10,0.6,IR," "
" "," "," "," "," "," "," "," "," "," "," ",nfl.p.31325$nfl.g.2142285,Andrew,Vollert,nfl.p.31325$nfl.g.2142285 - Andrew Vollert,TE,LAC,JAX,LAC@JAX,4:05PM EST,10,0.0,IR," "
" "," "," "," "," "," "," "," "," "," "," ",nfl.p.31161$nfl.g.2142285,Dylan,Cantrell,nfl.p.31161$nfl.g.2142285 - Dylan Cantrell,WR,LAC,JAX,LAC@JAX,4:05PM EST,10,0.0,IR," "
" "," "," "," "," "," "," "," "," "," "," ",nfl.p.25798$nfl.g.2142285,Nick,Foles,nfl.p.25798$nfl.g.2142285 - Nick Foles,QB,JAX,LAC,LAC@JAX,4:05PM EST,23,9.9," "," "
" "," "," "," "," "," "," "," "," "," "," ",nfl.p.28464$nfl.g.2142285,Chris,Conley,nfl.p.28464$nfl.g.2142285 - Chris Conley,WR,JAX,LAC,LAC@JAX,4:05PM EST,10,7.9," "," "
" "," "," "," "," "," "," "," "," "," "," ",nfl.p.28582$nfl.g.2142285,Nick,O'Leary,nfl.p.28582$nfl.g.2142285 - Nick O'Leary,TE,JAX,LAC,LAC@JAX,4:05PM EST,10,1.8," "," "
" "," "," "," "," "," "," "," "," "," "," ",nfl.p.28617$nfl.g.2142285,Ben,Koyack,nfl.p.28617$nfl.g.2142285 - Ben Koyack,TE,JAX,LAC,LAC@JAX,4:05PM EST,10,0.5," "," "
" "," "," "," "," "," "," "," "," "," "," ",nfl.p.29372$nfl.g.2142285,Seth,DeValve,nfl.p.29372$nfl.g.2142285 - Seth DeValve,TE,JAX,LAC,LAC@JAX,4:05PM EST,10,2.4,D," "
" "," "," "," "," "," "," "," "," "," "," ",nfl.p.30117$nfl.g.2142285,Leonard,Fournette,nfl.p.30117$nfl.g.2142285 - Leonard Fournette,RB,JAX,LAC,LAC@JAX,4:05PM EST,29,16.0," "," "
" "," "," "," "," "," "," "," "," "," "," ",nfl.p.30223$nfl.g.2142285,Dede,Westbrook,nfl.p.30223$nfl.g.2142285 - Dede Westbrook,WR,JAX,LAC,LAC@JAX,4:05PM EST,11,8.6," "," "
" "," "," "," "," "," "," "," "," "," "," ",nfl.p.30248$nfl.g.2142285,Josh,Dobbs,nfl.p.30248$nfl.g.2142285 - Josh Dobbs,QB,JAX,LAC,LAC@JAX,4:05PM EST,20,0.4," "," "
" "," "," "," "," "," "," "," "," "," "," ",nfl.p.30396$nfl.g.2142285,Keelan,Cole,nfl.p.30396$nfl.g.2142285 - Keelan Cole,WR,JAX,LAC,LAC@JAX,4:05PM EST,10,5.5," "," "
" "," "," "," "," "," "," "," "," "," "," ",nfl.p.31031$nfl.g.2142285,DJ,Chark Jr.,nfl.p.31031$nfl.g.2142285 - DJ Chark Jr.,WR,JAX,LAC,LAC@JAX,4:05PM EST,20,14.1," "," "
" "," "," "," "," "," "," "," "," "," "," ",nfl.p.31972$nfl.g.2142285,Ryquell,Armstead,nfl.p.31972$nfl.g.2142285 - Ryquell Armstead,RB,JAX,LAC,LAC@JAX,4:05PM EST,10,2.6," "," "
" "," "," "," "," "," "," "," "," "," "," ",nfl.p.32010$nfl.g.2142285,Gardner,Minshew II,nfl.p.32010$nfl.g.2142285 - Gardner Minshew II,QB,JAX,LAC,LAC@JAX,4:05PM EST,23,16.3," "," "
" "," "," "," "," "," "," "," "," "," "," ",nfl.p.32101$nfl.g.2142285,Michael,Walker,nfl.p.32101$nfl.g.2142285 - Michael Walker,WR,JAX,LAC,LAC@JAX,4:05PM EST,10,0.3," "," "
" "," "," "," "," "," "," "," "," "," "," ",nfl.p.32306$nfl.g.2142285,Matt,Orzech,nfl.p.32306$nfl.g.2142285 - Matt Orzech,TE,JAX,LAC,LAC@JAX,4:05PM EST,10,0.0," "," "
" "," "," "," "," "," "," "," "," "," "," ",nfl.p.32390$nfl.g.2142285,Devine,Ozigbo,nfl.p.32390$nfl.g.2142285 - Devine Ozigbo,RB,JAX,LAC,LAC@JAX,4:05PM EST,10,0.0," "," "
" "," "," "," "," "," "," "," "," "," "," ",nfl.p.32565$nfl.g.2142285,Charles,Jones,nfl.p.32565$nfl.g.2142285 - Charles Jones,TE,JAX,LAC,LAC@JAX,4:05PM EST,10,0.0," "," "
" "," "," "," "," "," "," "," "," "," "," ",nfl.p.31901$nfl.g.2142285,Josh,Oliver,nfl.p.31901$nfl.g.2142285 - Josh Oliver,TE,JAX,LAC,LAC@JAX,4:05PM EST,10,1.0,IR," "
" "," "," "," "," "," "," "," "," "," "," ",nfl.p.27567$nfl.g.2142285,Marqise,Lee,nfl.p.27567$nfl.g.2142285 - Marqise Lee,WR,JAX,LAC,LAC@JAX,4:05PM EST,10,0.9,IR," "
" "," "," "," "," "," "," "," "," "," "," ",nfl.p.28634$nfl.g.2142285,Geoff,Swaim,nfl.p.28634$nfl.g.2142285 - Geoff Swaim,TE,JAX,LAC,LAC@JAX,4:05PM EST,10,2.2,IR," "
" "," "," "," "," "," "," "," "," "," "," ",nfl.p.28561$nfl.g.2142285,James,O'Shaughnessy,nfl.p.28561$nfl.g.2142285 - James O'Shaughnessy,TE,JAX,LAC,LAC@JAX,4:05PM EST,10,6.9,IR," "
" "," "," "," "," "," "," "," "," "," "," ",nfl.p.30351$nfl.g.2142285,Devante,Mays,nfl.p.30351$nfl.g.2142285 - Devante Mays,RB,JAX,LAC,LAC@JAX,4:05PM EST,10,0.0,IR," "
" "," "," "," "," "," "," "," "," "," "," ",nfl.p.32615$nfl.g.2142285,Taj,McGowan,nfl.p.32615$nfl.g.2142285 - Taj McGowan,RB,JAX,LAC,LAC@JAX,4:05PM EST,10,0.0,IR," "
" "," "," "," "," "," "," "," "," "," "," ",nfl.t.24$nfl.g.2142285,Los Angeles,Chargers,nfl.t.24$nfl.g.2142285 - Los Angeles Chargers,DEF,LAC,JAX,LAC@JAX,4:05PM EST,12,5.9," "," "
" "," "," "," "," "," "," "," "," "," "," ",nfl.t.30$nfl.g.2142285,Jacksonville,Jaguars,nfl.t.30$nfl.g.2142285 - Jacksonville Jaguars,DEF,JAX,LAC,LAC@JAX,4:05PM EST,14,6.8," "," "
" "," "," "," "," "," "," "," "," "," "," ",nfl.p.32201$nfl.g.2142285,Jalen,Guyton,nfl.p.32201$nfl.g.2142285 - Jalen Guyton,WR,LAC,JAX,LAC@JAX,4:05PM EST,10,0.0," "," "
" "," "," "," "," "," "," "," "," "," "," ",nfl.p.26678$nfl.g.2142291,Vance,McDonald,nfl.p.26678$nfl.g.2142291 - Vance McDonald,TE,PIT,ARI,PIT@ARI,4:25PM EST,16,5.3," "," "
" "," "," "," "," "," "," "," "," "," "," ",nfl.p.29260$nfl.g.2142291,Paxton,Lynch,nfl.p.29260$nfl.g.2142291 - Paxton Lynch,QB,PIT,ARI,PIT@ARI,4:25PM EST,20,0.0," "," "
" "," "," "," "," "," "," "," "," "," "," ",nfl.p.29328$nfl.g.2142291,Nick,Vannett,nfl.p.29328$nfl.g.2142291 - Nick Vannett,TE,PIT,ARI,PIT@ARI,4:25PM EST,10,1.5," "," "
" "," "," "," "," "," "," "," "," "," "," ",nfl.p.29795$nfl.g.2142291,Tevin,Jones,nfl.p.29795$nfl.g.2142291 - Tevin Jones,WR,PIT,ARI,PIT@ARI,4:25PM EST,10,2.7," "," "
" "," "," "," "," "," "," "," "," "," "," ",nfl.p.29958$nfl.g.2142291,Johnny,Holton,nfl.p.29958$nfl.g.2142291 - Johnny Holton,WR,PIT,ARI,PIT@ARI,4:25PM EST,10,0.4," "," "
" "," "," "," "," "," "," "," "," "," "," ",nfl.p.30175$nfl.g.2142291,JuJu,Smith-Schuster,nfl.p.30175$nfl.g.2142291 - JuJu Smith-Schuster,WR,PIT,ARI,PIT@ARI,4:25PM EST,21,8.7,O," "
" "," "," "," "," "," "," "," "," "," "," ",nfl.p.30218$nfl.g.2142291,James,Conner,nfl.p.30218$nfl.g.2142291 - James Conner,RB,PIT,ARI,PIT@ARI,4:25PM EST,22,14.0,O," "
" "," "," "," "," "," "," "," "," "," "," ",nfl.p.30850$nfl.g.2142291,Trey,Edmunds,nfl.p.30850$nfl.g.2142291 - Trey Edmunds,RB,PIT,ARI,PIT@ARI,4:25PM EST,10,3.2," "," "
" "," "," "," "," "," "," "," "," "," "," ",nfl.p.31030$nfl.g.2142291,James,Washington,nfl.p.31030$nfl.g.2142291 - James Washington,WR,PIT,ARI,PIT@ARI,4:25PM EST,15,8.1," "," "
" "," "," "," "," "," "," "," "," "," "," ",nfl.p.31046$nfl.g.2142291,Mason,Rudolph,nfl.p.31046$nfl.g.2142291 - Mason Rudolph,QB,PIT,ARI,PIT@ARI,4:25PM EST,23,12.1," "," "
" "," "," "," "," "," "," "," "," "," "," ",nfl.p.31135$nfl.g.2142291,Jaylen,Samuels,nfl.p.31135$nfl.g.2142291 - Jaylen Samuels,RB,PIT,ARI,PIT@ARI,4:25PM EST,14,7.6," "," "
" "," "," "," "," "," "," "," "," "," "," ",nfl.p.31155$nfl.g.2142291,Deon,Cain,nfl.p.31155$nfl.g.2142291 - Deon Cain,WR,PIT,ARI,PIT@ARI,4:25PM EST,10,1.5," "," "
" "," "," "," "," "," "," "," "," "," "," ",nfl.p.31898$nfl.g.2142291,Diontae,Johnson,nfl.p.31898$nfl.g.2142291 - Diontae Johnson,WR,PIT,ARI,PIT@ARI,4:25PM EST,11,6.6," "," "
" "," "," "," "," "," "," "," "," "," "," ",nfl.p.31954$nfl.g.2142291,Benny,Snell Jr.,nfl.p.31954$nfl.g.2142291 - Benny Snell Jr.,RB,PIT,ARI,PIT@ARI,4:25PM EST,16,5.4," "," "
" "," "," "," "," "," "," "," "," "," "," ",nfl.p.31973$nfl.g.2142291,Zach,Gentry,nfl.p.31973$nfl.g.2142291 - Zach Gentry,TE,PIT,ARI,PIT@ARI,4:25PM EST,10,0.0," "," "
" "," "," "," "," "," "," "," "," "," "," ",nfl.p.32054$nfl.g.2142291,Kerrith,Whyte Jr.,nfl.p.32054$nfl.g.2142291 - Kerrith Whyte Jr.,RB,PIT,ARI,PIT@ARI,4:25PM EST,10,2.6," "," "
" "," "," "," "," "," "," "," "," "," "," ",nfl.p.32581$nfl.g.2142291,Devlin,Hodges,nfl.p.32581$nfl.g.2142291 - Devlin Hodges,QB,PIT,ARI,PIT@ARI,4:25PM EST,24,8.6," "," "
" "," "," "," "," "," "," "," "," "," "," ",nfl.p.6762$nfl.g.2142291,Larry,Fitzgerald,nfl.p.6762$nfl.g.2142291 - Larry Fitzgerald,WR,ARI,PIT,PIT@ARI,4:25PM EST,13,9.3," "," "
" "," "," "," "," "," "," "," "," "," "," ",nfl.p.24961$nfl.g.2142291,Charles,Clay,nfl.p.24961$nfl.g.2142291 - Charles Clay,TE,ARI,PIT,PIT@ARI,4:25PM EST,10,2.3," "," "
" "," "," "," "," "," "," "," "," "," "," ",nfl.p.28443$nfl.g.2142291,Maxx,Williams,nfl.p.28443$nfl.g.2142291 - Maxx Williams,TE,ARI,PIT,PIT@ARI,4:25PM EST,10,2.8," "," "
" "," "," "," "," "," "," "," "," "," "," ",nfl.p.28474$nfl.g.2142291,David,Johnson,nfl.p.28474$nfl.g.2142291 - David Johnson,RB,ARI,PIT,PIT@ARI,4:25PM EST,10,12.2," "," "
" "," "," "," "," "," "," "," "," "," "," ",nfl.p.28535$nfl.g.2142291,Brett,Hundley,nfl.p.28535$nfl.g.2142291 - Brett Hundley,QB,ARI,PIT,PIT@ARI,4:25PM EST,20,0.0," "," "
" "," "," "," "," "," "," "," "," "," "," ",nfl.p.28730$nfl.g.2142291,Damiere,Byrd,nfl.p.28730$nfl.g.2142291 - Damiere Byrd,WR,ARI,PIT,PIT@ARI,4:25PM EST,10,3.8," "," "
" "," "," "," "," "," "," "," "," "," "," ",nfl.p.28887$nfl.g.2142291,Zach,Zenner,nfl.p.28887$nfl.g.2142291 - Zach Zenner,RB,MIA,ARI,PIT@ARI,4:25PM EST,10,0.9," "," "
" "," "," "," "," "," "," "," "," "," "," ",nfl.p.29307$nfl.g.2142291,Kenyan,Drake,nfl.p.29307$nfl.g.2142291 - Kenyan Drake,RB,ARI,PIT,PIT@ARI,4:25PM EST,17,9.4," "," "
" "," "," "," "," "," "," "," "," "," "," ",nfl.p.29351$nfl.g.2142291,Pharoh,Cooper,nfl.p.29351$nfl.g.2142291 - Pharoh Cooper,WR,ARI,PIT,PIT@ARI,4:25PM EST,10,4.3," "," "
" "," "," "," "," "," "," "," "," "," "," ",nfl.p.30523$nfl.g.2142291,Darrell,Daniels,nfl.p.30523$nfl.g.2142291 - Darrell Daniels,TE,ARI,PIT,PIT@ARI,4:25PM EST,10,0.3," "," "
" "," "," "," "," "," "," "," "," "," "," ",nfl.p.31017$nfl.g.2142291,Christian,Kirk,nfl.p.31017$nfl.g.2142291 - Christian Kirk,WR,ARI,PIT,PIT@ARI,4:25PM EST,20,11.4," "," "
" "," "," "," "," "," "," "," "," "," "," ",nfl.p.31104$nfl.g.2142291,Chase,Edmonds,nfl.p.31104$nfl.g.2142291 - Chase Edmonds,RB,ARI,PIT,PIT@ARI,4:25PM EST,12,9.5," "," "
" "," "," "," "," "," "," "," "," "," "," ",nfl.p.31320$nfl.g.2142291,Trent,Sherfield,nfl.p.31320$nfl.g.2142291 - Trent Sherfield,WR,ARI,PIT,PIT@ARI,4:25PM EST,10,1.1," "," "
" "," "," "," "," "," "," "," "," "," "," ",nfl.p.31833$nfl.g.2142291,Kyler,Murray,nfl.p.31833$nfl.g.2142291 - Kyler Murray,QB,ARI,PIT,PIT@ARI,4:25PM EST,29,19.9," "," "
" "," "," "," "," "," "," "," "," "," "," ",nfl.p.31894$nfl.g.2142291,Andy,Isabella,nfl.p.31894$nfl.g.2142291 - Andy Isabella,WR,ARI,PIT,PIT@ARI,4:25PM EST,10,2.9," "," "
" "," "," "," "," "," "," "," "," "," "," ",nfl.p.32006$nfl.g.2142291,KeeSean,Johnson,nfl.p.32006$nfl.g.2142291 - KeeSean Johnson,WR,ARI,PIT,PIT@ARI,4:25PM EST,10,3.6," "," "
" "," "," "," "," "," "," "," "," "," "," ",nfl.t.23$nfl.g.2142291,Pittsburgh,Steelers,nfl.t.23$nfl.g.2142291 - Pittsburgh Steelers,DEF,PIT,ARI,PIT@ARI,4:25PM EST,19,12.1," "," "
" "," "," "," "," "," "," "," "," "," "," ",nfl.t.22$nfl.g.2142291,Arizona,Cardinals,nfl.t.22$nfl.g.2142291 - Arizona Cardinals,DEF,ARI,PIT,PIT@ARI,4:25PM EST,10,3.7," "," "
" "," "," "," "," "," "," "," "," "," "," ",nfl.p.28068$nfl.g.2142291,Roosevelt,Nix,nfl.p.28068$nfl.g.2142291 - Roosevelt Nix,RB,PIT,ARI,PIT@ARI,4:25PM EST,10,0.7,IR," "
" "," "," "," "," "," "," "," "," "," "," ",nfl.p.30246$nfl.g.2142291,Ryan,Switzer,nfl.p.30246$nfl.g.2142291 - Ryan Switzer,WR,PIT,ARI,PIT@ARI,4:25PM EST,10,0.8,IR," "
" "," "," "," "," "," "," "," "," "," "," ",nfl.p.6770$nfl.g.2142291,Ben,Roethlisberger,nfl.p.6770$nfl.g.2142291 - Ben Roethlisberger,QB,PIT,ARI,PIT@ARI,4:25PM EST,20,6.9,IR," "
" "," "," "," "," "," "," "," "," "," "," ",nfl.p.29872$nfl.g.2142291,D.J.,Foster,nfl.p.29872$nfl.g.2142291 - D.J. Foster,RB,ARI,PIT,PIT@ARI,4:25PM EST,10,0.0,IR," "
" "," "," "," "," "," "," "," "," "," "," ",nfl.p.31935$nfl.g.2142291,Hakeem,Butler,nfl.p.31935$nfl.g.2142291 - Hakeem Butler,WR,ARI,PIT,PIT@ARI,4:25PM EST,10,0.0,IR," "
" "," "," "," "," "," "," "," "," "," "," ",nfl.p.8544$nfl.g.2142294,Matt,Moore,nfl.p.8544$nfl.g.2142294 - Matt Moore,QB,KC,NE,KC@NE,4:25PM EST,20,8.5," "," "
" "," "," "," "," "," "," "," "," "," "," ",nfl.p.8834$nfl.g.2142294,Chad,Henne,nfl.p.8834$nfl.g.2142294 - Chad Henne,QB,KC,NE,KC@NE,4:25PM EST,20,1.5," "," "
" "," "," "," "," "," "," "," "," "," "," ",nfl.p.9317$nfl.g.2142294,LeSean,McCoy,nfl.p.9317$nfl.g.2142294 - LeSean McCoy,RB,KC,NE,KC@NE,4:25PM EST,11,8.9," "," "
" "," "," "," "," "," "," "," "," "," "," ",nfl.p.24923$nfl.g.2142294,Anthony,Sherman,nfl.p.24923$nfl.g.2142294 - Anthony Sherman,RB,KC,NE,KC@NE,4:25PM EST,10,0.5," "," "
" "," "," "," "," "," "," "," "," "," "," ",nfl.p.26686$nfl.g.2142294,Travis,Kelce,nfl.p.26686$nfl.g.2142294 - Travis Kelce,TE,KC,NE,KC@NE,4:25PM EST,25,12.5," "," "
" "," "," "," "," "," "," "," "," "," "," ",nfl.p.27494$nfl.g.2142294,James,Winchester,nfl.p.27494$nfl.g.2142294 - James Winchester,TE,KC,NE,KC@NE,4:25PM EST,10,0.0," "," "
" "," "," "," "," "," "," "," "," "," "," ",nfl.p.27532$nfl.g.2142294,Sammy,Watkins,nfl.p.27532$nfl.g.2142294 - Sammy Watkins,WR,KC,NE,KC@NE,4:25PM EST,13,10.2," "," "
" "," "," "," "," "," "," "," "," "," "," ",nfl.p.28115$nfl.g.2142294,Damien,Williams,nfl.p.28115$nfl.g.2142294 - Damien Williams,RB,KC,NE,KC@NE,4:25PM EST,15,8.9,O," "
" "," "," "," "," "," "," "," "," "," "," ",nfl.p.28505$nfl.g.2142294,Blake,Bell,nfl.p.28505$nfl.g.2142294 - Blake Bell,TE,KC,NE,KC@NE,4:25PM EST,10,0.3," "," "
" "," "," "," "," "," "," "," "," "," "," ",nfl.p.29360$nfl.g.2142294,Demarcus,Robinson,nfl.p.29360$nfl.g.2142294 - Demarcus Robinson,WR,KC,NE,KC@NE,4:25PM EST,10,6.3," "," "
" "," "," "," "," "," "," "," "," "," "," ",nfl.p.29399$nfl.g.2142294,Tyreek,Hill,nfl.p.29399$nfl.g.2142294 - Tyreek Hill,WR,KC,NE,KC@NE,4:25PM EST,31,13.8," "," "
" "," "," "," "," "," "," "," "," "," "," ",nfl.p.30123$nfl.g.2142294,Patrick,Mahomes,nfl.p.30123$nfl.g.2142294 - Patrick Mahomes,QB,KC,NE,KC@NE,4:25PM EST,35,21.6," "," "
" "," "," "," "," "," "," "," "," "," "," ",nfl.p.30679$nfl.g.2142294,Gehrig,Dieter,nfl.p.30679$nfl.g.2142294 - Gehrig Dieter,WR,KC,NE,KC@NE,4:25PM EST,10,0.0," "," "
" "," "," "," "," "," "," "," "," "," "," ",nfl.p.31496$nfl.g.2142294,Byron,Pringle,nfl.p.31496$nfl.g.2142294 - Byron Pringle,WR,KC,NE,KC@NE,4:25PM EST,10,3.0," "," "
" "," "," "," "," "," "," "," "," "," "," ",nfl.p.31500$nfl.g.2142294,Darrel,Williams,nfl.p.31500$nfl.g.2142294 - Darrel Williams,RB,KC,NE,KC@NE,4:25PM EST,12,6.7,IR," "
" "," "," "," "," "," "," "," "," "," "," ",nfl.p.31519$nfl.g.2142294,Deon,Yelder,nfl.p.31519$nfl.g.2142294 - Deon Yelder,TE,KC,NE,KC@NE,4:25PM EST,10,2.2," "," "
" "," "," "," "," "," "," "," "," "," "," ",nfl.p.31888$nfl.g.2142294,Mecole,Hardman,nfl.p.31888$nfl.g.2142294 - Mecole Hardman,WR,KC,NE,KC@NE,4:25PM EST,10,7.0," "," "
" "," "," "," "," "," "," "," "," "," "," ",nfl.p.32046$nfl.g.2142294,Darwin,Thompson,nfl.p.32046$nfl.g.2142294 - Darwin Thompson,RB,KC,NE,KC@NE,4:25PM EST,13,2.3," "," "
" "," "," "," "," "," "," "," "," "," "," ",nfl.p.32356$nfl.g.2142294,Felton,Davis,nfl.p.32356$nfl.g.2142294 - Felton Davis,WR,KC,NE,KC@NE,4:25PM EST,10,0.0,IR," "
" "," "," "," "," "," "," "," "," "," "," ",nfl.p.31283$nfl.g.2142294,David,Wells,nfl.p.31283$nfl.g.2142294 - David Wells,TE,KC,NE,KC@NE,4:25PM EST,10,0.0,IR," "
" "," "," "," "," "," "," "," "," "," "," ",nfl.p.5228$nfl.g.2142294,Tom,Brady,nfl.p.5228$nfl.g.2142294 - Tom Brady,QB,NE,KC,KC@NE,4:25PM EST,29,17.8," "," "
" "," "," "," "," "," "," "," "," "," "," ",nfl.p.6791$nfl.g.2142294,Ben,Watson,nfl.p.6791$nfl.g.2142294 - Ben Watson,TE,NE,KC,KC@NE,4:25PM EST,11,3.5," "," "
" "," "," "," "," "," "," "," "," "," "," ",nfl.p.8930$nfl.g.2142294,Matthew,Slater,nfl.p.8930$nfl.g.2142294 - Matthew Slater,WR,NE,KC,KC@NE,4:25PM EST,10,0.0," "," "
" "," "," "," "," "," "," "," "," "," "," ",nfl.p.9496$nfl.g.2142294,Julian,Edelman,nfl.p.9496$nfl.g.2142294 - Julian Edelman,WR,NE,KC,KC@NE,4:25PM EST,24,14.0,Q," "
" "," "," "," "," "," "," "," "," "," "," ",nfl.p.25793$nfl.g.2142294,Mohamed,Sanu,nfl.p.25793$nfl.g.2142294 - Mohamed Sanu,WR,NE,KC,KC@NE,4:25PM EST,15,7.4,Q," "
" "," "," "," "," "," "," "," "," "," "," ",nfl.p.26389$nfl.g.2142294,Brandon,Bolden,nfl.p.26389$nfl.g.2142294 - Brandon Bolden,RB,NE,KC,KC@NE,4:25PM EST,13,3.6," "," "
" "," "," "," "," "," "," "," "," "," "," ",nfl.p.26813$nfl.g.2142294,Rex,Burkhead,nfl.p.26813$nfl.g.2142294 - Rex Burkhead,RB,NE,KC,KC@NE,4:25PM EST,16,5.7," "," "
" "," "," "," "," "," "," "," "," "," "," ",nfl.p.27658$nfl.g.2142294,James,White,nfl.p.27658$nfl.g.2142294 - James White,RB,NE,KC,KC@NE,4:25PM EST,18,11.5," "," "
" "," "," "," "," "," "," "," "," "," "," ",nfl.p.28417$nfl.g.2142294,Phillip,Dorsett II,nfl.p.28417$nfl.g.2142294 - Phillip Dorsett II,WR,NE,KC,KC@NE,4:25PM EST,11,9.0," "," "
" "," "," "," "," "," "," "," "," "," "," ",nfl.p.28875$nfl.g.2142294,Matt,LaCosse,nfl.p.28875$nfl.g.2142294 - Matt LaCosse,TE,NE,KC,KC@NE,4:25PM EST,10,2.4," "," "
" "," "," "," "," "," "," "," "," "," "," ",nfl.p.29327$nfl.g.2142294,Cody,Kessler,nfl.p.29327$nfl.g.2142294 - Cody Kessler,QB,NE,KC,KC@NE,4:25PM EST,20,8.1," "," "
" "," "," "," "," "," "," "," "," "," "," ",nfl.p.31001$nfl.g.2142294,Sony,Michel,nfl.p.31001$nfl.g.2142294 - Sony Michel,RB,NE,KC,KC@NE,4:25PM EST,20,9.2," "," "
" "," "," "," "," "," "," "," "," "," "," ",nfl.p.31220$nfl.g.2142294,Ryan,Izzo,nfl.p.31220$nfl.g.2142294 - Ryan Izzo,TE,NE,KC,KC@NE,4:25PM EST,10,5.1," "," "
" "," "," "," "," "," "," "," "," "," "," ",nfl.p.31864$nfl.g.2142294,N'Keal,Harry,nfl.p.31864$nfl.g.2142294 - N'Keal Harry,WR,NE,KC,KC@NE,4:25PM EST,10,3.6," "," "
" "," "," "," "," "," "," "," "," "," "," ",nfl.p.31919$nfl.g.2142294,Damien,Harris,nfl.p.31919$nfl.g.2142294 - Damien Harris,RB,NE,KC,KC@NE,4:25PM EST,10,1.2," "," "
" "," "," "," "," "," "," "," "," "," "," ",nfl.p.31965$nfl.g.2142294,Jarrett,Stidham,nfl.p.31965$nfl.g.2142294 - Jarrett Stidham,QB,NE,KC,KC@NE,4:25PM EST,20,-0.2," "," "
" "," "," "," "," "," "," "," "," "," "," ",nfl.p.32231$nfl.g.2142294,Jakobi,Meyers,nfl.p.32231$nfl.g.2142294 - Jakobi Meyers,WR,NE,KC,KC@NE,4:25PM EST,10,4.5," "," "
" "," "," "," "," "," "," "," "," "," "," ",nfl.t.12$nfl.g.2142294,Kansas City,Chiefs,nfl.t.12$nfl.g.2142294 - Kansas City Chiefs,DEF,KC,NE,KC@NE,4:25PM EST,14,8.8," "," "
" "," "," "," "," "," "," "," "," "," "," ",nfl.t.17$nfl.g.2142294,New England,Patriots,nfl.t.17$nfl.g.2142294 - New England Patriots,DEF,NE,KC,KC@NE,4:25PM EST,18,16.5," "," "
" "," "," "," "," "," "," "," "," "," "," ",nfl.p.32364$nfl.g.2142294,John,Lovett,nfl.p.32364$nfl.g.2142294 - John Lovett,TE,KC,NE,KC@NE,4:25PM EST,10,0.0,IR," "
" "," "," "," "," "," "," "," "," "," "," ",nfl.p.30682$nfl.g.2142294,Marcus,Kemp,nfl.p.30682$nfl.g.2142294 - Marcus Kemp,WR,KC,NE,KC@NE,4:25PM EST,10,0.2,IR," "
" "," "," "," "," "," "," "," "," "," "," ",nfl.p.32612$nfl.g.2142294,Gunner,Olszewski,nfl.p.32612$nfl.g.2142294 - Gunner Olszewski,WR,NE,KC,KC@NE,4:25PM EST,10,0.6,IR," "
" "," "," "," "," "," "," "," "," "," "," ",nfl.p.31826$nfl.g.2142294,Jakob,Johnson,nfl.p.31826$nfl.g.2142294 - Jakob Johnson,RB,NE,KC,KC@NE,4:25PM EST,10,1.0,IR," "
" "," "," "," "," "," "," "," "," "," "," ",nfl.p.24760$nfl.g.2142294,James,Develin,nfl.p.24760$nfl.g.2142294 - James Develin,RB,NE,KC,KC@NE,4:25PM EST,10,0.3,IR," "
" "," "," "," "," "," "," "," "," "," "," ",nfl.p.26817$nfl.g.2142294,Spencer,Ware,nfl.p.26817$nfl.g.2142294 - Spencer Ware,RB,KC,NE,KC@NE,4:25PM EST,10,6.0," "," "
" "," "," "," "," "," "," "," "," "," "," ",nfl.p.24936$nfl.g.2142296,Dion,Lewis,nfl.p.24936$nfl.g.2142296 - Dion Lewis,RB,TEN,OAK,TEN@OAK,4:25PM EST,10,2.9," "," "
" "," "," "," "," "," "," "," "," "," "," ",nfl.p.25718$nfl.g.2142296,Ryan,Tannehill,nfl.p.25718$nfl.g.2142296 - Ryan Tannehill,QB,TEN,OAK,TEN@OAK,4:25PM EST,30,16.9," "," "
" "," "," "," "," "," "," "," "," "," "," ",nfl.p.26016$nfl.g.2142296,Beau,Brinkley,nfl.p.26016$nfl.g.2142296 - Beau Brinkley,TE,TEN,OAK,TEN@OAK,4:25PM EST,10,0.0," "," "
" "," "," "," "," "," "," "," "," "," "," ",nfl.p.28390$nfl.g.2142296,Marcus,Mariota,nfl.p.28390$nfl.g.2142296 - Marcus Mariota,QB,TEN,OAK,TEN@OAK,4:25PM EST,20,14.3," "," "
" "," "," "," "," "," "," "," "," "," "," ",nfl.p.28531$nfl.g.2142296,MyCole,Pruitt,nfl.p.28531$nfl.g.2142296 - MyCole Pruitt,TE,TEN,OAK,TEN@OAK,4:25PM EST,10,0.5," "," "
" "," "," "," "," "," "," "," "," "," "," ",nfl.p.29070$nfl.g.2142296,Adam,Humphries,nfl.p.29070$nfl.g.2142296 - Adam Humphries,WR,TEN,OAK,TEN@OAK,4:25PM EST,11,5.7,O," "
" "," "," "," "," "," "," "," "," "," "," ",nfl.p.29279$nfl.g.2142296,Derrick,Henry,nfl.p.29279$nfl.g.2142296 - Derrick Henry,RB,TEN,OAK,TEN@OAK,4:25PM EST,35,17.9," "," "
" "," "," "," "," "," "," "," "," "," "," ",nfl.p.29374$nfl.g.2142296,Tajae,Sharpe,nfl.p.29374$nfl.g.2142296 - Tajae Sharpe,WR,TEN,OAK,TEN@OAK,4:25PM EST,10,4.2,Q," "
" "," "," "," "," "," "," "," "," "," "," ",nfl.p.29631$nfl.g.2142296,Kalif,Raymond,nfl.p.29631$nfl.g.2142296 - Kalif Raymond,WR,TEN,OAK,TEN@OAK,4:25PM EST,10,4.1," "," "
" "," "," "," "," "," "," "," "," "," "," ",nfl.p.30118$nfl.g.2142296,Corey,Davis,nfl.p.30118$nfl.g.2142296 - Corey Davis,WR,TEN,OAK,TEN@OAK,4:25PM EST,13,6.4," "," "
" "," "," "," "," "," "," "," "," "," "," ",nfl.p.30213$nfl.g.2142296,Jonnu,Smith,nfl.p.30213$nfl.g.2142296 - Jonnu Smith,TE,TEN,OAK,TEN@OAK,4:25PM EST,12,4.4," "," "
" "," "," "," "," "," "," "," "," "," "," ",nfl.p.30571$nfl.g.2142296,Anthony,Firkser,nfl.p.30571$nfl.g.2142296 - Anthony Firkser,TE,TEN,OAK,TEN@OAK,4:25PM EST,13,4.5," "," "
" "," "," "," "," "," "," "," "," "," "," ",nfl.p.30660$nfl.g.2142296,Cody,Hollister,nfl.p.30660$nfl.g.2142296 - Cody Hollister,WR,TEN,OAK,TEN@OAK,4:25PM EST,10,2.3," "," "
" "," "," "," "," "," "," "," "," "," "," ",nfl.p.31883$nfl.g.2142296,A.J.,Brown,nfl.p.31883$nfl.g.2142296 - A.J. Brown,WR,TEN,OAK,TEN@OAK,4:25PM EST,17,8.6," "," "
" "," "," "," "," "," "," "," "," "," "," ",nfl.p.32140$nfl.g.2142296,Khari,Blasingame,nfl.p.32140$nfl.g.2142296 - Khari Blasingame,RB,TEN,OAK,TEN@OAK,4:25PM EST,10,0.0," "," "
" "," "," "," "," "," "," "," "," "," "," ",nfl.p.26416$nfl.g.2142296,Derek,Carrier,nfl.p.26416$nfl.g.2142296 - Derek Carrier,TE,OAK,TEN,TEN@OAK,4:25PM EST,10,3.1," "," "
" "," "," "," "," "," "," "," "," "," "," ",nfl.p.26696$nfl.g.2142296,Mike,Glennon,nfl.p.26696$nfl.g.2142296 - Mike Glennon,QB,OAK,TEN,TEN@OAK,4:25PM EST,20,2.1," "," "
" "," "," "," "," "," "," "," "," "," "," ",nfl.p.27564$nfl.g.2142296,Derek,Carr,nfl.p.27564$nfl.g.2142296 - Derek Carr,QB,OAK,TEN,TEN@OAK,4:25PM EST,24,14.6," "," "
" "," "," "," "," "," "," "," "," "," "," ",nfl.p.28592$nfl.g.2142296,Darren,Waller,nfl.p.28592$nfl.g.2142296 - Darren Waller,TE,OAK,TEN,TEN@OAK,4:25PM EST,19,11.0," "," "
" "," "," "," "," "," "," "," "," "," "," ",nfl.p.28691$nfl.g.2142296,Tyrell,Williams,nfl.p.28691$nfl.g.2142296 - Tyrell Williams,WR,OAK,TEN,TEN@OAK,4:25PM EST,17,9.5," "," "
" "," "," "," "," "," "," "," "," "," "," ",nfl.p.29377$nfl.g.2142296,DeAndre,Washington,nfl.p.29377$nfl.g.2142296 - DeAndre Washington,RB,OAK,TEN,TEN@OAK,4:25PM EST,10,3.9," "," "
" "," "," "," "," "," "," "," "," "," "," ",nfl.p.29397$nfl.g.2142296,Trevor,Davis,nfl.p.29397$nfl.g.2142296 - Trevor Davis,WR,MIA,OAK,TEN@OAK,4:25PM EST,10,2.2," "," "
" "," "," "," "," "," "," "," "," "," "," ",nfl.p.30000$nfl.g.2142296,Jalen,Richard,nfl.p.30000$nfl.g.2142296 - Jalen Richard,RB,OAK,TEN,TEN@OAK,4:25PM EST,10,3.6," "," "
" "," "," "," "," "," "," "," "," "," "," ",nfl.p.30150$nfl.g.2142296,Zay,Jones,nfl.p.30150$nfl.g.2142296 - Zay Jones,WR,OAK,TEN,TEN@OAK,4:25PM EST,10,2.7," "," "
" "," "," "," "," "," "," "," "," "," "," ",nfl.p.30165$nfl.g.2142296,DeShone,Kizer,nfl.p.30165$nfl.g.2142296 - DeShone Kizer,QB,OAK,TEN,TEN@OAK,4:25PM EST,20,2.5," "," "
" "," "," "," "," "," "," "," "," "," "," ",nfl.p.31198$nfl.g.2142296,Marcell,Ateman,nfl.p.31198$nfl.g.2142296 - Marcell Ateman,WR,OAK,TEN,TEN@OAK,4:25PM EST,10,2.7," "," "
" "," "," "," "," "," "," "," "," "," "," ",nfl.p.31856$nfl.g.2142296,Josh,Jacobs,nfl.p.31856$nfl.g.2142296 - Josh Jacobs,RB,OAK,TEN,TEN@OAK,4:25PM EST,26,14.1,Q," "
" "," "," "," "," "," "," "," "," "," "," ",nfl.p.31969$nfl.g.2142296,Foster,Moreau,nfl.p.31969$nfl.g.2142296 - Foster Moreau,TE,OAK,TEN,TEN@OAK,4:25PM EST,10,4.9," "," "
" "," "," "," "," "," "," "," "," "," "," ",nfl.p.31981$nfl.g.2142296,Hunter,Renfrow,nfl.p.31981$nfl.g.2142296 - Hunter Renfrow,WR,OAK,TEN,TEN@OAK,4:25PM EST,13,6.3,O," "
" "," "," "," "," "," "," "," "," "," "," ",nfl.p.32342$nfl.g.2142296,Keelan,Doss,nfl.p.32342$nfl.g.2142296 - Keelan Doss,WR,OAK,TEN,TEN@OAK,4:25PM EST,10,3.1," "," "
" "," "," "," "," "," "," "," "," "," "," ",nfl.p.32344$nfl.g.2142296,Alec,Ingold,nfl.p.32344$nfl.g.2142296 - Alec Ingold,RB,OAK,TEN,TEN@OAK,4:25PM EST,10,1.4," "," "
" "," "," "," "," "," "," "," "," "," "," ",nfl.p.28014$nfl.g.2142296,Isaiah,Crowell,nfl.p.28014$nfl.g.2142296 - Isaiah Crowell,RB,OAK,TEN,TEN@OAK,4:25PM EST,10,10.0,IR," "
" "," "," "," "," "," "," "," "," "," "," ",nfl.t.10$nfl.g.2142296,Tennessee,Titans,nfl.t.10$nfl.g.2142296 - Tennessee Titans,DEF,TEN,OAK,TEN@OAK,4:25PM EST,15,9.3," "," "
" "," "," "," "," "," "," "," "," "," "," ",nfl.t.13$nfl.g.2142296,Oakland,Raiders,nfl.t.13$nfl.g.2142296 - Oakland Raiders,DEF,OAK,TEN,TEN@OAK,4:25PM EST,10,5.2," "," "
" "," "," "," "," "," "," "," "," "," "," ",nfl.p.7924$nfl.g.2142296,Delanie,Walker,nfl.p.7924$nfl.g.2142296 - Delanie Walker,TE,TEN,OAK,TEN@OAK,4:25PM EST,10,7.3,IR," "
" "," "," "," "," "," "," "," "," "," "," ",nfl.p.27790$nfl.g.2142296,David,Fluellen,nfl.p.27790$nfl.g.2142296 - David Fluellen,RB,TEN,OAK,TEN@OAK,4:25PM EST,10,0.0,IR," "
" "," "," "," "," "," "," "," "," "," "," ",nfl.p.31623$nfl.g.2142296,Cameron,Batson,nfl.p.31623$nfl.g.2142296 - Cameron Batson,WR,TEN,OAK,TEN@OAK,4:25PM EST,10,1.5,IR," "
" "," "," "," "," "," "," "," "," "," "," ",nfl.p.24963$nfl.g.2142296,Dwayne,Harris,nfl.p.24963$nfl.g.2142296 - Dwayne Harris,WR,OAK,TEN,TEN@OAK,4:25PM EST,10,0.4,IR," "
" "," "," "," "," "," "," "," "," "," "," ",nfl.p.30284$nfl.g.2142296,Nathan,Peterman,nfl.p.30284$nfl.g.2142296 - Nathan Peterman,QB,OAK,TEN,TEN@OAK,4:25PM EST,20,4.9,IR," "
" "," "," "," "," "," "," "," "," "," "," ",nfl.p.31607$nfl.g.2142296,Rico,Gafford,nfl.p.31607$nfl.g.2142296 - Rico Gafford,WR,OAK,TEN,TEN@OAK,4:25PM EST,10,0.0," "," "
" "," "," "," "," "," "," "," "," "," "," ",nfl.p.25295$nfl.g.2142298,Nick,Bellore,nfl.p.25295$nfl.g.2142298 - Nick Bellore,RB,SEA,LAR,SEA@LAR,8:20PM EST,10,0.5,D," "
" "," "," "," "," "," "," "," "," "," "," ",nfl.p.25785$nfl.g.2142298,Russell,Wilson,nfl.p.25785$nfl.g.2142298 - Russell Wilson,QB,SEA,LAR,SEA@LAR,8:20PM EST,35,22.6," "," "
" "," "," "," "," "," "," "," "," "," "," ",nfl.p.26561$nfl.g.2142298,Josh,Gordon,nfl.p.26561$nfl.g.2142298 - Josh Gordon,WR,SEA,LAR,SEA@LAR,8:20PM EST,12,5.7," "," "
" "," "," "," "," "," "," "," "," "," "," ",nfl.p.26662$nfl.g.2142298,Geno,Smith,nfl.p.26662$nfl.g.2142298 - Geno Smith,QB,SEA,LAR,SEA@LAR,8:20PM EST,20,-2.2," "," "
" "," "," "," "," "," "," "," "," "," "," ",nfl.p.26781$nfl.g.2142298,Luke,Willson,nfl.p.26781$nfl.g.2142298 - Luke Willson,TE,SEA,LAR,SEA@LAR,8:20PM EST,10,2.0,D," "
" "," "," "," "," "," "," "," "," "," "," ",nfl.p.27074$nfl.g.2142298,Jaron,Brown,nfl.p.27074$nfl.g.2142298 - Jaron Brown,WR,SEA,LAR,SEA@LAR,8:20PM EST,10,5.5," "," "
" "," "," "," "," "," "," "," "," "," "," ",nfl.p.28221$nfl.g.2142298,Tyler,Ott,nfl.p.28221$nfl.g.2142298 - Tyler Ott,TE,SEA,LAR,SEA@LAR,8:20PM EST,10,0.0," "," "
" "," "," "," "," "," "," "," "," "," "," ",nfl.p.28457$nfl.g.2142298,Tyler,Lockett,nfl.p.28457$nfl.g.2142298 - Tyler Lockett,WR,SEA,LAR,SEA@LAR,8:20PM EST,27,12.5," "," "
" "," "," "," "," "," "," "," "," "," "," ",nfl.p.29324$nfl.g.2142298,C.J.,Prosise,nfl.p.29324$nfl.g.2142298 - C.J. Prosise,RB,SEA,LAR,SEA@LAR,8:20PM EST,10,3.8," "," "
" "," "," "," "," "," "," "," "," "," "," ",nfl.p.30339$nfl.g.2142298,David,Moore,nfl.p.30339$nfl.g.2142298 - David Moore,WR,SEA,LAR,SEA@LAR,8:20PM EST,10,4.3," "," "
" "," "," "," "," "," "," "," "," "," "," ",nfl.p.30362$nfl.g.2142298,Chris,Carson,nfl.p.30362$nfl.g.2142298 - Chris Carson,RB,SEA,LAR,SEA@LAR,8:20PM EST,23,14.2," "," "
" "," "," "," "," "," "," "," "," "," "," ",nfl.p.30661$nfl.g.2142298,Jacob,Hollister,nfl.p.30661$nfl.g.2142298 - Jacob Hollister,TE,SEA,LAR,SEA@LAR,8:20PM EST,16,8.5," "," "
" "," "," "," "," "," "," "," "," "," "," ",nfl.p.30763$nfl.g.2142298,Tyrone,Swoopes,nfl.p.30763$nfl.g.2142298 - Tyrone Swoopes,TE,SEA,LAR,SEA@LAR,8:20PM EST,10,2.8," "," "
" "," "," "," "," "," "," "," "," "," "," ",nfl.p.30997$nfl.g.2142298,Rashaad,Penny,nfl.p.30997$nfl.g.2142298 - Rashaad Penny,RB,SEA,LAR,SEA@LAR,8:20PM EST,16,8.6," "," "
" "," "," "," "," "," "," "," "," "," "," ",nfl.p.31777$nfl.g.2142298,Malik,Turner,nfl.p.31777$nfl.g.2142298 - Malik Turner,WR,SEA,LAR,SEA@LAR,8:20PM EST,10,3.7," "," "
" "," "," "," "," "," "," "," "," "," "," ",nfl.p.31896$nfl.g.2142298,DK,Metcalf,nfl.p.31896$nfl.g.2142298 - DK Metcalf,WR,SEA,LAR,SEA@LAR,8:20PM EST,17,10.0," "," "
" "," "," "," "," "," "," "," "," "," "," ",nfl.p.32036$nfl.g.2142298,Travis,Homer,nfl.p.32036$nfl.g.2142298 - Travis Homer,RB,SEA,LAR,SEA@LAR,8:20PM EST,10,1.0," "," "
" "," "," "," "," "," "," "," "," "," "," ",nfl.p.32068$nfl.g.2142298,John,Ursua,nfl.p.32068$nfl.g.2142298 - John Ursua,WR,SEA,LAR,SEA@LAR,8:20PM EST,10,0.0," "," "
" "," "," "," "," "," "," "," "," "," "," ",nfl.p.32339$nfl.g.2142298,Justin,Johnson,nfl.p.32339$nfl.g.2142298 - Justin Johnson,TE,SEA,LAR,SEA@LAR,8:20PM EST,10,0.0,IR," "
" "," "," "," "," "," "," "," "," "," "," ",nfl.p.32332$nfl.g.2142298,Adam,Choice,nfl.p.32332$nfl.g.2142298 - Adam Choice,RB,SEA,LAR,SEA@LAR,8:20PM EST,10,0.0,IR," "
" "," "," "," "," "," "," "," "," "," "," ",nfl.p.26664$nfl.g.2142298,Robert,Woods,nfl.p.26664$nfl.g.2142298 - Robert Woods,WR,LAR,SEA,SEA@LAR,8:20PM EST,18,11.7," "," "
" "," "," "," "," "," "," "," "," "," "," ",nfl.p.27531$nfl.g.2142298,Blake,Bortles,nfl.p.27531$nfl.g.2142298 - Blake Bortles,QB,LAR,SEA,SEA@LAR,8:20PM EST,20,-0.9," "," "
" "," "," "," "," "," "," "," "," "," "," ",nfl.p.27548$nfl.g.2142298,Brandin,Cooks,nfl.p.27548$nfl.g.2142298 - Brandin Cooks,WR,LAR,SEA,SEA@LAR,8:20PM EST,13,7.2," "," "
" "," "," "," "," "," "," "," "," "," "," ",nfl.p.28398$nfl.g.2142298,Todd,Gurley II,nfl.p.28398$nfl.g.2142298 - Todd Gurley II,RB,LAR,SEA,SEA@LAR,8:20PM EST,20,12.6," "," "
" "," "," "," "," "," "," "," "," "," "," ",nfl.p.28990$nfl.g.2142298,Malcolm,Brown,nfl.p.28990$nfl.g.2142298 - Malcolm Brown,RB,LAR,SEA,SEA@LAR,8:20PM EST,11,4.0," "," "
" "," "," "," "," "," "," "," "," "," "," ",nfl.p.29235$nfl.g.2142298,Jared,Goff,nfl.p.29235$nfl.g.2142298 - Jared Goff,QB,LAR,SEA,SEA@LAR,8:20PM EST,25,15.0," "," "
" "," "," "," "," "," "," "," "," "," "," ",nfl.p.29344$nfl.g.2142298,Tyler,Higbee,nfl.p.29344$nfl.g.2142298 - Tyler Higbee,TE,LAR,SEA,SEA@LAR,8:20PM EST,11,6.0," "," "
" "," "," "," "," "," "," "," "," "," "," ",nfl.p.29440$nfl.g.2142298,Mike,Thomas,nfl.p.29440$nfl.g.2142298 - Mike Thomas,WR,LAR,SEA,SEA@LAR,8:20PM EST,10,0.4," "," "
" "," "," "," "," "," "," "," "," "," "," ",nfl.p.30157$nfl.g.2142298,Gerald,Everett,nfl.p.30157$nfl.g.2142298 - Gerald Everett,TE,LAR,SEA,SEA@LAR,8:20PM EST,14,6.5,O," "
" "," "," "," "," "," "," "," "," "," "," ",nfl.p.30182$nfl.g.2142298,Cooper,Kupp,nfl.p.30182$nfl.g.2142298 - Cooper Kupp,WR,LAR,SEA,SEA@LAR,8:20PM EST,23,14.0," "," "
" "," "," "," "," "," "," "," "," "," "," ",nfl.p.30230$nfl.g.2142298,Josh,Reynolds,nfl.p.30230$nfl.g.2142298 - Josh Reynolds,WR,LAR,SEA,SEA@LAR,8:20PM EST,10,3.3," "," "
" "," "," "," "," "," "," "," "," "," "," ",nfl.p.30373$nfl.g.2142298,Johnny,Mundt,nfl.p.30373$nfl.g.2142298 - Johnny Mundt,TE,LAR,SEA,SEA@LAR,8:20PM EST,10,0.4," "," "
" "," "," "," "," "," "," "," "," "," "," ",nfl.p.30531$nfl.g.2142298,JoJo,Natson,nfl.p.30531$nfl.g.2142298 - JoJo Natson,WR,LAR,SEA,SEA@LAR,8:20PM EST,10,0.0,IR," "
" "," "," "," "," "," "," "," "," "," "," ",nfl.p.31902$nfl.g.2142298,Darrell,Henderson Jr.,nfl.p.31902$nfl.g.2142298 - Darrell Henderson Jr.,RB,LAR,SEA,SEA@LAR,8:20PM EST,10,3.3," "," "
" "," "," "," "," "," "," "," "," "," "," ",nfl.p.32137$nfl.g.2142298,Nsimba,Webster,nfl.p.32137$nfl.g.2142298 - Nsimba Webster,WR,LAR,SEA,SEA@LAR,8:20PM EST,10,0.0," "," "
" "," "," "," "," "," "," "," "," "," "," ",nfl.t.26$nfl.g.2142298,Seattle,Seahawks,nfl.t.26$nfl.g.2142298 - Seattle Seahawks,DEF,SEA,LAR,SEA@LAR,8:20PM EST,17,8.3," "," "
" "," "," "," "," "," "," "," "," "," "," ",nfl.t.14$nfl.g.2142298,Los Angeles,Rams,nfl.t.14$nfl.g.2142298 - Los Angeles Rams,DEF,LAR,SEA,SEA@LAR,8:20PM EST,17,9.7," "," "
" "," "," "," "," "," "," "," "," "," "," ",nfl.p.24045$nfl.g.2142298,Ed,Dickson,nfl.p.24045$nfl.g.2142298 - Ed Dickson,TE,SEA,LAR,SEA@LAR,8:20PM EST,10,4.5,IR," "
" "," "," "," "," "," "," "," "," "," "," ",nfl.p.31090$nfl.g.2142298,Will,Dissly,nfl.p.31090$nfl.g.2142298 - Will Dissly,TE,SEA,LAR,SEA@LAR,8:20PM EST,10,10.4,IR," "
" "," "," "," "," "," "," "," "," "," "," ",nfl.p.32125$nfl.g.2142298,Kendall,Blanton,nfl.p.32125$nfl.g.2142298 - Kendall Blanton,TE,LAR,SEA,SEA@LAR,8:20PM EST,10,0.0," "," "
