ID,First Name,Last Name,Position,Team,Opponent,Game,Time,Salary,FPPG,Injury Status,Starting
nfl.p.9037,Danny,Amendola,WR,DET,CHI,DET@CHI,1:00PM EST,13,8.4," "," "
nfl.p.9265,Matthew,Stafford,QB,DET,CHI,DET@CHI,1:00PM EST,32,21.4,O," "
nfl.p.25876,Marvin,Jones Jr.,WR,DET,CHI,DET@CHI,1:00PM EST,17,13.9," "," "
nfl.p.27648,Logan,Thomas,TE,DET,CHI,DET@CHI,1:00PM EST,10,1.9," "," "
nfl.p.28548,Jesse,James,TE,DET,CHI,DET@CHI,1:00PM EST,10,1.5," "," "
nfl.p.29441,Jeff,Driskel,QB,DET,CHI,DET@CHI,1:00PM EST,20,10.9," "," "
nfl.p.29650,J.D.,McKissic,RB,DET,CHI,DET@CHI,1:00PM EST,12,4.8," "," "
nfl.p.29700,Tra,Carson,RB,DET,CHI,DET@CHI,1:00PM EST,10,2.9," "," "
nfl.p.30023,Marvin,Hall,WR,DET,CHI,DET@CHI,1:00PM EST,10,5.9," "," "
nfl.p.30209,Kenny,Golladay,WR,DET,CHI,DET@CHI,1:00PM EST,24,15.2," "," "
nfl.p.31207,Nick,Bawden,RB,DET,CHI,DET@CHI,1:00PM EST,10,0.6," "," "
nfl.p.31840,T.J.,Hockenson,TE,DET,CHI,DET@CHI,1:00PM EST,11,6.6," "," "
nfl.p.32018,Ty,Johnson,RB,DET,CHI,DET@CHI,1:00PM EST,12,3.1," "," "
nfl.p.32272,David,Blough,QB,DET,CHI,DET@CHI,1:00PM EST,20,0.0," "," "
nfl.p.9678,Chase,Daniel,QB,CHI,DET,DET@CHI,1:00PM EST,22,13.8," "," "
nfl.p.25370,Patrick,Scales,TE,CHI,DET,DET@CHI,1:00PM EST,10,0.0," "," "
nfl.p.26652,Cordarrelle,Patterson,WR,CHI,DET,DET@CHI,1:00PM EST,10,2.7," "," "
nfl.p.27589,Allen,Robinson II,WR,CHI,DET,DET@CHI,1:00PM EST,20,11.8," "," "
nfl.p.27789,Trey,Burton,TE,CHI,DET,DET@CHI,1:00PM EST,10,2.2," "," "
nfl.p.28234,Taylor,Gabriel,WR,CHI,DET,DET@CHI,1:00PM EST,14,8.7," "," "
nfl.p.28514,Mike,Davis,RB,CHI,DET,DET@CHI,1:00PM EST,10,2.0," "," "
nfl.p.29666,J.P.,Holtz,TE,CHI,DET,DET@CHI,1:00PM EST,10,1.1," "," "
nfl.p.29913,Ben,Braunecker,TE,CHI,DET,DET@CHI,1:00PM EST,10,1.7," "," "
nfl.p.30115,Mitchell,Trubisky,QB,CHI,DET,DET@CHI,1:00PM EST,20,10.0," "," "
nfl.p.30158,Adam,Shaheen,TE,CHI,DET,DET@CHI,1:00PM EST,10,1.7,O," "
nfl.p.30232,Tarik,Cohen,RB,CHI,DET,DET@CHI,1:00PM EST,15,6.1," "," "
nfl.p.31021,Anthony,Miller,WR,CHI,DET,DET@CHI,1:00PM EST,10,3.4," "," "
nfl.p.31194,Javon,Wims,WR,CHI,DET,DET@CHI,1:00PM EST,10,3.2," "," "
nfl.p.31905,David,Montgomery,RB,CHI,DET,DET@CHI,1:00PM EST,20,11.4," "," "
nfl.p.31958,Riley,Ridley,WR,CHI,DET,DET@CHI,1:00PM EST,10,0.0,O," "
nfl.t.8,Detroit,Lions,DEF,DET,CHI,DET@CHI,1:00PM EST,13,6.0," "," "
nfl.t.3,Chicago,Bears,DEF,CHI,DET,DET@CHI,1:00PM EST,19,8.8," "," "
nfl.p.31013,Kerryon,Johnson,RB,DET,CHI,DET@CHI,1:00PM EST,10,10.6,IR," "
nfl.p.25991,Jermaine,Kearse,WR,DET,CHI,DET@CHI,1:00PM EST,10,4.7,IR," "
nfl.p.29383,Paul,Perkins,RB,DET,CHI,DET@CHI,1:00PM EST,10,1.0," "," "
nfl.p.26050,Bradley,Sowell,TE,CHI,DET,DET@CHI,1:00PM EST,10,3.4," "," "
nfl.p.24815,Mark,Ingram II,RB,BAL,CIN,BAL@CIN,1:00PM EST,25,14.8," "," "
nfl.p.25712,Robert,Griffin III,QB,BAL,CIN,BAL@CIN,1:00PM EST,20,7.1," "," "
nfl.p.28026,Willie,Snead IV,WR,BAL,CIN,BAL@CIN,1:00PM EST,13,5.6," "," "
nfl.p.28214,Seth,Roberts,WR,BAL,CIN,BAL@CIN,1:00PM EST,10,2.4," "," "
nfl.p.28559,Nick,Boyle,TE,BAL,CIN,BAL@CIN,1:00PM EST,10,4.0," "," "
nfl.p.29341,Chris,Moore,WR,BAL,CIN,BAL@CIN,1:00PM EST,10,0.9,O," "
nfl.p.30592,Patrick,Ricard,RB,BAL,CIN,BAL@CIN,1:00PM EST,10,2.0," "," "
nfl.p.30995,Hayden,Hurst,TE,BAL,CIN,BAL@CIN,1:00PM EST,10,3.7," "," "
nfl.p.31002,Lamar,Jackson,QB,BAL,CIN,BAL@CIN,1:00PM EST,40,26.2," "," "
nfl.p.31056,Mark,Andrews,TE,BAL,CIN,BAL@CIN,1:00PM EST,21,10.2," "," "
nfl.p.31102,Jaleel,Scott,WR,BAL,CIN,BAL@CIN,1:00PM EST,10,0.0,O," "
nfl.p.31424,Gus,Edwards,RB,BAL,CIN,BAL@CIN,1:00PM EST,13,4.6," "," "
nfl.p.31857,Marquise,Brown,WR,BAL,CIN,BAL@CIN,1:00PM EST,20,11.2," "," "
nfl.p.31925,Miles,Boykin,WR,BAL,CIN,BAL@CIN,1:00PM EST,10,4.2," "," "
nfl.p.31945,Justice,Hill,RB,BAL,CIN,BAL@CIN,1:00PM EST,10,1.5," "," "
nfl.p.32029,Trace,McSorley,QB,BAL,CIN,BAL@CIN,1:00PM EST,20,0.0,O," "
nfl.p.8497,Clark,Harris,TE,CIN,BAL,BAL@CIN,1:00PM EST,10,0.0," "," "
nfl.p.24791,A.J.,Green,WR,CIN,BAL,BAL@CIN,1:00PM EST,23,14.0,O," "
nfl.p.24822,Andy,Dalton,QB,CIN,BAL,BAL@CIN,1:00PM EST,20,17.0," "," "
nfl.p.26644,Tyler,Eifert,TE,CIN,BAL,BAL@CIN,1:00PM EST,10,4.6," "," "
nfl.p.26660,Giovani,Bernard,RB,CIN,BAL,BAL@CIN,1:00PM EST,10,3.7," "," "
nfl.p.28545,C.J.,Uzomah,TE,CIN,BAL,BAL@CIN,1:00PM EST,10,2.6," "," "
nfl.p.29288,Tyler,Boyd,WR,CIN,BAL,BAL@CIN,1:00PM EST,16,10.4," "," "
nfl.p.29703,Alex,Erickson,WR,CIN,BAL,BAL@CIN,1:00PM EST,12,5.8," "," "
nfl.p.30161,Joe,Mixon,RB,CIN,BAL,BAL@CIN,1:00PM EST,13,8.8," "," "
nfl.p.30577,Cethan,Carter,TE,CIN,BAL,BAL@CIN,1:00PM EST,10,0.0," "," "
nfl.p.31223,Auden,Tate,WR,CIN,BAL,BAL@CIN,1:00PM EST,15,8.1," "," "
nfl.p.31557,Devonte,Boyd,WR,CIN,BAL,BAL@CIN,1:00PM EST,10,0.0," "," "
nfl.p.31884,Drew,Sample,TE,CIN,BAL,BAL@CIN,1:00PM EST,10,1.6," "," "
nfl.p.31936,Ryan,Finley,QB,CIN,BAL,BAL@CIN,1:00PM EST,20,0.0," "," "
nfl.p.32014,Trayveon,Williams,RB,CIN,BAL,BAL@CIN,1:00PM EST,10,0.0," "," "
nfl.p.32464,Jake,Dolegala,QB,CIN,BAL,BAL@CIN,1:00PM EST,20,0.0,O," "
nfl.p.32469,Stanley,Morgan,WR,CIN,BAL,BAL@CIN,1:00PM EST,10,1.0," "," "
nfl.t.33,Baltimore,Ravens,DEF,BAL,CIN,BAL@CIN,1:00PM EST,13,7.1," "," "
nfl.t.4,Cincinnati,Bengals,DEF,CIN,BAL,BAL@CIN,1:00PM EST,10,2.9," "," "
nfl.p.32043,Rodney,Anderson,RB,CIN,BAL,BAL@CIN,1:00PM EST,10,0.0,IR," "
nfl.p.30122,John,Ross III,WR,CIN,BAL,BAL@CIN,1:00PM EST,10,14.2,IR," "
nfl.p.7241,Frank,Gore,RB,BUF,CLE,BUF@CLE,1:00PM EST,12,8.0," "," "
nfl.p.24063,Andre,Roberts,WR,BUF,CLE,BUF@CLE,1:00PM EST,10,0.3," "," "
nfl.p.24946,Lee,Smith,TE,BUF,CLE,BUF@CLE,1:00PM EST,10,1.6," "," "
nfl.p.25158,Patrick,DiMarco,RB,BUF,CLE,BUF@CLE,1:00PM EST,10,1.3," "," "
nfl.p.26060,Cole,Beasley,WR,BUF,CLE,BUF@CLE,1:00PM EST,14,8.9," "," "
nfl.p.26721,Matt,Barkley,QB,BUF,CLE,BUF@CLE,1:00PM EST,20,4.1," "," "
nfl.p.27619,John,Brown,WR,BUF,CLE,BUF@CLE,1:00PM EST,18,11.7," "," "
nfl.p.28223,Senorise,Perry,RB,BUF,CLE,BUF@CLE,1:00PM EST,10,0.0," "," "
nfl.p.28424,T.J.,Yeldon,RB,BUF,CLE,BUF@CLE,1:00PM EST,10,5.8,O," "
nfl.p.28473,Tyler,Kroft,TE,BUF,CLE,BUF@CLE,1:00PM EST,10,2.1," "," "
nfl.p.29973,Duke,Williams,WR,BUF,CLE,BUF@CLE,1:00PM EST,10,4.9,O," "
nfl.p.30285,Isaiah,McKenzie,WR,BUF,CLE,BUF@CLE,1:00PM EST,10,5.0," "," "
nfl.p.30977,Josh,Allen,QB,BUF,CLE,BUF@CLE,1:00PM EST,28,18.2," "," "
nfl.p.31601,Robert,Foster,WR,BUF,CLE,BUF@CLE,1:00PM EST,10,0.0," "," "
nfl.p.31906,Devin,Singletary,RB,BUF,CLE,BUF@CLE,1:00PM EST,19,12.2," "," "
nfl.p.31928,Dawson,Knox,TE,BUF,CLE,BUF@CLE,1:00PM EST,10,4.1," "," "
nfl.p.32060,Tommy,Sweeney,TE,BUF,CLE,BUF@CLE,1:00PM EST,10,1.3,O," "
nfl.p.27174,Demetrius,Harris,TE,CLE,BUF,BUF@CLE,1:00PM EST,10,3.0," "," "
nfl.p.27540,Odell,Beckham Jr.,WR,CLE,BUF,BUF@CLE,1:00PM EST,22,10.4," "," "
nfl.p.27591,Jarvis,Landry,WR,CLE,BUF,BUF@CLE,1:00PM EST,14,10.1," "," "
nfl.p.27742,Garrett,Gilbert,QB,CLE,BUF,BUF@CLE,1:00PM EST,20,0.0," "," "
nfl.p.29406,Rashard,Higgins,WR,CLE,BUF,BUF@CLE,1:00PM EST,10,2.1," "," "
nfl.p.30185,Taywan,Taylor,WR,CLE,BUF,BUF@CLE,1:00PM EST,10,0.0,O," "
nfl.p.30494,Ricky,Seals-Jones,TE,CLE,BUF,BUF@CLE,1:00PM EST,11,6.4,O," "
nfl.p.30627,Pharaoh,Brown,TE,CLE,BUF,BUF@CLE,1:00PM EST,10,0.9," "," "
nfl.p.30971,Baker,Mayfield,QB,CLE,BUF,BUF@CLE,1:00PM EST,23,13.5," "," "
nfl.p.31005,Nick,Chubb,RB,CLE,BUF,BUF@CLE,1:00PM EST,27,17.4," "," "
nfl.p.31075,Antonio,Callaway,WR,CLE,BUF,BUF@CLE,1:00PM EST,10,3.2,O," "
nfl.p.31148,Damion,Ratley,WR,CLE,BUF,BUF@CLE,1:00PM EST,10,2.9," "," "
nfl.p.31457,Dontrell,Hilliard,RB,CLE,BUF,BUF@CLE,1:00PM EST,10,4.5," "," "
nfl.p.31769,KhaDarel,Hodge,WR,CLE,BUF,BUF@CLE,1:00PM EST,10,0.3," "," "
nfl.p.32608,D'Ernest,Johnson,RB,CLE,BUF,BUF@CLE,1:00PM EST,10,3.0," "," "
nfl.t.2,Buffalo,Bills,DEF,BUF,CLE,BUF@CLE,1:00PM EST,18,8.0," "," "
nfl.t.5,Cleveland,Browns,DEF,CLE,BUF,BUF@CLE,1:00PM EST,13,6.1," "," "
nfl.p.30594,Jason,Croom,TE,BUF,CLE,BUF@CLE,1:00PM EST,10,3.5,IR," "
nfl.p.32283,D.J.,Montgomery,WR,CLE,BUF,BUF@CLE,1:00PM EST,10,0.0,IR," "
nfl.p.30142,David,Njoku,TE,CLE,BUF,BUF@CLE,1:00PM EST,10,5.8,IR," "
nfl.p.8297,Drew,Stanton,QB,CLE,BUF,BUF@CLE,1:00PM EST,20,0.0,IR," "
nfl.p.32273,Stephen,Carlson,TE,CLE,BUF,BUF@CLE,1:00PM EST,10,0.0," "," "
nfl.p.30199,Kareem,Hunt,RB,CLE,BUF,BUF@CLE,1:00PM EST,15,19.7," "," "
nfl.p.8285,Greg,Olsen,TE,CAR,GB,CAR@GB,4:25PM EST,13,7.3," "," "
nfl.p.24788,Cam,Newton,QB,CAR,GB,CAR@GB,4:25PM EST,25,8.8,IR," "
nfl.p.25828,Jarius,Wright,WR,CAR,GB,CAR@GB,4:25PM EST,10,2.7," "," "
nfl.p.28365,Chris,Manhertz,TE,CAR,GB,CAR@GB,4:25PM EST,10,4.1," "," "
nfl.p.28800,DeAndrew,White,WR,CAR,GB,CAR@GB,4:25PM EST,10,1.3," "," "
nfl.p.30121,Christian,McCaffrey,RB,CAR,GB,CAR@GB,4:25PM EST,41,28.2," "," "
nfl.p.30153,Curtis,Samuel,WR,CAR,GB,CAR@GB,4:25PM EST,15,10.5," "," "
nfl.p.30305,Alex,Armah,RB,CAR,GB,CAR@GB,4:25PM EST,10,2.1," "," "
nfl.p.30959,Brandon,Zylstra,WR,CAR,GB,CAR@GB,4:25PM EST,10,0.0," "," "
nfl.p.30994,DJ,Moore,WR,CAR,GB,CAR@GB,4:25PM EST,16,10.7," "," "
nfl.p.31071,Ian,Thomas,TE,CAR,GB,CAR@GB,4:25PM EST,10,0.0," "," "
nfl.p.31301,Kyle,Allen,QB,CAR,GB,CAR@GB,4:25PM EST,23,12.6," "," "
nfl.p.31302,Reggie,Bonnafon,RB,CAR,GB,CAR@GB,4:25PM EST,10,3.5," "," "
nfl.p.31932,Will,Grier,QB,CAR,GB,CAR@GB,4:25PM EST,20,0.0," "," "
nfl.p.31986,Jordan,Scarlett,RB,CAR,GB,CAR@GB,4:25PM EST,10,0.3," "," "
nfl.p.32523,Greg,Dortch,WR,CAR,GB,CAR@GB,4:25PM EST,10,0.0," "," "
nfl.p.7200,Aaron,Rodgers,QB,GB,CAR,CAR@GB,4:25PM EST,35,20.0," "," "
nfl.p.7777,Marcedes,Lewis,TE,GB,CAR,CAR@GB,4:25PM EST,10,2.6," "," "
nfl.p.24070,Jimmy,Graham,TE,GB,CAR,CAR@GB,4:25PM EST,16,6.2," "," "
nfl.p.27581,Davante,Adams,WR,GB,CAR,CAR@GB,4:25PM EST,28,11.6," "," "
nfl.p.27670,Ryan,Grant,WR,GB,CAR,CAR@GB,4:25PM EST,10,1.7," "," "
nfl.p.28974,Jake,Kumerow,WR,GB,CAR,CAR@GB,4:25PM EST,10,4.0," "," "
nfl.p.29431,Danny,Vitale,RB,GB,CAR,CAR@GB,4:25PM EST,10,1.6," "," "
nfl.p.29719,Geronimo,Allison,WR,GB,CAR,CAR@GB,4:25PM EST,11,5.1," "," "
nfl.p.30247,Jamaal,Williams,RB,GB,CAR,CAR@GB,4:25PM EST,17,11.0," "," "
nfl.p.30295,Aaron,Jones,RB,GB,CAR,CAR@GB,4:25PM EST,31,18.5," "," "
nfl.p.30777,Robert,Tonyan,TE,GB,CAR,CAR@GB,4:25PM EST,10,2.2,D," "
nfl.p.31144,Marquez,Valdes-Scantling,WR,GB,CAR,CAR@GB,4:25PM EST,12,7.3," "," "
nfl.p.31268,Allen,Lazard,WR,GB,CAR,CAR@GB,4:25PM EST,11,6.6," "," "
nfl.p.31431,Tim,Boyle,QB,GB,CAR,CAR@GB,4:25PM EST,20,-0.3," "," "
nfl.p.32026,Dexter,Williams,RB,GB,CAR,CAR@GB,4:25PM EST,10,0.2," "," "
nfl.t.29,Carolina,Panthers,DEF,CAR,GB,CAR@GB,4:25PM EST,18,10.8," "," "
nfl.t.9,Green Bay,Packers,DEF,GB,CAR,CAR@GB,4:25PM EST,15,6.7," "," "
nfl.p.31478,Marcus,Baugh,TE,CAR,GB,CAR@GB,4:25PM EST,10,0.0,IR," "
nfl.p.31907,Jace,Sternberger,TE,GB,CAR,CAR@GB,4:25PM EST,10,0.0," "," "
nfl.p.28583,Malcolm,Johnson,RB,GB,CAR,CAR@GB,4:25PM EST,10,0.0,IR," "
nfl.p.31177,Equanimeous,St. Brown,WR,GB,CAR,CAR@GB,4:25PM EST,10,4.0,IR," "
nfl.p.25178,Chris,Hogan,WR,CAR,GB,CAR@GB,4:25PM EST,10,1.0,IR," "
nfl.p.27618,Donte,Moncrief,WR,CAR,GB,CAR@GB,4:25PM EST,10,1.0," "," "
nfl.p.6849,Matt,Schaub,QB,ATL,NO,ATL@NO,1:00PM EST,23,14.0," "," "
nfl.p.8780,Matt,Ryan,QB,ATL,NO,ATL@NO,1:00PM EST,31,21.3," "," "
nfl.p.24793,Julio,Jones,WR,ATL,NO,ATL@NO,1:00PM EST,30,15.0," "," "
nfl.p.24891,Luke,Stocker,TE,ATL,NO,ATL@NO,1:00PM EST,10,0.9," "," "
nfl.p.26805,Kenjon,Barner,RB,ATL,NO,ATL@NO,1:00PM EST,10,0.2," "," "
nfl.p.27631,Devonta,Freeman,RB,ATL,NO,ATL@NO,1:00PM EST,13,11.5," "," "
nfl.p.28141,Keith,Smith,RB,ATL,NO,ATL@NO,1:00PM EST,10,0.1," "," "
nfl.p.28495,Justin,Hardy,WR,ATL,NO,ATL@NO,1:00PM EST,10,2.4," "," "
nfl.p.29315,Austin,Hooper,TE,ATL,NO,ATL@NO,1:00PM EST,25,14.6," "," "
nfl.p.30269,Brian,Hill,RB,ATL,NO,ATL@NO,1:00PM EST,10,6.2," "," "
nfl.p.30996,Calvin,Ridley,WR,ATL,NO,ATL@NO,1:00PM EST,21,10.9," "," "
nfl.p.31096,Ito,Smith,RB,ATL,NO,ATL@NO,1:00PM EST,10,4.4,IR," "
nfl.p.31164,Russell,Gage,WR,ATL,NO,ATL@NO,1:00PM EST,10,2.3," "," "
nfl.p.31749,Jaeden,Graham,TE,ATL,NO,ATL@NO,1:00PM EST,10,0.8," "," "
nfl.p.31984,Qadree,Ollison,RB,ATL,NO,ATL@NO,1:00PM EST,10,0.0," "," "
nfl.p.32123,Olamide,Zaccheaus,WR,ATL,NO,ATL@NO,1:00PM EST,10,0.0," "," "
nfl.p.5479,Drew,Brees,QB,NO,ATL,ATL@NO,1:00PM EST,34,16.1," "," "
nfl.p.8263,Ted,Ginn Jr.,WR,NO,ATL,ATL@NO,1:00PM EST,15,6.7," "," "
nfl.p.9353,Jared,Cook,TE,NO,ATL,ATL@NO,1:00PM EST,13,6.0," "," "
nfl.p.26804,Latavius,Murray,RB,NO,ATL,ATL@NO,1:00PM EST,19,11.6," "," "
nfl.p.26950,Josh,Hill,TE,NO,ATL,ATL@NO,1:00PM EST,10,4.2," "," "
nfl.p.27135,Zach,Line,RB,NO,ATL,ATL@NO,1:00PM EST,10,1.0," "," "
nfl.p.27560,Teddy,Bridgewater,QB,NO,ATL,ATL@NO,1:00PM EST,27,13.2," "," "
nfl.p.29281,Michael,Thomas,WR,NO,ATL,ATL@NO,1:00PM EST,37,18.4," "," "
nfl.p.29470,Dwayne,Washington,RB,NO,ATL,ATL@NO,1:00PM EST,10,1.6," "," "
nfl.p.30180,Alvin,Kamara,RB,NO,ATL,ATL@NO,1:00PM EST,30,15.7," "," "
nfl.p.30614,Taysom,Hill,QB,NO,ATL,ATL@NO,1:00PM EST,20,5.1," "," "
nfl.p.30656,Austin,Carr,WR,NO,ATL,ATL@NO,1:00PM EST,10,0.7,O," "
nfl.p.30891,Dan,Arnold,TE,NO,ATL,ATL@NO,1:00PM EST,10,1.8,O," "
nfl.p.31061,Tre'Quan,Smith,WR,NO,ATL,ATL@NO,1:00PM EST,13,8.0," "," "
nfl.p.32398,Deonte,Harris,WR,NO,ATL,ATL@NO,1:00PM EST,10,1.2," "," "
nfl.t.1,Atlanta,Falcons,DEF,ATL,NO,ATL@NO,1:00PM EST,10,1.1," "," "
nfl.t.18,New Orleans,Saints,DEF,NO,ATL,ATL@NO,1:00PM EST,19,9.0," "," "
nfl.p.31347,Christian,Blake,WR,ATL,NO,ATL@NO,1:00PM EST,10,0.0," "," "
nfl.p.31336,Kurt,Benkert,QB,ATL,NO,ATL@NO,1:00PM EST,20,0.0,IR," "
nfl.p.30888,Alex,Gray,TE,ATL,NO,ATL@NO,1:00PM EST,10,0.0,IR," "
nfl.p.30487,Krishawn,Hogan,WR,NO,ATL,ATL@NO,1:00PM EST,10,0.0," "," "
nfl.p.31517,Keith,Kirkwood,WR,NO,ATL,ATL@NO,1:00PM EST,10,5.9,IR," "
nfl.p.30024,Garrett,Griffin,TE,NO,ATL,ATL@NO,1:00PM EST,10,8.2,IR," "
nfl.p.6760,Eli,Manning,QB,NYG,NYJ,NYG@NYJ,1:00PM EST,20,13.5," "," "
nfl.p.24035,Golden,Tate,WR,NYG,NYJ,NYG@NYJ,1:00PM EST,19,10.9," "," "
nfl.p.25838,Rhett,Ellison,TE,NYG,NYJ,NYG@NYJ,1:00PM EST,10,2.9," "," "
nfl.p.26547,Alex,Tanney,QB,NYG,NYJ,NYG@NYJ,1:00PM EST,20,0.0,O," "
nfl.p.27584,Cody,Latimer,WR,NYG,NYJ,NYG@NYJ,1:00PM EST,10,3.8," "," "
nfl.p.27826,Bennie,Fowler III,WR,NYG,NYJ,NYG@NYJ,1:00PM EST,10,4.3," "," "
nfl.p.28513,Javorius,Allen,RB,NYG,NYJ,NYG@NYJ,1:00PM EST,10,5.9," "," "
nfl.p.29274,Sterling,Shepard,WR,NYG,NYJ,NYG@NYJ,1:00PM EST,19,12.9,O," "
nfl.p.29433,Cody,Core,WR,NYG,NYJ,NYG@NYJ,1:00PM EST,10,1.4," "," "
nfl.p.29906,Elijhaa,Penny,RB,NYG,NYJ,NYG@NYJ,1:00PM EST,10,1.0," "," "
nfl.p.30136,Evan,Engram,TE,NYG,NYJ,NYG@NYJ,1:00PM EST,19,10.9,O," "
nfl.p.30253,Wayne,Gallman Jr.,RB,NYG,NYJ,NYG@NYJ,1:00PM EST,12,5.9," "," "
nfl.p.30972,Saquon,Barkley,RB,NYG,NYJ,NYG@NYJ,1:00PM EST,37,15.8," "," "
nfl.p.31838,Daniel,Jones,QB,NYG,NYJ,NYG@NYJ,1:00PM EST,27,15.0," "," "
nfl.p.32003,Darius,Slayton,WR,NYG,NYJ,NYG@NYJ,1:00PM EST,15,7.7," "," "
nfl.p.32008,Kaden,Smith,TE,NYG,NYJ,NYG@NYJ,1:00PM EST,10,0.0," "," "
nfl.p.23997,Demaryius,Thomas,WR,NYJ,NYG,NYG@NYJ,1:00PM EST,14,5.4," "," "
nfl.p.24913,Bilal,Powell,RB,NYJ,NYG,NYG@NYJ,1:00PM EST,10,0.8," "," "
nfl.p.26108,Josh,Bellamy,WR,NYJ,NYG,NYG@NYJ,1:00PM EST,10,0.6,IR," "
nfl.p.26671,Le'Veon,Bell,RB,NYJ,NYG,NYG@NYJ,1:00PM EST,23,12.2," "," "
nfl.p.26824,Ryan,Griffin,TE,NYJ,NYG,NYG@NYJ,1:00PM EST,11,5.7," "," "
nfl.p.27711,David,Fales,QB,NYJ,NYG,NYG@NYJ,1:00PM EST,20,0.0," "," "
nfl.p.28482,Ty,Montgomery,RB,NYJ,NYG,NYG@NYJ,1:00PM EST,10,1.5," "," "
nfl.p.28493,Jamison,Crowder,WR,NYJ,NYG,NYG@NYJ,1:00PM EST,14,8.5," "," "
nfl.p.29102,Daniel,Brown,TE,NYJ,NYG,NYG@NYJ,1:00PM EST,10,0.0," "," "
nfl.p.29785,Robby,Anderson,WR,NYJ,NYG,NYG@NYJ,1:00PM EST,18,6.5," "," "
nfl.p.30973,Sam,Darnold,QB,NYJ,NYG,NYG@NYJ,1:00PM EST,24,12.0," "," "
nfl.p.31077,Chris,Herndon,TE,NYJ,NYG,NYG@NYJ,1:00PM EST,12,6.7," "," "
nfl.p.31174,Trenton,Cannon,RB,NYJ,NYG,NYG@NYJ,1:00PM EST,10,0.0,IR," "
nfl.p.31180,Braxton,Berrios,WR,NYJ,NYG,NYG@NYJ,1:00PM EST,10,0.4," "," "
nfl.p.31588,Vyncint,Smith,WR,NYJ,NYG,NYG@NYJ,1:00PM EST,10,2.9," "," "
nfl.p.31953,Trevon,Wesco,TE,NYJ,NYG,NYG@NYJ,1:00PM EST,10,0.0," "," "
nfl.t.19,New York,Giants,DEF,NYG,NYJ,NYG@NYJ,1:00PM EST,18,7.4," "," "
nfl.t.20,New York,Jets,DEF,NYJ,NYG,NYG@NYJ,1:00PM EST,14,6.8," "," "
nfl.p.30394,Amba,Etta-Tawo,WR,NYG,NYJ,NYG@NYJ,1:00PM EST,10,0.0,IR," "
nfl.p.27737,Quincy,Enunwa,WR,NYJ,NYG,NYG@NYJ,1:00PM EST,10,-1.9,IR," "
nfl.p.32486,Isaiah,Searight,TE,NYG,NYJ,NYG@NYJ,1:00PM EST,10,0.0,IR," "
nfl.p.27055,Russell,Shepard,WR,NYG,NYJ,NYG@NYJ,1:00PM EST,10,2.0,IR," "
nfl.p.29249,Corey,Coleman,WR,NYG,NYJ,NYG@NYJ,1:00PM EST,10,1.3,IR," "
nfl.p.28638,Trevor,Siemian,QB,NYJ,NYG,NYG@NYJ,1:00PM EST,20,0.1,IR," "
nfl.p.6762,Larry,Fitzgerald,WR,ARI,TB,ARI@TB,1:00PM EST,15,9.1," "," "
nfl.p.24961,Charles,Clay,TE,ARI,TB,ARI@TB,1:00PM EST,13,2.5," "," "
nfl.p.28443,Maxx,Williams,TE,ARI,TB,ARI@TB,1:00PM EST,10,2.9," "," "
nfl.p.28474,David,Johnson,RB,ARI,TB,ARI@TB,1:00PM EST,19,15.2," "," "
nfl.p.28535,Brett,Hundley,QB,ARI,TB,ARI@TB,1:00PM EST,20,0.0," "," "
nfl.p.28730,Damiere,Byrd,WR,ARI,TB,ARI@TB,1:00PM EST,10,4.4,O," "
nfl.p.29351,Pharoh,Cooper,WR,ARI,TB,ARI@TB,1:00PM EST,10,3.0," "," "
nfl.p.30523,Darrell,Daniels,TE,ARI,TB,ARI@TB,1:00PM EST,10,0.0," "," "
nfl.p.31017,Christian,Kirk,WR,ARI,TB,ARI@TB,1:00PM EST,16,9.4," "," "
nfl.p.31104,Chase,Edmonds,RB,ARI,TB,ARI@TB,1:00PM EST,13,9.5,O," "
nfl.p.31320,Trent,Sherfield,WR,ARI,TB,ARI@TB,1:00PM EST,10,1.2," "," "
nfl.p.31833,Kyler,Murray,QB,ARI,TB,ARI@TB,1:00PM EST,28,18.9," "," "
nfl.p.31894,Andy,Isabella,WR,ARI,TB,ARI@TB,1:00PM EST,10,2.7," "," "
nfl.p.32006,KeeSean,Johnson,WR,ARI,TB,ARI@TB,1:00PM EST,12,4.4," "," "
nfl.p.26949,Ryan,Griffin,QB,TB,ARI,ARI@TB,1:00PM EST,20,0.0," "," "
nfl.p.27535,Mike,Evans,WR,TB,ARI,ARI@TB,1:00PM EST,32,19.2," "," "
nfl.p.28267,Cameron,Brate,TE,TB,ARI,ARI@TB,1:00PM EST,13,4.9," "," "
nfl.p.28389,Jameis,Winston,QB,TB,ARI,ARI@TB,1:00PM EST,31,19.5," "," "
nfl.p.28414,Breshad,Perriman,WR,TB,ARI,ARI@TB,1:00PM EST,10,2.8," "," "
nfl.p.29560,Peyton,Barber,RB,TB,ARI,ARI@TB,1:00PM EST,12,6.6," "," "
nfl.p.30132,O.J.,Howard,TE,TB,ARI,ARI@TB,1:00PM EST,14,4.4," "," "
nfl.p.30197,Chris,Godwin,WR,TB,ARI,ARI@TB,1:00PM EST,29,17.8," "," "
nfl.p.30219,Amara,Darboh,WR,TB,ARI,ARI@TB,1:00PM EST,10,0.0," "," "
nfl.p.30292,T.J.,Logan,RB,TB,ARI,ARI@TB,1:00PM EST,10,0.1," "," "
nfl.p.30468,Antony,Auclair,TE,TB,ARI,ARI@TB,1:00PM EST,10,0.4,IR," "
nfl.p.30860,Dare,Ogunbowale,RB,TB,ARI,ARI@TB,1:00PM EST,10,4.4," "," "
nfl.p.31008,Ronald,Jones II,RB,TB,ARI,ARI@TB,1:00PM EST,15,9.1," "," "
nfl.p.31114,Justin,Watson,WR,TB,ARI,ARI@TB,1:00PM EST,10,1.8," "," "
nfl.p.31257,Tanner,Hudson,TE,TB,ARI,ARI@TB,1:00PM EST,10,0.8," "," "
nfl.p.32040,Scotty,Miller,WR,TB,ARI,ARI@TB,1:00PM EST,10,1.4," "," "
nfl.t.22,Arizona,Cardinals,DEF,ARI,TB,ARI@TB,1:00PM EST,13,3.3," "," "
nfl.t.27,Tampa Bay,Buccaneers,DEF,TB,ARI,ARI@TB,1:00PM EST,14,6.4," "," "
nfl.p.28887,Zach,Zenner,RB,ARI,TB,ARI@TB,1:00PM EST,10,0.9," "," "
nfl.p.31816,Bryant,Mitchell,WR,TB,ARI,ARI@TB,1:00PM EST,10,0.0,IR," "
nfl.p.29307,Kenyan,Drake,RB,ARI,TB,ARI@TB,1:00PM EST,17,10.0," "," "
nfl.p.24797,Blaine,Gabbert,QB,TB,ARI,ARI@TB,1:00PM EST,20,4.6,IR," "
nfl.p.31935,Hakeem,Butler,WR,ARI,TB,ARI@TB,1:00PM EST,10,0.0,IR," "
nfl.p.29872,D.J.,Foster,RB,ARI,TB,ARI@TB,1:00PM EST,10,0.0,IR," "
nfl.p.30263,Jordan,Leggett,TE,TB,ARI,ARI@TB,1:00PM EST,10,1.9,O," "
nfl.p.8544,Matt,Moore,QB,KC,TEN,KC@TEN,1:00PM EST,27,10.6," "," "
nfl.p.9317,LeSean,McCoy,RB,KC,TEN,KC@TEN,1:00PM EST,14,8.2,O," "
nfl.p.24923,Anthony,Sherman,RB,KC,TEN,KC@TEN,1:00PM EST,10,0.6," "," "
nfl.p.26686,Travis,Kelce,TE,KC,TEN,KC@TEN,1:00PM EST,24,11.5," "," "
nfl.p.27494,James,Winchester,TE,KC,TEN,KC@TEN,1:00PM EST,10,0.0," "," "
nfl.p.27532,Sammy,Watkins,WR,KC,TEN,KC@TEN,1:00PM EST,18,13.5," "," "
nfl.p.28115,Damien,Williams,RB,KC,TEN,KC@TEN,1:00PM EST,18,9.5," "," "
nfl.p.28505,Blake,Bell,TE,KC,TEN,KC@TEN,1:00PM EST,10,0.3," "," "
nfl.p.29360,Demarcus,Robinson,WR,KC,TEN,KC@TEN,1:00PM EST,11,6.9," "," "
nfl.p.29399,Tyreek,Hill,WR,KC,TEN,KC@TEN,1:00PM EST,32,15.0," "," "
nfl.p.30123,Patrick,Mahomes,QB,KC,TEN,KC@TEN,1:00PM EST,39,21.5," "," "
nfl.p.31496,Byron,Pringle,WR,KC,TEN,KC@TEN,1:00PM EST,10,4.3," "," "
nfl.p.31500,Darrel,Williams,RB,KC,TEN,KC@TEN,1:00PM EST,10,6.5," "," "
nfl.p.31519,Deon,Yelder,TE,KC,TEN,KC@TEN,1:00PM EST,10,5.3," "," "
nfl.p.31888,Mecole,Hardman,WR,KC,TEN,KC@TEN,1:00PM EST,14,7.6," "," "
nfl.p.32046,Darwin,Thompson,RB,KC,TEN,KC@TEN,1:00PM EST,10,0.5," "," "
nfl.p.7924,Delanie,Walker,TE,TEN,KC,KC@TEN,1:00PM EST,13,7.3,O," "
nfl.p.24936,Dion,Lewis,RB,TEN,KC,KC@TEN,1:00PM EST,10,2.8," "," "
nfl.p.25718,Ryan,Tannehill,QB,TEN,KC,KC@TEN,1:00PM EST,26,14.0," "," "
nfl.p.26016,Beau,Brinkley,TE,TEN,KC,KC@TEN,1:00PM EST,10,0.0," "," "
nfl.p.28390,Marcus,Mariota,QB,TEN,KC,KC@TEN,1:00PM EST,20,14.3," "," "
nfl.p.28531,MyCole,Pruitt,TE,TEN,KC,KC@TEN,1:00PM EST,10,0.0," "," "
nfl.p.28718,Rod,Smith,RB,TEN,KC,KC@TEN,1:00PM EST,10,0.0," "," "
nfl.p.29070,Adam,Humphries,WR,TEN,KC,KC@TEN,1:00PM EST,10,5.3," "," "
nfl.p.29279,Derrick,Henry,RB,TEN,KC,KC@TEN,1:00PM EST,23,14.7," "," "
nfl.p.29374,Tajae,Sharpe,WR,TEN,KC,KC@TEN,1:00PM EST,10,4.4," "," "
nfl.p.30118,Corey,Davis,WR,TEN,KC,KC@TEN,1:00PM EST,13,7.0,O," "
nfl.p.30213,Jonnu,Smith,TE,TEN,KC,KC@TEN,1:00PM EST,12,5.2," "," "
nfl.p.30571,Anthony,Firkser,TE,TEN,KC,KC@TEN,1:00PM EST,10,3.0," "," "
nfl.p.31883,A.J.,Brown,WR,TEN,KC,KC@TEN,1:00PM EST,13,8.2," "," "
nfl.t.12,Kansas City,Chiefs,DEF,KC,TEN,KC@TEN,1:00PM EST,17,7.6," "," "
nfl.t.10,Tennessee,Titans,DEF,TEN,KC,KC@TEN,1:00PM EST,14,8.3," "," "
nfl.p.8834,Chad,Henne,QB,KC,TEN,KC@TEN,1:00PM EST,20,1.5,O," "
nfl.p.32356,Felton,Davis,WR,KC,TEN,KC@TEN,1:00PM EST,10,0.0,IR," "
nfl.p.31283,David,Wells,TE,KC,TEN,KC@TEN,1:00PM EST,10,0.0,IR," "
nfl.p.31623,Cameron,Batson,WR,TEN,KC,KC@TEN,1:00PM EST,10,1.5,IR," "
nfl.p.29631,Kalif,Raymond,WR,TEN,KC,KC@TEN,1:00PM EST,10,1.4," "," "
nfl.p.32364,John,Lovett,TE,KC,TEN,KC@TEN,1:00PM EST,10,0.0,IR," "
nfl.p.30682,Marcus,Kemp,WR,KC,TEN,KC@TEN,1:00PM EST,10,0.2,IR," "
nfl.p.27790,David,Fluellen,RB,TEN,KC,KC@TEN,1:00PM EST,10,0.0,IR," "
nfl.p.7426,Ryan,Fitzpatrick,QB,MIA,IND,MIA@IND,4:05PM EST,21,11.7," "," "
nfl.p.27874,Allen,Hurns,WR,MIA,IND,MIA@IND,4:05PM EST,10,3.6," "," "
nfl.p.28046,Albert,Wilson,WR,MIA,IND,MIA@IND,4:05PM EST,12,3.4," "," "
nfl.p.28402,DeVante,Parker,WR,MIA,IND,MIA@IND,4:05PM EST,13,9.8," "," "
nfl.p.29420,Jakeem,Grant,WR,MIA,IND,MIA@IND,4:05PM EST,10,2.8," "," "
nfl.p.30980,Josh,Rosen,QB,MIA,IND,MIA@IND,4:05PM EST,20,4.6," "," "
nfl.p.31012,Mike,Gesicki,TE,MIA,IND,MIA@IND,4:05PM EST,11,5.0," "," "
nfl.p.31082,Mark,Walton,RB,MIA,IND,MIA@IND,4:05PM EST,12,4.9,SUSP," "
nfl.p.31093,Durham,Smythe,TE,MIA,IND,MIA@IND,4:05PM EST,10,0.6," "," "
nfl.p.31100,Kalen,Ballage,RB,MIA,IND,MIA@IND,4:05PM EST,10,3.1," "," "
nfl.p.32065,Chandler,Cox,RB,MIA,IND,MIA@IND,4:05PM EST,10,0.0," "," "
nfl.p.32066,Myles,Gaskin,RB,MIA,IND,MIA@IND,4:05PM EST,10,0.0," "," "
nfl.p.32439,Patrick,Laird,RB,MIA,IND,MIA@IND,4:05PM EST,10,0.0," "," "
nfl.p.32447,Preston,Williams,WR,MIA,IND,MIA@IND,4:05PM EST,12,9.4,IR," "
nfl.p.9547,Brian,Hoyer,QB,IND,MIA,MIA@IND,4:05PM EST,25,16.3," "," "
nfl.p.25802,T.Y.,Hilton,WR,IND,MIA,MIA@IND,4:05PM EST,25,13.7,O," "
nfl.p.27299,Jack,Doyle,TE,IND,MIA,MIA@IND,4:05PM EST,14,5.9," "," "
nfl.p.27538,Eric,Ebron,TE,IND,MIA,MIA@IND,4:05PM EST,15,6.5," "," "
nfl.p.29325,Jacoby,Brissett,QB,IND,MIA,MIA@IND,4:05PM EST,29,16.2,O," "
nfl.p.29390,Jonathan,Williams,RB,IND,MIA,MIA@IND,4:05PM EST,10,0.2," "," "
nfl.p.29609,Chester,Rogers,WR,IND,MIA,MIA@IND,4:05PM EST,12,4.1," "," "
nfl.p.30112,Mo,Alie-Cox,TE,IND,MIA,MIA@IND,4:05PM EST,10,1.5," "," "
nfl.p.30256,Marlon,Mack,RB,IND,MIA,MIA@IND,4:05PM EST,26,12.5," "," "
nfl.p.30502,Zach,Pascal,WR,IND,MIA,MIA@IND,4:05PM EST,17,8.4," "," "
nfl.p.31074,Nyheim,Hines,RB,IND,MIA,MIA@IND,4:05PM EST,13,4.4," "," "
nfl.p.31139,Jordan,Wilkins,RB,IND,MIA,MIA@IND,4:05PM EST,13,2.7," "," "
nfl.p.31155,Deon,Cain,WR,IND,MIA,MIA@IND,4:05PM EST,10,1.2," "," "
nfl.p.31891,Parris,Campbell,WR,IND,MIA,MIA@IND,4:05PM EST,10,4.4,O," "
nfl.p.32292,Ashton,Dulin,WR,IND,MIA,MIA@IND,4:05PM EST,10,0.0," "," "
nfl.t.15,Miami,Dolphins,DEF,MIA,IND,MIA@IND,4:05PM EST,10,2.0," "," "
nfl.t.11,Indianapolis,Colts,DEF,IND,MIA,MIA@IND,4:05PM EST,14,6.4," "," "
nfl.p.30756,Billy,Brown,TE,IND,MIA,MIA@IND,4:05PM EST,10,0.0,IR," "
nfl.p.29348,Ricardo,Louis,WR,MIA,IND,MIA@IND,4:05PM EST,10,0.0,IR," "
nfl.p.28429,Devin,Funchess,WR,IND,MIA,MIA@IND,4:05PM EST,10,4.7,IR," "
nfl.p.31129,Reece,Fountain,WR,IND,MIA,MIA@IND,4:05PM EST,10,0.0,IR," "
nfl.p.31369,Steve,Ishmael,WR,IND,MIA,MIA@IND,4:05PM EST,10,0.0,IR," "
nfl.p.28456,Clive,Walford,TE,MIA,IND,MIA@IND,4:05PM EST,10,0.0," "," "
nfl.p.26664,Robert,Woods,WR,LAR,PIT,LAR@PIT,4:25PM EST,17,9.9," "," "
nfl.p.27531,Blake,Bortles,QB,LAR,PIT,LAR@PIT,4:25PM EST,20,14.2," "," "
nfl.p.27548,Brandin,Cooks,WR,LAR,PIT,LAR@PIT,4:25PM EST,16,8.1,O," "
nfl.p.28398,Todd,Gurley II,RB,LAR,PIT,LAR@PIT,4:25PM EST,24,13.0," "," "
nfl.p.28990,Malcolm,Brown,RB,LAR,PIT,LAR@PIT,4:25PM EST,12,4.8," "," "
nfl.p.29235,Jared,Goff,QB,LAR,PIT,LAR@PIT,4:25PM EST,31,17.2," "," "
nfl.p.29344,Tyler,Higbee,TE,LAR,PIT,LAR@PIT,4:25PM EST,10,4.6," "," "
nfl.p.29440,Mike,Thomas,WR,LAR,PIT,LAR@PIT,4:25PM EST,10,0.0," "," "
nfl.p.30157,Gerald,Everett,TE,LAR,PIT,LAR@PIT,4:25PM EST,14,6.8," "," "
nfl.p.30182,Cooper,Kupp,WR,LAR,PIT,LAR@PIT,4:25PM EST,30,17.3," "," "
nfl.p.30230,Josh,Reynolds,WR,LAR,PIT,LAR@PIT,4:25PM EST,10,2.4," "," "
nfl.p.30373,Johnny,Mundt,TE,LAR,PIT,LAR@PIT,4:25PM EST,10,0.0," "," "
nfl.p.30531,JoJo,Natson,WR,LAR,PIT,LAR@PIT,4:25PM EST,10,0.0,Q," "
nfl.p.31145,John,Kelly,RB,LAR,PIT,LAR@PIT,4:25PM EST,10,0.9," "," "
nfl.p.31902,Darrell,Henderson Jr.,RB,LAR,PIT,LAR@PIT,4:25PM EST,10,4.4," "," "
nfl.p.26678,Vance,McDonald,TE,PIT,LAR,LAR@PIT,4:25PM EST,12,6.7," "," "
nfl.p.28068,Roosevelt,Nix,RB,PIT,LAR,LAR@PIT,4:25PM EST,10,0.7,O," "
nfl.p.29260,Paxton,Lynch,QB,PIT,LAR,LAR@PIT,4:25PM EST,20,0.0," "," "
nfl.p.29328,Nick,Vannett,TE,PIT,LAR,LAR@PIT,4:25PM EST,10,1.6," "," "
nfl.p.29958,Johnny,Holton,WR,PIT,LAR,LAR@PIT,4:25PM EST,10,0.2," "," "
nfl.p.30175,JuJu,Smith-Schuster,WR,PIT,LAR,LAR@PIT,4:25PM EST,23,9.8,Q," "
nfl.p.30218,James,Conner,RB,PIT,LAR,LAR@PIT,4:25PM EST,27,15.7,O," "
nfl.p.30246,Ryan,Switzer,WR,PIT,LAR,LAR@PIT,4:25PM EST,10,1.0," "," "
nfl.p.30850,Trey,Edmunds,RB,PIT,LAR,LAR@PIT,4:25PM EST,13,3.6," "," "
nfl.p.31030,James,Washington,WR,PIT,LAR,LAR@PIT,4:25PM EST,11,4.3," "," "
nfl.p.31046,Mason,Rudolph,QB,PIT,LAR,LAR@PIT,4:25PM EST,22,13.7," "," "
nfl.p.31135,Jaylen,Samuels,RB,PIT,LAR,LAR@PIT,4:25PM EST,20,7.8," "," "
nfl.p.31898,Diontae,Johnson,WR,PIT,LAR,LAR@PIT,4:25PM EST,14,7.5," "," "
nfl.p.31954,Benny,Snell Jr.,RB,PIT,LAR,LAR@PIT,4:25PM EST,12,2.7,O," "
nfl.p.31973,Zach,Gentry,TE,PIT,LAR,LAR@PIT,4:25PM EST,10,0.0," "," "
nfl.p.32581,Devlin,Hodges,QB,PIT,LAR,LAR@PIT,4:25PM EST,20,6.9," "," "
nfl.t.14,Los Angeles,Rams,DEF,LAR,PIT,LAR@PIT,4:25PM EST,17,8.9," "," "
nfl.t.23,Pittsburgh,Steelers,DEF,PIT,LAR,LAR@PIT,4:25PM EST,19,11.8," "," "
nfl.p.6770,Ben,Roethlisberger,QB,PIT,LAR,LAR@PIT,4:25PM EST,20,6.9,IR," "
nfl.p.32559,Tony,Brooks-James,RB,PIT,LAR,LAR@PIT,4:25PM EST,10,0.0," "," "
nfl.p.24830,Kyle,Rudolph,TE,MIN,DAL,MIN@DAL,8:20PM EST,10,4.3," "," "
nfl.p.25812,Kirk,Cousins,QB,MIN,DAL,MIN@DAL,8:20PM EST,28,17.3," "," "
nfl.p.27277,Adam,Thielen,WR,MIN,DAL,MIN@DAL,8:20PM EST,23,11.8,O," "
nfl.p.28442,Ameer,Abdullah,RB,MIN,DAL,MIN@DAL,8:20PM EST,10,1.8," "," "
nfl.p.28477,Sean,Mannion,QB,MIN,DAL,MIN@DAL,8:20PM EST,20,-0.2," "," "
nfl.p.28534,Stefon,Diggs,WR,MIN,DAL,MIN@DAL,8:20PM EST,25,12.3," "," "
nfl.p.29257,Laquon,Treadwell,WR,MIN,DAL,MIN@DAL,8:20PM EST,10,3.3," "," "
nfl.p.29951,C.J.,Ham,RB,MIN,DAL,MIN@DAL,8:20PM EST,10,2.3," "," "
nfl.p.30154,Dalvin,Cook,RB,MIN,DAL,MIN@DAL,8:20PM EST,35,21.3," "," "
nfl.p.31127,Tyler,Conklin,TE,MIN,DAL,MIN@DAL,8:20PM EST,10,0.0," "," "
nfl.p.31228,Mike,Boone,RB,MIN,DAL,MIN@DAL,8:20PM EST,10,0.9," "," "
nfl.p.31882,Irv,Smith Jr.,TE,MIN,DAL,MIN@DAL,8:20PM EST,12,4.3," "," "
nfl.p.31934,Alexander,Mattison,RB,MIN,DAL,MIN@DAL,8:20PM EST,15,4.5," "," "
nfl.p.32079,Olabisi,Johnson,WR,MIN,DAL,MIN@DAL,8:20PM EST,11,6.1," "," "
nfl.p.6405,Jason,Witten,TE,DAL,MIN,MIN@DAL,8:20PM EST,12,7.4," "," "
nfl.p.24851,Randall,Cobb,WR,DAL,MIN,MIN@DAL,8:20PM EST,12,6.4," "," "
nfl.p.26535,Jamize,Olawale,RB,DAL,MIN,MIN@DAL,8:20PM EST,10,0.0," "," "
nfl.p.26631,Tavon,Austin,WR,DAL,MIN,MIN@DAL,8:20PM EST,10,3.8," "," "
nfl.p.28392,Amari,Cooper,WR,DAL,MIN,MIN@DAL,8:20PM EST,29,15.9,Q," "
nfl.p.28425,Devin,Smith,WR,DAL,MIN,MIN@DAL,8:20PM EST,10,6.6," "," "
nfl.p.29238,Ezekiel,Elliott,RB,DAL,MIN,MIN@DAL,8:20PM EST,30,17.2," "," "
nfl.p.29369,Dak,Prescott,QB,DAL,MIN,MIN@DAL,8:20PM EST,35,22.8," "," "
nfl.p.30784,Blake,Jarwin,TE,DAL,MIN,MIN@DAL,8:20PM EST,10,5.7," "," "
nfl.p.30788,Cooper,Rush,QB,DAL,MIN,MIN@DAL,8:20PM EST,20,0.0," "," "
nfl.p.31051,Michael,Gallup,WR,DAL,MIN,MIN@DAL,8:20PM EST,21,12.0," "," "
nfl.p.31107,Dalton,Schultz,TE,DAL,MIN,MIN@DAL,8:20PM EST,10,1.1," "," "
nfl.p.31178,Cedrick,Wilson,WR,DAL,MIN,MIN@DAL,8:20PM EST,10,2.4," "," "
nfl.p.31960,Tony,Pollard,RB,DAL,MIN,MIN@DAL,8:20PM EST,11,5.0," "," "
nfl.p.32556,Ventell,Bryant,WR,DAL,MIN,MIN@DAL,8:20PM EST,10,0.0," "," "
nfl.t.16,Minnesota,Vikings,DEF,MIN,DAL,MIN@DAL,8:20PM EST,13,8.2," "," "
nfl.t.6,Dallas,Cowboys,DEF,DAL,MIN,MIN@DAL,8:20PM EST,12,8.5," "," "
nfl.p.32141,Davion,Davis,WR,MIN,DAL,MIN@DAL,8:20PM EST,10,0.0," "," "
nfl.p.32200,Jon'Vea,Johnson,WR,DAL,MIN,MIN@DAL,8:20PM EST,10,0.0,IR," "
nfl.p.31508,Chad,Beebe,WR,MIN,DAL,MIN@DAL,8:20PM EST,10,2.7,IR," "
nfl.p.29256,Josh,Doctson,WR,MIN,DAL,MIN@DAL,8:20PM EST,10,5.8,IR," "
nfl.p.30899,Lance,Lenoir Jr.,WR,DAL,MIN,MIN@DAL,8:20PM EST,10,0.0,IR," "
